Timestamp,User Count,Type,Name,Requests/s,Failures/s,50%,66%,75%,80%,90%,95%,98%,99%,99.9%,99.99%,100%,Total Request Count,Total Failure Count,Total Median Response Time,Total Average Response Time,Total Min Response Time,Total Max Response Time,Total Average Content Size
1786902841,0,,Aggregated,0.000000,0.000000,N/A,N/A,N/A,N/A,N/A,N/A,N/A,N/A,N/A,N/A,N/A,0,0,0,0.0,0,0,0
1786902842,4,GET,/compute,0.000000,0.000000,0,0,0,0,0,0,0,0,0,0,0,4,0,780,816.6090250160778,777.6996000320651,885.685299988836,162.0
1786902842,4,,Aggregated,0.000000,0.000000,0,0,0,0,0,0,0,0,0,0,0,4,0,780,816.6090250160778,777.6996000320651,885.685299988836,162.0
1786902843,12,GET,/compute,0.000000,0.000000,0,0,0,0,0,0,0,0,0,0,0,14,0,490,480.7601643011107,141.72130002407357,885.685299988836,162.0
1786902843,12,,Aggregated,0.000000,0.000000,490,530,780,780,820,890,890,890,890,890,890,14,0,490,480.7601643011107,141.72130002407357,885.685299988836,162.0
1786902844,16,GET,/compute,0.000000,0.000000,160,300,330,410,420,430,520,520,520,520,520,38,0,160,320.78205789960185,141.72130002407357,885.685299988836,162.0
1786902844,16,,Aggregated,0.000000,0.000000,210,410,430,490,780,820,890,890,890,890,890,38,0,160,320.78205789960185,141.72130002407357,885.685299988836,162.0
1786902845,20,GET,/compute,6.000000,0.000000,160,160,210,330,410,430,470,520,520,520,520,66,0,160,265.0004787922653,133.64809995982796,885.685299988836,162.0
1786902845,20,,Aggregated,6.000000,0.000000,160,210,370,410,510,780,820,890,890,890,890,66,0,160,265.0004787922653,133.64809995982796,885.685299988836,162.0
1786902846,20,GET,/compute,9.666667,0.000000,160,160,180,230,410,470,510,520,520,520,520,105,0,160,238.22324476315686,133.64809995982796,885.685299988836,162.0
1786902846,20,,Aggregated,9.666667,0.000000,160,170,230,370,490,520,780,820,890,890,890,105,0,160,238.22324476315686,133.64809995982796,885.685299988836,162.0
1786902847,20,GET,/compute,13.750000,0.000000,160,160,160,170,370,430,490,510,520,520,520,139,0,160,216.87616618716982,132.10610003443435,885.685299988836,162.0
1786902847,20,,Aggregated,13.750000,0.000000,160,160,170,210,450,510,780,820,890,890,890,139,0,160,216.87616618716982,132.10610003443435,885.685299988836,162.0
1786902848,20,GET,/compute,17.800000,0.000000,160,160,160,170,330,420,470,510,520,520,520,182,0,160,207.0006456041893,123.9338000304997,885.685299988836,162.0
1786902848,20,,Aggregated,17.800000,0.000000,160,160,170,200,410,490,780,820,890,890,890,182,0,160,207.0006456041893,123.9338000304997,885.685299988836,162.0
1786902849,20,GET,/compute,21.333333,0.000000,160,160,160,160,260,410,470,490,520,520,520,222,0,160,197.14604369322728,123.9338000304997,885.685299988836,162.0
1786902849,20,,Aggregated,21.333333,0.000000,160,160,160,170,370,470,530,780,890,890,890,222,0,160,197.14604369322728,123.9338000304997,885.685299988836,162.0
1786902850,20,GET,/compute,23.571429,0.000000,160,160,160,160,230,380,470,510,560,560,560,261,0,160,192.13918084144893,123.9338000304997,885.685299988836,162.0
1786902850,20,,Aggregated,23.571429,0.000000,160,160,160,170,320,470,530,780,890,890,890,261,0,160,192.13918084144893,123.9338000304997,885.685299988836,162.0
1786902851,20,GET,/compute,25.625000,0.000000,150,160,160,160,210,380,470,510,560,560,560,292,0,150,188.0385726008545,123.9338000304997,885.685299988836,162.0
1786902851,20,,Aggregated,25.625000,0.000000,150,160,160,160,260,450,530,780,890,890,890,292,0,150,188.0385726008545,123.9338000304997,885.685299988836,162.0
1786902852,20,GET,/compute,27.000000,0.000000,160,160,160,170,230,370,470,510,560,560,560,334,0,160,189.44135059732915,123.9338000304997,885.685299988836,162.0
1786902852,20,,Aggregated,27.000000,0.000000,160,160,160,170,230,370,470,510,560,560,560,334,0,160,189.44135059732915,123.9338000304997,885.685299988836,162.0
1786902853,20,GET,/compute,28.400000,0.000000,150,160,160,160,190,310,470,510,560,560,560,372,0,160,186.8556567193297,123.9338000304997,885.685299988836,162.0
1786902853,20,,Aggregated,28.400000,0.000000,150,160,160,160,190,310,470,510,560,560,560,372,0,160,186.8556567193297,123.9338000304997,885.685299988836,162.0
1786902854,20,GET,/compute,31.500000,0.000000,150,160,160,160,180,250,380,510,560,560,560,412,0,150,183.35275606687964,123.9338000304997,885.685299988836,162.0
1786902854,20,,Aggregated,31.500000,0.000000,150,160,160,160,180,250,380,510,560,560,560,412,0,150,183.35275606687964,123.9338000304997,885.685299988836,162.0
1786902855,20,GET,/compute,34.000000,0.000000,150,160,160,160,170,230,330,380,560,560,560,451,0,150,180.29100310324304,123.9338000304997,885.685299988836,162.0
1786902855,20,,Aggregated,34.000000,0.000000,150,160,160,160,170,230,330,380,560,560,560,451,0,150,180.29100310324304,123.9338000304997,885.685299988836,162.0
1786902856,20,GET,/compute,36.400000,0.000000,150,160,160,160,170,230,330,560,560,560,560,489,0,150,178.78435091910683,123.9338000304997,885.685299988836,162.0
1786902856,20,,Aggregated,36.400000,0.000000,150,160,160,160,170,230,330,560,560,560,560,489,0,150,178.78435091910683,123.9338000304997,885.685299988836,162.0
1786902857,20,GET,/compute,37.800000,0.000000,150,160,160,160,170,180,310,560,560,560,560,529,0,150,176.48435841135802,118.30660002306104,885.685299988836,162.0
1786902857,20,,Aggregated,37.800000,0.000000,150,160,160,160,170,180,310,560,560,560,560,529,0,150,176.48435841135802,118.30660002306104,885.685299988836,162.0
1786902858,20,GET,/compute,37.700000,0.000000,150,160,160,160,170,180,310,560,560,560,560,570,0,150,174.3445678942902,118.30660002306104,885.685299988836,162.0
1786902858,20,,Aggregated,37.700000,0.000000,150,160,160,160,170,180,310,560,560,560,560,570,0,150,174.3445678942902,118.30660002306104,885.685299988836,162.0
1786902859,20,GET,/compute,38.000000,0.000000,150,150,160,160,160,180,300,360,560,560,560,611,0,150,172.39240229087113,116.2631000042893,885.685299988836,162.0
1786902859,20,,Aggregated,38.000000,0.000000,150,150,160,160,160,180,300,360,560,560,560,611,0,150,172.39240229087113,116.2631000042893,885.685299988836,162.0
1786902860,20,GET,/compute,38.200000,0.000000,150,150,160,160,160,180,330,550,560,560,560,650,0,150,171.9883206151784,116.2631000042893,885.685299988836,162.0
1786902860,20,,Aggregated,38.200000,0.000000,150,150,160,160,160,180,330,550,560,560,560,650,0,150,171.9883206151784,116.2631000042893,885.685299988836,162.0
1786902861,20,GET,/compute,38.400000,0.000000,150,150,150,160,160,160,170,550,560,560,560,690,0,150,170.5333017386442,116.2631000042893,885.685299988836,162.0
1786902861,20,,Aggregated,38.400000,0.000000,150,150,150,160,160,160,170,550,560,560,560,690,0,150,170.5333017386442,116.2631000042893,885.685299988836,162.0
1786902862,20,GET,/compute,38.600000,0.000000,150,150,150,160,160,160,160,530,560,560,560,730,0,150,169.19842246530757,116.2631000042893,885.685299988836,162.0
1786902862,20,,Aggregated,38.600000,0.000000,150,150,150,160,160,160,160,530,560,560,560,730,0,150,169.19842246530757,116.2631000042893,885.685299988836,162.0
1786902863,20,GET,/compute,38.500000,0.000000,150,150,150,150,160,160,160,160,560,560,560,768,0,150,168.05100195248693,116.2631000042893,885.685299988836,162.0
1786902863,20,,Aggregated,38.500000,0.000000,150,150,150,150,160,160,160,160,560,560,560,768,0,150,168.05100195248693,116.2631000042893,885.685299988836,162.0
1786902864,20,GET,/compute,39.100000,0.000000,150,150,150,150,160,160,160,510,560,560,560,804,0,150,167.57011741245702,116.2631000042893,885.685299988836,162.0
1786902864,20,,Aggregated,39.100000,0.000000,150,150,150,150,160,160,160,510,560,560,560,804,0,150,167.57011741245702,116.2631000042893,885.685299988836,162.0
1786902865,20,GET,/compute,39.600000,0.000000,150,150,150,150,160,160,160,510,560,560,560,846,0,150,166.69402588630837,116.2631000042893,885.685299988836,162.0
1786902865,20,,Aggregated,39.600000,0.000000,150,150,150,150,160,160,160,510,560,560,560,846,0,150,166.69402588630837,116.2631000042893,885.685299988836,162.0
1786902866,20,GET,/compute,39.200000,0.000000,150,150,150,150,160,160,160,170,550,550,550,886,0,150,165.89728408544607,116.2631000042893,885.685299988836,162.0
1786902866,20,,Aggregated,39.200000,0.000000,150,150,150,150,160,160,160,170,550,550,550,886,0,150,165.89728408544607,116.2631000042893,885.685299988836,162.0
1786902867,20,GET,/compute,39.100000,0.000000,150,150,150,150,160,160,160,170,550,550,550,927,0,150,165.1471813374245,116.2631000042893,885.685299988836,162.0
1786902867,20,,Aggregated,39.100000,0.000000,150,150,150,150,160,160,160,170,550,550,550,927,0,150,165.1471813374245,116.2631000042893,885.685299988836,162.0
1786902868,20,GET,/compute,39.800000,0.000000,150,150,150,150,160,160,160,510,550,550,550,963,0,150,164.9820166144342,116.2631000042893,885.685299988836,162.0
1786902868,20,,Aggregated,39.800000,0.000000,150,150,150,150,160,160,160,510,550,550,550,963,0,150,164.9820166144342,116.2631000042893,885.685299988836,162.0
1786902869,20,GET,/compute,39.500000,0.000000,150,150,150,150,160,160,160,510,530,530,530,1001,0,150,164.75595104861418,116.2631000042893,885.685299988836,162.0
1786902869,20,,Aggregated,39.500000,0.000000,150,150,150,150,160,160,160,510,530,530,530,1001,0,150,164.75595104861418,116.2631000042893,885.685299988836,162.0
1786902870,20,GET,/compute,39.300000,0.000000,150,150,150,150,160,160,160,180,520,520,520,1042,0,150,164.14023416478594,116.2631000042893,885.685299988836,162.0
1786902870,20,,Aggregated,39.300000,0.000000,150,150,150,150,160,160,160,180,520,520,520,1042,0,150,164.14023416478594,116.2631000042893,885.685299988836,162.0
1786902871,20,GET,/compute,39.100000,0.000000,150,150,150,150,160,160,160,180,520,520,520,1080,0,150,163.5965474071714,116.2631000042893,885.685299988836,162.0
1786902871,20,,Aggregated,39.100000,0.000000,150,150,150,150,160,160,160,180,520,520,520,1080,0,150,163.5965474071714,116.2631000042893,885.685299988836,162.0
1786902872,20,GET,/compute,38.900000,0.000000,150,150,150,150,160,160,160,180,520,520,520,1118,0,150,163.01263810356383,116.2631000042893,885.685299988836,162.0
1786902872,20,,Aggregated,38.900000,0.000000,150,150,150,150,160,160,160,180,520,520,520,1118,0,150,163.01263810356383,116.2631000042893,885.685299988836,162.0
1786902873,20,GET,/compute,38.800000,0.000000,150,150,150,150,160,160,160,170,520,520,520,1160,0,150,162.46117655160748,116.2631000042893,885.685299988836,162.0
1786902873,20,,Aggregated,38.800000,0.000000,150,150,150,150,160,160,160,170,520,520,520,1160,0,150,162.46117655160748,116.2631000042893,885.685299988836,162.0
1786902874,20,GET,/compute,38.800000,0.000000,150,150,150,150,160,160,160,160,520,520,520,1199,0,150,162.04516755628072,116.2631000042893,885.685299988836,162.0
1786902874,20,,Aggregated,38.800000,0.000000,150,150,150,150,160,160,160,160,520,520,520,1199,0,150,162.04516755628072,116.2631000042893,885.685299988836,162.0
1786902875,20,GET,/compute,38.700000,0.000000,150,150,150,150,160,160,160,160,520,520,520,1239,0,150,161.57002324459035,116.2631000042893,885.685299988836,162.0
1786902875,20,,Aggregated,38.700000,0.000000,150,150,150,150,160,160,160,160,520,520,520,1239,0,150,161.57002324459035,116.2631000042893,885.685299988836,162.0
1786902876,20,GET,/compute,39.000000,0.000000,150,150,150,150,160,160,160,520,540,540,540,1278,0,150,161.7787233175796,116.2631000042893,885.685299988836,162.0
1786902876,20,,Aggregated,39.000000,0.000000,150,150,150,150,160,160,160,520,540,540,540,1278,0,150,161.7787233175796,116.2631000042893,885.685299988836,162.0
1786902877,20,GET,/compute,39.000000,0.000000,150,150,150,150,160,160,160,520,540,540,540,1313,0,150,161.69355277981757,116.2631000042893,885.685299988836,162.0
1786902877,20,,Aggregated,39.000000,0.000000,150,150,150,150,160,160,160,520,540,540,540,1313,0,150,161.69355277981757,116.2631000042893,885.685299988836,162.0
1786902878,20,GET,/compute,38.900000,0.000000,150,150,150,150,160,160,160,520,540,540,540,1355,0,150,161.55582988910493,116.2631000042893,885.685299988836,162.0
1786902878,20,,Aggregated,38.900000,0.000000,150,150,150,150,160,160,160,520,540,540,540,1355,0,150,161.55582988910493,116.2631000042893,885.685299988836,162.0
1786902879,20,GET,/compute,38.600000,0.000000,150,150,150,150,160,160,160,520,540,540,540,1396,0,150,161.1852465614154,116.2631000042893,885.685299988836,162.0
1786902879,20,,Aggregated,38.600000,0.000000,150,150,150,150,160,160,160,520,540,540,540,1396,0,150,161.1852465614154,116.2631000042893,885.685299988836,162.0
1786902880,20,GET,/compute,38.800000,0.000000,150,150,150,150,160,160,160,540,550,550,550,1437,0,150,161.17456102971067,116.2631000042893,885.685299988836,162.0
1786902880,20,,Aggregated,38.800000,0.000000,150,150,150,150,160,160,160,540,550,550,550,1437,0,150,161.17456102971067,116.2631000042893,885.685299988836,162.0
1786902881,20,GET,/compute,38.800000,0.000000,150,150,150,150,160,160,160,540,550,550,550,1471,0,150,160.85839945618613,116.2631000042893,885.685299988836,162.0
1786902881,20,,Aggregated,38.800000,0.000000,150,150,150,150,160,160,160,540,550,550,550,1471,0,150,160.85839945618613,116.2631000042893,885.685299988836,162.0
1786902882,20,GET,/compute,39.000000,0.000000,150,150,150,150,160,160,170,540,550,550,550,1513,0,150,160.74203291477178,116.2631000042893,885.685299988836,162.0
1786902882,20,,Aggregated,39.000000,0.000000,150,150,150,150,160,160,170,540,550,550,550,1513,0,150,160.74203291477178,116.2631000042893,885.685299988836,162.0
1786902883,20,GET,/compute,38.800000,0.000000,150,150,150,150,160,160,170,540,550,550,550,1553,0,150,160.3833437863607,116.2631000042893,885.685299988836,162.0
1786902883,20,,Aggregated,38.800000,0.000000,150,150,150,150,160,160,170,540,550,550,550,1553,0,150,160.3833437863607,116.2631000042893,885.685299988836,162.0
1786902884,20,GET,/compute,39.100000,0.000000,150,150,150,150,160,160,180,540,550,550,550,1594,0,150,160.26897001260022,116.2631000042893,885.685299988836,162.0
1786902884,20,,Aggregated,39.100000,0.000000,150,150,150,150,160,160,180,540,550,550,550,1594,0,150,160.26897001260022,116.2631000042893,885.685299988836,162.0
1786902885,20,GET,/compute,39.100000,0.000000,150,150,150,150,160,160,180,540,550,550,550,1633,0,150,159.9886026332883,116.2631000042893,885.685299988836,162.0
1786902885,20,,Aggregated,39.100000,0.000000,150,150,150,150,160,160,180,540,550,550,550,1633,0,150,159.9886026332883,116.2631000042893,885.685299988836,162.0
1786902886,20,GET,/compute,39.100000,0.000000,150,150,150,150,160,160,160,540,550,550,550,1671,0,150,159.65110329137937,116.2631000042893,885.685299988836,162.0
1786902886,20,,Aggregated,39.100000,0.000000,150,150,150,150,160,160,160,540,550,550,550,1671,0,150,159.65110329137937,116.2631000042893,885.685299988836,162.0
1786902887,20,GET,/compute,38.700000,0.000000,150,150,150,150,160,160,280,520,550,550,550,1707,0,150,160.4322017573953,116.2631000042893,885.685299988836,162.0
1786902887,20,,Aggregated,38.700000,0.000000,150,150,150,150,160,160,280,520,550,550,550,1707,0,150,160.4322017573953,116.2631000042893,885.685299988836,162.0
1786902888,20,GET,/compute,38.800000,0.000000,150,150,150,150,160,170,280,520,550,550,550,1748,0,150,160.22321979394178,116.2631000042893,885.685299988836,162.0
1786902888,20,,Aggregated,38.800000,0.000000,150,150,150,150,160,170,280,520,550,550,550,1748,0,150,160.22321979394178,116.2631000042893,885.685299988836,162.0
1786902889,20,GET,/compute,39.100000,0.000000,150,150,150,150,160,170,310,520,550,550,550,1787,0,150,160.16337655278295,116.2631000042893,885.685299988836,162.0
1786902889,20,,Aggregated,39.100000,0.000000,150,150,150,150,160,170,310,520,550,550,550,1787,0,150,160.16337655278295,116.2631000042893,885.685299988836,162.0
1786902890,20,GET,/compute,39.100000,0.000000,150,150,150,150,160,180,340,530,550,550,550,1825,0,150,160.31747978072204,116.2631000042893,885.685299988836,162.0
1786902890,20,,Aggregated,39.100000,0.000000,150,150,150,150,160,180,340,530,550,550,550,1825,0,150,160.31747978072204,116.2631000042893,885.685299988836,162.0
1786902891,20,GET,/compute,39.100000,0.000000,150,150,150,150,160,170,310,520,550,550,550,1865,0,150,160.07235469149884,116.2631000042893,885.685299988836,162.0
1786902891,20,,Aggregated,39.100000,0.000000,150,150,150,150,160,170,310,520,550,550,550,1865,0,150,160.07235469149884,116.2631000042893,885.685299988836,162.0
1786902892,20,GET,/compute,39.100000,0.000000,150,150,150,150,160,170,310,520,550,550,550,1903,0,150,159.85165570120054,116.2631000042893,885.685299988836,162.0
1786902892,20,,Aggregated,39.100000,0.000000,150,150,150,150,160,170,310,520,550,550,550,1903,0,150,159.85165570120054,116.2631000042893,885.685299988836,162.0
1786902893,20,GET,/compute,39.100000,0.000000,150,150,150,160,160,180,340,520,550,550,550,1945,0,150,159.79621280170258,116.2631000042893,885.685299988836,162.0
1786902893,20,,Aggregated,39.100000,0.000000,150,150,150,160,160,180,340,520,550,550,550,1945,0,150,159.79621280170258,116.2631000042893,885.685299988836,162.0
1786902894,20,GET,/compute,39.000000,0.000000,150,150,150,160,160,180,340,530,560,560,560,1986,0,150,159.84190327248655,116.2631000042893,885.685299988836,162.0
1786902894,20,,Aggregated,39.000000,0.000000,150,150,150,160,160,180,340,530,560,560,560,1986,0,150,159.84190327248655,116.2631000042893,885.685299988836,162.0
1786902895,20,GET,/compute,39.000000,0.000000,150,150,150,160,160,180,340,530,560,560,560,2025,0,150,159.60741041932417,116.2631000042893,885.685299988836,162.0
1786902895,20,,Aggregated,39.000000,0.000000,150,150,150,160,160,180,340,530,560,560,560,2025,0,150,159.60741041932417,116.2631000042893,885.685299988836,162.0
1786902896,20,GET,/compute,38.600000,0.000000,150,150,150,160,160,170,270,530,560,560,560,2065,0,150,159.61933292935603,116.2631000042893,885.685299988836,162.0
1786902896,20,,Aggregated,38.600000,0.000000,150,150,150,160,160,170,270,530,560,560,560,2065,0,150,159.61933292935603,116.2631000042893,885.685299988836,162.0
1786902897,20,GET,/compute,39.200000,0.000000,150,150,150,160,160,170,210,510,560,560,560,2106,0,150,159.3136462009404,116.2631000042893,885.685299988836,162.0
1786902897,20,,Aggregated,39.200000,0.000000,150,150,150,160,160,170,210,510,560,560,560,2106,0,150,159.3136462009404,116.2631000042893,885.685299988836,162.0
1786902898,20,GET,/compute,39.300000,0.000000,150,150,150,160,160,170,210,510,560,560,560,2144,0,150,159.06535624960827,116.2631000042893,885.685299988836,162.0
1786902898,20,,Aggregated,39.300000,0.000000,150,150,150,160,160,170,210,510,560,560,560,2144,0,150,159.06535624960827,116.2631000042893,885.685299988836,162.0
1786902899,20,GET,/compute,39.300000,0.000000,150,150,150,160,160,170,200,270,560,560,560,2175,0,150,158.91687291923205,116.2631000042893,885.685299988836,162.0
1786902899,20,,Aggregated,39.300000,0.000000,150,150,150,160,160,170,200,270,560,560,560,2175,0,150,158.91687291923205,116.2631000042893,885.685299988836,162.0
1786902900,20,GET,/compute,39.100000,0.000000,150,150,150,160,160,170,250,330,560,560,560,2217,0,150,159.21962318420418,116.2631000042893,885.685299988836,162.0
1786902900,20,,Aggregated,39.100000,0.000000,150,150,150,160,160,170,250,330,560,560,560,2217,0,150,159.21962318420418,116.2631000042893,885.685299988836,162.0
1786902901,20,GET,/compute,38.900000,0.000000,150,150,150,160,160,170,270,510,560,560,560,2258,0,150,159.19057852067354,116.2631000042893,885.685299988836,162.0
1786902901,20,,Aggregated,38.900000,0.000000,150,150,150,160,160,170,270,510,560,560,560,2258,0,150,159.19057852067354,116.2631000042893,885.685299988836,162.0
1786902902,20,GET,/compute,39.300000,0.000000,150,150,150,160,160,170,250,330,560,560,560,2296,0,150,158.9838285712024,116.2631000042893,885.685299988836,162.0
1786902902,20,,Aggregated,39.300000,0.000000,150,150,150,160,160,170,250,330,560,560,560,2296,0,150,158.9838285712024,116.2631000042893,885.685299988836,162.0
1786902903,20,GET,/compute,39.200000,0.000000,150,150,150,160,160,170,250,330,560,560,560,2335,0,150,158.80396929307796,116.2631000042893,885.685299988836,162.0
1786902903,20,,Aggregated,39.200000,0.000000,150,150,150,160,160,170,250,330,560,560,560,2335,0,150,158.80396929307796,116.2631000042893,885.685299988836,162.0
1786902904,20,GET,/compute,39.000000,0.000000,150,150,150,160,160,210,330,390,520,520,520,2372,0,150,159.34549683781438,116.2631000042893,885.685299988836,162.0
1786902904,20,,Aggregated,39.000000,0.000000,150,150,150,160,160,210,330,390,520,520,520,2372,0,150,159.34549683781438,116.2631000042893,885.685299988836,162.0
1786902905,20,GET,/compute,38.800000,0.000000,150,150,150,160,160,220,370,520,530,530,530,2409,0,150,159.4643061433081,116.2631000042893,885.685299988836,162.0
1786902905,20,,Aggregated,38.800000,0.000000,150,150,150,160,160,220,370,520,530,530,530,2409,0,150,159.4643061433081,116.2631000042893,885.685299988836,162.0
1786902906,20,GET,/compute,39.000000,0.000000,150,150,150,150,160,210,370,520,530,530,530,2450,0,150,159.26385710170322,116.2631000042893,885.685299988836,162.0
1786902906,20,,Aggregated,39.000000,0.000000,150,150,150,150,160,210,370,520,530,530,530,2450,0,150,159.26385710170322,116.2631000042893,885.685299988836,162.0
1786902907,20,GET,/compute,38.400000,0.000000,150,150,150,150,160,170,370,520,530,530,530,2492,0,150,159.03181613126847,116.2631000042893,885.685299988836,162.0
1786902907,20,,Aggregated,38.400000,0.000000,150,150,150,150,160,170,370,520,530,530,530,2492,0,150,159.03181613126847,116.2631000042893,885.685299988836,162.0
1786902908,20,GET,/compute,38.300000,0.000000,150,150,150,150,160,170,370,520,530,530,530,2532,0,150,158.83196054471915,116.2631000042893,885.685299988836,162.0
1786902908,20,,Aggregated,38.300000,0.000000,150,150,150,150,160,170,370,520,530,530,530,2532,0,150,158.83196054471915,116.2631000042893,885.685299988836,162.0
1786902909,20,GET,/compute,38.300000,0.000000,150,150,150,150,160,170,340,510,530,530,530,2570,0,150,158.80421073896653,116.2631000042893,885.685299988836,162.0
1786902909,20,,Aggregated,38.300000,0.000000,150,150,150,150,160,170,340,510,530,530,530,2570,0,150,158.80421073896653,116.2631000042893,885.685299988836,162.0
1786902910,20,GET,/compute,38.900000,0.000000,150,150,150,150,160,170,310,390,530,530,530,2611,0,150,158.64603159682022,116.2631000042893,885.685299988836,162.0
1786902910,20,,Aggregated,38.900000,0.000000,150,150,150,150,160,170,310,390,530,530,530,2611,0,150,158.64603159682022,116.2631000042893,885.685299988836,162.0
1786902911,20,GET,/compute,39.100000,0.000000,150,150,150,160,160,230,360,390,530,530,530,2649,0,150,159.07082457513144,116.2631000042893,885.685299988836,162.0
1786902911,20,,Aggregated,39.100000,0.000000,150,150,150,160,160,230,360,390,530,530,530,2649,0,150,159.07082457513144,116.2631000042893,885.685299988836,162.0
1786902912,20,GET,/compute,38.400000,0.000000,150,150,160,160,180,240,360,390,530,530,530,2686,0,150,159.26828901698656,116.2631000042893,885.685299988836,162.0
1786902912,20,,Aggregated,38.400000,0.000000,150,150,160,160,180,240,360,390,530,530,530,2686,0,150,159.26828901698656,116.2631000042893,885.685299988836,162.0
1786902913,20,GET,/compute,38.800000,0.000000,150,150,160,160,180,240,340,370,530,530,530,2724,0,150,159.19457742279886,116.2631000042893,885.685299988836,162.0
1786902913,20,,Aggregated,38.800000,0.000000,150,150,160,160,180,240,340,370,530,530,530,2724,0,150,159.19457742279886,116.2631000042893,885.685299988836,162.0
1786902914,20,GET,/compute,38.800000,0.000000,150,150,160,160,190,240,290,370,600,600,600,2762,0,150,159.48764482248123,116.2631000042893,885.685299988836,162.0
1786902914,20,,Aggregated,38.800000,0.000000,150,150,160,160,190,240,290,370,600,600,600,2762,0,150,159.48764482248123,116.2631000042893,885.685299988836,162.0
1786902915,20,GET,/compute,38.600000,0.000000,150,150,160,160,190,240,270,360,600,600,600,2800,0,150,159.5097523570543,116.2631000042893,885.685299988836,162.0
1786902915,20,,Aggregated,38.600000,0.000000,150,150,160,160,190,240,270,360,600,600,600,2800,0,150,159.5097523570543,116.2631000042893,885.685299988836,162.0
1786902916,20,GET,/compute,38.400000,0.000000,150,150,160,160,190,240,290,370,600,600,600,2839,0,150,159.53753099676914,116.2631000042893,885.685299988836,162.0
1786902916,20,,Aggregated,38.400000,0.000000,150,150,160,160,190,240,290,370,600,600,600,2839,0,150,159.53753099676914,116.2631000042893,885.685299988836,162.0
1786902917,20,GET,/compute,38.900000,0.000000,150,160,160,160,190,240,290,370,600,600,600,2877,0,150,159.4266605142918,116.2631000042893,885.685299988836,162.0
1786902917,20,,Aggregated,38.900000,0.000000,150,160,160,160,190,240,290,370,600,600,600,2877,0,150,159.4266605142918,116.2631000042893,885.685299988836,162.0
1786902918,20,GET,/compute,38.500000,0.000000,150,160,160,160,190,240,290,370,600,600,600,2922,0,150,159.23466057482213,116.2631000042893,885.685299988836,162.0
1786902918,20,,Aggregated,38.500000,0.000000,150,160,160,160,190,240,290,370,600,600,600,2922,0,150,159.23466057482213,116.2631000042893,885.685299988836,162.0
1786902919,20,GET,/compute,38.600000,0.000000,150,150,160,160,180,240,290,370,600,600,600,2962,0,150,159.09206009437148,116.2631000042893,885.685299988836,162.0
1786902919,20,,Aggregated,38.600000,0.000000,150,150,160,160,180,240,290,370,600,600,600,2962,0,150,159.09206009437148,116.2631000042893,885.685299988836,162.0
1786902920,20,GET,/compute,38.300000,0.000000,150,150,160,160,190,240,320,370,600,600,600,2997,0,150,159.09163343330067,116.2631000042893,885.685299988836,162.0
1786902920,20,,Aggregated,38.300000,0.000000,150,150,160,160,190,240,320,370,600,600,600,2997,0,150,159.09163343330067,116.2631000042893,885.685299988836,162.0
1786902921,20,GET,/compute,38.400000,0.000000,150,150,160,160,170,220,260,320,600,600,600,3034,0,150,158.99374762679457,116.2631000042893,885.685299988836,162.0
1786902921,20,,Aggregated,38.500000,0.000000,150,150,160,160,170,220,260,320,600,600,600,3034,0,150,158.99374762679457,116.2631000042893,885.685299988836,162.0
1786902922,20,GET,/compute,38.700000,0.000000,150,150,160,160,170,180,260,320,600,600,600,3078,0,150,158.79966124099568,116.2631000042893,885.685299988836,162.0
1786902922,20,,Aggregated,38.700000,0.000000,150,150,160,160,170,180,260,320,600,600,600,3078,0,150,158.79966124099568,116.2631000042893,885.685299988836,162.0
1786902923,20,GET,/compute,38.400000,0.000000,150,150,160,160,170,200,270,320,600,600,600,3114,0,150,158.89783240195652,116.2631000042893,885.685299988836,162.0
1786902923,20,,Aggregated,38.400000,0.000000,150,150,160,160,170,200,270,320,600,600,600,3114,0,150,158.89783240195652,116.2631000042893,885.685299988836,162.0
1786902924,20,GET,/compute,38.200000,0.000000,150,150,160,160,160,170,230,320,560,560,560,3156,0,150,158.8986205956546,116.2631000042893,885.685299988836,162.0
1786902924,20,,Aggregated,38.200000,0.000000,150,150,160,160,160,170,230,320,560,560,560,3156,0,150,158.8986205956546,116.2631000042893,885.685299988836,162.0
1786902926,20,GET,/compute,39.000000,0.000000,150,150,160,160,160,170,230,270,550,550,550,3193,0,150,158.7344839335816,116.2631000042893,885.685299988836,162.0
1786902926,20,,Aggregated,39.000000,0.000000,150,150,160,160,160,170,230,270,550,550,550,3193,0,150,158.7344839335816,116.2631000042893,885.685299988836,162.0
1786902927,20,GET,/compute,39.000000,0.000000,150,150,150,160,160,170,230,270,550,550,550,3237,0,150,158.5677144887318,116.2631000042893,885.685299988836,162.0
1786902927,20,,Aggregated,39.000000,0.000000,150,150,150,160,160,170,230,270,550,550,550,3237,0,150,158.5677144887318,116.2631000042893,885.685299988836,162.0
1786902928,20,GET,/compute,39.100000,0.000000,150,150,150,160,160,170,230,270,550,550,550,3277,0,150,158.45001354900754,116.2631000042893,885.685299988836,162.0
1786902928,20,,Aggregated,39.100000,0.000000,150,150,150,160,160,170,230,270,550,550,550,3277,0,150,158.45001354900754,116.2631000042893,885.685299988836,162.0
1786902929,20,GET,/compute,38.900000,0.000000,150,150,150,160,160,170,230,270,550,550,550,3317,0,150,158.27917536932756,116.2631000042893,885.685299988836,162.0
1786902929,20,,Aggregated,38.900000,0.000000,150,150,150,160,160,170,230,270,550,550,550,3317,0,150,158.27917536932756,116.2631000042893,885.685299988836,162.0
1786902930,20,GET,/compute,38.900000,0.000000,150,150,150,150,160,170,190,250,550,550,550,3356,0,150,158.14905569132645,116.2631000042893,885.685299988836,162.0
1786902930,20,,Aggregated,38.900000,0.000000,150,150,150,150,160,170,190,250,550,550,550,3356,0,150,158.14905569132645,116.2631000042893,885.685299988836,162.0
1786902931,20,GET,/compute,39.200000,0.000000,150,150,150,160,160,190,310,530,550,550,550,3391,0,150,158.81768584496731,116.2631000042893,885.685299988836,162.0
1786902931,20,,Aggregated,39.100000,0.000000,150,150,150,160,160,190,310,530,550,550,550,3391,0,150,158.81768584496731,116.2631000042893,885.685299988836,162.0
1786902932,20,GET,/compute,39.200000,0.000000,150,150,150,160,160,200,360,530,550,550,550,3431,0,150,158.79844919854682,116.2631000042893,885.685299988836,162.0
1786902932,20,,Aggregated,39.100000,0.000000,150,150,150,160,160,200,360,530,550,550,550,3431,0,150,158.79844919854682,116.2631000042893,885.685299988836,162.0
1786902933,20,GET,/compute,39.000000,0.000000,150,150,150,160,160,160,360,530,550,550,550,3470,0,150,158.68842170031283,116.2631000042893,885.685299988836,162.0
1786902933,20,,Aggregated,39.000000,0.000000,150,150,150,160,160,160,360,530,550,550,550,3470,0,150,158.68842170031283,116.2631000042893,885.685299988836,162.0
1786902934,20,GET,/compute,39.600000,0.000000,150,150,150,150,160,160,310,530,540,540,540,3509,0,150,158.57322257049353,116.2631000042893,885.685299988836,162.0
1786902934,20,,Aggregated,39.600000,0.000000,150,150,150,150,160,160,310,530,540,540,540,3509,0,150,158.57322257049353,116.2631000042893,885.685299988836,162.0
1786902935,20,GET,/compute,38.700000,0.000000,150,150,150,160,160,280,390,530,540,540,540,3546,0,150,159.12714915401492,116.2631000042893,885.685299988836,162.0
1786902935,20,,Aggregated,38.700000,0.000000,150,150,150,160,160,280,390,530,540,540,540,3546,0,150,159.12714915401492,116.2631000042893,885.685299988836,162.0
1786902936,20,GET,/compute,39.200000,0.000000,150,150,150,160,160,280,390,530,540,540,540,3586,0,150,159.0424028722719,116.2631000042893,885.685299988836,162.0
1786902936,20,,Aggregated,39.200000,0.000000,150,150,150,160,160,280,390,530,540,540,540,3586,0,150,159.0424028722719,116.2631000042893,885.685299988836,162.0
1786902937,20,GET,/compute,38.700000,0.000000,150,150,160,160,190,280,390,530,540,540,540,3629,0,150,159.0969642326019,116.2631000042893,885.685299988836,162.0
1786902937,20,,Aggregated,38.700000,0.000000,150,150,160,160,190,280,390,530,540,540,540,3629,0,150,159.0969642326019,116.2631000042893,885.685299988836,162.0
1786902938,20,GET,/compute,38.900000,0.000000,150,150,160,160,190,280,390,530,540,540,540,3667,0,150,159.02967859285735,116.2631000042893,885.685299988836,162.0
1786902938,20,,Aggregated,38.900000,0.000000,150,150,160,160,190,280,390,530,540,540,540,3667,0,150,159.02967859285735,116.2631000042893,885.685299988836,162.0
1786902939,20,GET,/compute,38.900000,0.000000,150,150,160,160,190,280,420,530,540,540,540,3705,0,150,158.90225948716858,116.2631000042893,885.685299988836,162.0
1786902939,20,,Aggregated,38.900000,0.000000,150,150,160,160,190,280,420,530,540,540,540,3705,0,150,158.90225948716858,116.2631000042893,885.685299988836,162.0
1786902940,20,GET,/compute,38.800000,0.000000,150,150,160,160,190,300,380,400,540,540,540,3744,0,150,159.33884049148676,116.2631000042893,885.685299988836,162.0
1786902940,20,,Aggregated,38.800000,0.000000,150,150,160,160,190,300,380,400,540,540,540,3744,0,150,159.33884049148676,116.2631000042893,885.685299988836,162.0
1786902941,20,GET,/compute,38.800000,0.000000,150,150,160,160,190,300,380,400,540,540,540,3779,0,150,159.3401382641245,116.2631000042893,885.685299988836,162.0
1786902941,20,,Aggregated,38.800000,0.000000,150,150,160,160,190,300,380,400,540,540,540,3779,0,150,159.3401382641245,116.2631000042893,885.685299988836,162.0
1786902942,20,GET,/compute,38.500000,0.000000,150,150,160,170,260,350,400,430,540,540,540,3817,0,150,160.09581110825155,116.2631000042893,885.685299988836,162.0
1786902942,20,,Aggregated,38.500000,0.000000,150,150,160,170,260,350,400,430,540,540,540,3817,0,150,160.09581110825155,116.2631000042893,885.685299988836,162.0
1786902943,20,GET,/compute,38.500000,0.000000,150,160,180,210,330,360,400,430,540,540,540,3846,0,150,160.95658871562554,116.2631000042893,885.685299988836,162.0
1786902943,20,,Aggregated,38.500000,0.000000,150,160,180,210,330,360,400,430,540,540,540,3846,0,150,160.95658871562554,116.2631000042893,885.685299988836,162.0
1786902944,20,GET,/compute,37.400000,0.000000,150,160,190,220,310,360,400,430,540,540,540,3883,0,150,161.5076785218761,116.2631000042893,885.685299988836,162.0
1786902944,20,,Aggregated,37.400000,0.000000,150,160,190,220,310,360,400,430,540,540,540,3883,0,150,161.5076785218761,116.2631000042893,885.685299988836,162.0
1786902945,20,GET,/compute,37.900000,0.000000,150,160,190,240,310,360,400,460,650,650,650,3920,0,150,161.66675418380134,116.2631000042893,885.685299988836,162.0
1786902945,20,,Aggregated,37.900000,0.000000,150,160,190,240,310,360,400,460,650,650,650,3920,0,150,161.66675418380134,116.2631000042893,885.685299988836,162.0
1786902946,20,GET,/compute,37.500000,0.000000,150,170,220,260,340,400,430,530,790,790,790,3954,0,150,162.43769089540243,116.2631000042893,885.685299988836,162.0
1786902946,20,,Aggregated,37.500000,0.000000,150,170,220,260,340,400,430,530,790,790,790,3954,0,150,162.43769089540243,116.2631000042893,885.685299988836,162.0
1786902947,20,GET,/compute,37.500000,0.000000,150,180,250,290,360,400,460,650,790,790,790,3974,0,150,162.93629167101003,116.2631000042893,885.685299988836,162.0
1786902947,20,,Aggregated,37.500000,0.000000,150,180,250,290,360,400,460,650,790,790,790,3974,0,150,162.93629167101003,116.2631000042893,885.685299988836,162.0
1786902948,20,GET,/compute,37.300000,0.000000,160,250,300,340,420,720,920,970,1000,1000,1000,3995,1,150,165.6725390239599,116.2631000042893,1006.3829999999143,161.9677096370463
1786902948,20,,Aggregated,37.300000,0.000000,160,250,300,340,420,720,920,970,1000,1000,1000,3995,1,150,165.6725390239599,116.2631000042893,1006.3829999999143,161.9677096370463
1786902949,20,GET,/compute,35.400000,0.000000,180,290,350,390,680,790,920,970,1000,1000,1000,4019,1,150,168.33767235656455,116.2631000042893,1006.3829999999143,161.96790246329934
1786902949,20,,Aggregated,35.400000,0.000000,180,290,350,390,680,790,920,970,1000,1000,1000,4019,1,150,168.33767235656455,116.2631000042893,1006.3829999999143,161.96790246329934
1786902950,20,GET,/compute,35.400000,0.000000,230,320,370,420,690,790,920,970,1000,1000,1000,4044,1,150,169.26605880345562,116.2631000042893,1006.3829999999143,161.96810089020772
1786902950,20,,Aggregated,35.400000,0.000000,230,320,370,420,690,790,920,970,1000,1000,1000,4044,1,150,169.26605880345562,116.2631000042893,1006.3829999999143,161.96810089020772
1786902951,20,GET,/compute,33.100000,0.100000,270,360,430,550,740,790,920,970,1000,1000,1000,4064,1,150,171.46587249047252,116.2631000042893,1006.3829999999143,161.96825787401573
1786902951,20,,Aggregated,33.100000,0.100000,270,360,430,550,740,790,920,970,1000,1000,1000,4064,1,150,171.46587249047252,116.2631000042893,1006.3829999999143,161.96825787401573
1786902952,20,GET,/compute,31.500000,0.100000,290,430,550,640,750,810,920,970,1000,1000,1000,4084,11,150,173.17822896693292,116.2631000042893,1006.3829999999143,161.65254652301664
1786902952,20,,Aggregated,31.500000,0.100000,290,430,550,640,750,810,920,970,1000,1000,1000,4084,11,150,173.17822896693292,116.2631000042893,1006.3829999999143,161.65254652301664
1786902953,20,GET,/compute,28.600000,0.100000,370,590,690,750,920,1000,1200,1200,1200,1200,1200,4104,19,150,177.46190182770718,116.2631000042893,1202.780999999959,161.40277777777777
1786902953,20,,Aggregated,28.600000,0.100000,370,590,690,750,920,1000,1200,1200,1200,1200,1200,4104,19,150,177.46190182770718,116.2631000042893,1202.780999999959,161.40277777777777
1786902954,20,GET,/compute,27.900000,1.100000,370,560,690,750,920,1000,1200,1200,1200,1200,1200,4144,19,150,177.23307089795438,116.2631000042893,1202.780999999959,161.40854247104247
1786902954,20,,Aggregated,27.900000,1.100000,370,560,690,750,920,1000,1200,1200,1200,1200,1200,4144,19,150,177.23307089795438,116.2631000042893,1202.780999999959,161.40854247104247
1786902955,20,GET,/compute,25.700000,1.900000,290,510,680,740,920,1000,1200,1200,1200,1200,1200,4186,19,150,176.95343612062615,116.2631000042893,1202.780999999959,161.4144768275203
1786902955,20,,Aggregated,25.700000,1.900000,290,510,680,740,920,1000,1200,1200,1200,1200,1200,4186,19,150,176.95343612062615,116.2631000042893,1202.780999999959,161.4144768275203
1786902956,20,GET,/compute,25.600000,1.900000,230,500,640,730,920,1000,1200,1200,1200,1200,1200,4220,19,150,177.18142104289336,116.2631000042893,1202.780999999959,161.4191943127962
1786902956,20,,Aggregated,25.600000,1.900000,230,500,640,730,920,1000,1200,1200,1200,1200,1200,4220,19,150,177.18142104289336,116.2631000042893,1202.780999999959,161.4191943127962
1786902957,20,GET,/compute,26.100000,1.900000,170,350,510,630,760,970,1100,1200,1200,1200,1200,4259,19,150,176.9541668938309,116.2631000042893,1202.780999999959,161.4245127964311
1786902957,20,,Aggregated,26.100000,1.900000,170,350,510,630,760,970,1100,1200,1200,1200,1200,4259,19,150,176.9541668938309,116.2631000042893,1202.780999999959,161.4245127964311
1786902958,20,GET,/compute,26.600000,1.900000,160,210,360,460,730,970,1100,1200,1200,1200,1200,4293,19,150,176.90923219215733,116.2631000042893,1202.780999999959,161.42907058001398
1786902958,20,,Aggregated,26.600000,1.900000,160,210,360,460,730,970,1100,1200,1200,1200,1200,4293,19,150,176.90923219215733,116.2631000042893,1202.780999999959,161.42907058001398
1786902959,20,GET,/compute,26.600000,1.900000,160,200,360,500,760,990,1100,1200,1200,1200,1200,4296,19,150,177.41065754210905,116.2631000042893,1202.780999999959,161.42946927374302
1786902959,20,,Aggregated,26.600000,1.900000,160,200,360,500,760,990,1100,1200,1200,1200,1200,4296,19,150,177.41065754210905,116.2631000042893,1202.780999999959,161.42946927374302
1786902960,20,GET,/compute,26.600000,1.900000,150,170,210,340,770,1000,1200,1200,1200,1200,1200,4296,19,150,177.41065754210905,116.2631000042893,1202.780999999959,161.42946927374302
1786902960,20,,Aggregated,26.600000,1.900000,150,170,210,340,770,1000,1200,1200,1200,1200,1200,4296,19,150,177.41065754210905,116.2631000042893,1202.780999999959,161.42946927374302
1786902961,20,GET,/compute,26.600000,1.900000,150,160,180,200,890,1000,1200,1200,1200,1200,1200,4296,19,150,177.41065754210905,116.2631000042893,1202.780999999959,161.42946927374302
1786902961,20,,Aggregated,26.600000,1.900000,150,160,180,200,890,1000,1200,1200,1200,1200,1200,4296,19,150,177.41065754210905,116.2631000042893,1202.780999999959,161.42946927374302
1786902962,20,GET,/compute,26.600000,1.900000,150,160,160,170,210,250,890,910,1200,1200,1200,4296,19,150,177.41065754210905,116.2631000042893,1202.780999999959,161.42946927374302
1786902962,20,,Aggregated,26.600000,1.900000,150,160,160,170,210,250,890,910,1200,1200,1200,4296,19,150,177.41065754210905,116.2631000042893,1202.780999999959,161.42946927374302
1786902963,20,GET,/compute,26.600000,1.900000,150,150,160,170,230,290,660,890,910,910,910,4296,19,150,177.41065754210905,116.2631000042893,1202.780999999959,161.42946927374302
1786902963,20,,Aggregated,26.600000,1.900000,150,150,160,170,230,290,660,890,910,910,910,4296,19,150,177.41065754210905,116.2631000042893,1202.780999999959,161.42946927374302
1786902964,20,GET,/compute,21.200000,0.800000,150,180,230,290,5300,5400,5600,5700,5700,5700,5700,4316,24,150,201.31632655257388,116.2631000042893,5711.027099983767,161.28266913809082
1786902964,20,,Aggregated,21.200000,0.800000,150,180,230,290,5300,5400,5600,5700,5700,5700,5700,4316,24,150,201.31632655257388,116.2631000042893,5711.027099983767,161.28266913809082
1786902965,20,GET,/compute,21.200000,0.800000,150,170,240,910,5400,5500,5600,5700,5700,5700,5700,4316,24,150,201.31632655257388,116.2631000042893,5711.027099983767,161.28266913809082
1786902965,20,,Aggregated,21.200000,0.800000,150,170,240,910,5400,5500,5600,5700,5700,5700,5700,4316,24,150,201.31632655257388,116.2631000042893,5711.027099983767,161.28266913809082
1786902966,20,GET,/compute,21.200000,0.800000,160,890,5100,5300,5400,5500,5700,5700,5700,5700,5700,4316,24,150,201.31632655257388,116.2631000042893,5711.027099983767,161.28266913809082
1786902966,20,,Aggregated,21.200000,0.800000,160,890,5100,5300,5400,5500,5700,5700,5700,5700,5700,4316,24,150,201.31632655257388,116.2631000042893,5711.027099983767,161.28266913809082
1786902967,20,GET,/compute,17.600000,0.500000,2500,5200,5300,5400,5500,5600,5700,5700,5700,5700,5700,4336,24,150,211.17623120407157,116.2631000042893,5711.027099983767,161.2859778597786
1786902967,20,,Aggregated,17.600000,0.500000,2500,5200,5300,5400,5500,5600,5700,5700,5700,5700,5700,4336,24,150,211.17623120407157,116.2631000042893,5711.027099983767,161.2859778597786
1786902968,20,GET,/compute,10.200000,0.500000,2300,2500,5100,5300,5400,5500,5700,5700,5700,5700,5700,4355,24,150,215.56240502892203,116.2631000042893,5711.027099983767,161.2890929965557
1786902968,20,,Aggregated,10.200000,0.500000,2300,2500,5100,5300,5400,5500,5700,5700,5700,5700,5700,4355,24,150,215.56240502892203,116.2631000042893,5711.027099983767,161.2890929965557
1786902969,20,GET,/compute,8.500000,0.500000,1300,2200,2500,2600,5400,5500,5600,5700,5700,5700,5700,4391,24,150,216.1698142566142,116.2631000042893,5711.027099983767,161.29492143019814
1786902969,20,,Aggregated,8.500000,0.500000,1300,2200,2500,2600,5400,5500,5600,5700,5700,5700,5700,4391,24,150,216.1698142566142,116.2631000042893,5711.027099983767,161.29492143019814
1786902970,20,GET,/compute,5.500000,0.500000,650,1400,2400,2500,5300,5400,5600,5700,5700,5700,5700,4417,24,150,216.05471417267844,116.2631000042893,5711.027099983767,161.29907176816843
1786902970,20,,Aggregated,5.500000,0.500000,650,1400,2400,2500,5300,5400,5600,5700,5700,5700,5700,4417,24,150,216.05471417267844,116.2631000042893,5711.027099983767,161.29907176816843
1786902971,20,GET,/compute,8.400000,0.500000,380,1200,2100,2400,5200,5400,5500,5700,5700,5700,5700,4449,28,150,217.02457273558576,116.2631000042893,5711.027099983767,161.18813216453137
1786902971,20,,Aggregated,8.400000,0.500000,380,1200,2100,2400,5200,5400,5500,5700,5700,5700,5700,4449,28,150,217.02457273558576,116.2631000042893,5711.027099983767,161.18813216453137
1786902972,20,GET,/compute,8.400000,0.500000,370,1200,1400,2300,5100,5400,5500,5700,5700,5700,5700,4461,28,150,217.30348652783937,116.2631000042893,5711.027099983767,161.19031607262946
1786902972,20,,Aggregated,8.400000,0.500000,370,1200,1400,2300,5100,5400,5500,5700,5700,5700,5700,4461,28,150,217.30348652783937,116.2631000042893,5711.027099983767,161.19031607262946
1786902973,20,GET,/compute,14.100000,0.900000,370,690,1200,1300,2200,2500,2600,4900,5100,5100,5100,4485,28,150,220.98534049071972,116.2631000042893,5711.027099983767,161.19464882943143
1786902973,20,,Aggregated,14.100000,0.900000,370,690,1200,1300,2200,2500,2600,4900,5100,5100,5100,4485,28,150,220.98534049071972,116.2631000042893,5711.027099983767,161.19464882943143
1786902974,20,GET,/compute,16.500000,0.900000,300,440,1100,1200,2100,2400,2600,4900,5100,5100,5100,4528,28,150,220.69225253996942,116.2631000042893,5711.027099983767,161.202296819788
1786902974,20,,Aggregated,16.500000,0.900000,300,440,1100,1200,2100,2400,2600,4900,5100,5100,5100,4528,28,150,220.69225253996942,116.2631000042893,5711.027099983767,161.202296819788
1786902975,20,GET,/compute,18.500000,0.900000,260,370,650,1100,1300,2300,2500,2500,2600,2600,2600,4559,28,150,220.45907648630606,116.2631000042893,5711.027099983767,161.20772099144548
1786902975,20,,Aggregated,18.500000,0.900000,260,370,650,1100,1300,2300,2500,2500,2600,2600,2600,4559,28,150,220.45907648630606,116.2631000042893,5711.027099983767,161.20772099144548
1786902976,20,GET,/compute,20.200000,0.400000,240,350,450,660,1200,1300,1300,1400,1800,1800,1800,4568,28,150,222.2833927541524,116.2631000042893,5711.027099983767,161.2092819614711
1786902976,20,,Aggregated,20.200000,0.400000,240,350,450,660,1200,1300,1300,1400,1800,1800,1800,4568,28,150,222.2833927541524,116.2631000042893,5711.027099983767,161.2092819614711
1786902977,20,GET,/compute,20.200000,0.400000,230,330,400,520,1200,1300,1300,1400,1800,1800,1800,4568,28,150,222.2833927541524,116.2631000042893,5711.027099983767,161.2092819614711
1786902977,20,,Aggregated,20.200000,0.400000,230,330,400,520,1200,1300,1300,1400,1800,1800,1800,4568,28,150,222.2833927541524,116.2631000042893,5711.027099983767,161.2092819614711
1786902978,20,GET,/compute,24.300000,0.400000,260,350,420,650,1200,2200,2800,2900,2900,2900,2900,4579,28,150,228.0250103736622,116.2631000042893,5711.027099983767,161.21118148067265
1786902978,20,,Aggregated,24.300000,0.400000,260,350,420,650,1200,2200,2800,2900,2900,2900,2900,4579,28,150,228.0250103736622,116.2631000042893,5711.027099983767,161.21118148067265
1786902979,20,GET,/compute,24.300000,0.400000,270,370,560,1100,1200,2200,2800,2900,2900,2900,2900,4579,28,150,228.0250103736622,116.2631000042893,5711.027099983767,161.21118148067265
1786902979,20,,Aggregated,24.300000,0.400000,270,370,560,1100,1200,2200,2800,2900,2900,2900,2900,4579,28,150,228.0250103736622,116.2631000042893,5711.027099983767,161.21118148067265
1786902980,20,GET,/compute,23.200000,0.400000,270,420,1100,1200,2700,2900,3200,3300,3300,3300,3300,4588,28,150,233.7431312556851,116.2631000042893,5711.027099983767,161.21272885789014
1786902980,20,,Aggregated,23.200000,0.400000,270,420,1100,1200,2700,2900,3200,3300,3300,3300,3300,4588,28,150,233.7431312556851,116.2631000042893,5711.027099983767,161.21272885789014
1786902981,20,GET,/compute,19.900000,0.400000,270,1100,1200,1800,2800,2900,3300,3300,3300,3300,3300,4607,28,150,239.2523100935778,116.2631000042893,5711.027099983767,161.21597568916866
1786902981,20,,Aggregated,19.900000,0.400000,270,1100,1200,1800,2800,2900,3300,3300,3300,3300,3300,4607,28,150,239.2523100935778,116.2631000042893,5711.027099983767,161.21597568916866
1786902982,20,GET,/compute,17.300000,0.400000,200,560,1100,1300,2700,2900,3200,3300,3300,3300,3300,4649,28,150,240.43250505511324,116.2631000042893,5711.027099983767,161.22305872230586
1786902982,20,,Aggregated,17.300000,0.400000,200,560,1100,1300,2700,2900,3200,3300,3300,3300,3300,4649,28,150,240.43250505511324,116.2631000042893,5711.027099983767,161.22305872230586
1786902983,20,GET,/compute,17.300000,0.400000,260,1100,1300,1900,2800,3100,3300,3300,3300,3300,3300,4651,28,150,240.56601999597115,116.2631000042893,5711.027099983767,161.22339281874866
1786902983,20,,Aggregated,17.300000,0.400000,260,1100,1300,1900,2800,3100,3300,3300,3300,3300,3300,4651,28,150,240.56601999597115,116.2631000042893,5711.027099983767,161.22339281874866
1786902984,20,GET,/compute,16.300000,0.000000,650,1300,1900,2200,2900,3200,3300,3300,3300,3300,3300,4652,28,150,240.78619819460448,116.2631000042893,5711.027099983767,161.22355975924333
1786902984,20,,Aggregated,16.300000,0.000000,650,1300,1900,2200,2900,3200,3300,3300,3300,3300,3300,4652,28,150,240.78619819460448,116.2631000042893,5711.027099983767,161.22355975924333
1786902985,20,GET,/compute,17.000000,0.000000,1200,2100,2300,2300,2800,3200,3300,3300,3300,3300,3300,4671,32,150,248.8092824451856,116.2631000042893,5711.027099983767,161.11624919717406
1786902985,20,,Aggregated,17.000000,0.000000,1200,2100,2300,2300,2800,3200,3300,3300,3300,3300,3300,4671,32,150,248.8092824451856,116.2631000042893,5711.027099983767,161.11624919717406
1786902986,20,GET,/compute,17.000000,0.000000,1700,2100,2300,2500,2900,3200,3300,3300,3300,3300,3300,4672,32,150,249.15212652000537,116.2631000042893,5711.027099983767,161.1164383561644
1786902986,20,,Aggregated,17.000000,0.000000,1700,2100,2300,2500,2900,3200,3300,3300,3300,3300,3300,4672,32,150,249.15212652000537,116.2631000042893,5711.027099983767,161.1164383561644
1786902987,20,GET,/compute,17.000000,0.000000,1300,2100,2300,2500,2900,3200,3300,3300,3300,3300,3300,4672,32,150,249.15212652000537,116.2631000042893,5711.027099983767,161.1164383561644
1786902987,20,,Aggregated,17.000000,0.000000,1300,2100,2300,2500,2900,3200,3300,3300,3300,3300,3300,4672,32,150,249.15212652000537,116.2631000042893,5711.027099983767,161.1164383561644
1786902988,20,GET,/compute,17.000000,0.000000,1100,2000,2200,2300,2800,3200,3300,3300,3300,3300,3300,4672,32,150,249.15212652000537,116.2631000042893,5711.027099983767,161.1164383561644
1786902988,20,,Aggregated,17.000000,0.000000,1100,2000,2200,2300,2800,3200,3300,3300,3300,3300,3300,4672,32,150,249.15212652000537,116.2631000042893,5711.027099983767,161.1164383561644
1786902989,20,GET,/compute,10.400000,0.400000,650,2000,2300,2400,3600,3700,3800,3900,4000,4000,4000,4712,37,150,263.0558151743406,116.2631000042893,5711.027099983767,160.98705432937183
1786902989,20,,Aggregated,10.400000,0.400000,650,2000,2300,2400,3600,3700,3800,3900,4000,4000,4000,4712,37,150,263.0558151743406,116.2631000042893,5711.027099983767,160.98705432937183
1786902990,20,GET,/compute,10.100000,0.400000,160,650,2000,2300,3600,3700,3800,3900,4000,4000,4000,4747,37,150,262.2028704026881,116.2631000042893,5711.027099983767,160.99452285654098
1786902990,20,,Aggregated,10.100000,0.400000,160,650,2000,2300,3600,3700,3800,3900,4000,4000,4000,4747,37,150,262.2028704026881,116.2631000042893,5711.027099983767,160.99452285654098
1786902991,20,GET,/compute,11.300000,0.900000,150,170,1900,2200,3500,3700,3800,3900,4000,4000,4000,4786,37,150,261.37416828278765,116.2631000042893,5711.027099983767,161.00271625574592
1786902991,20,,Aggregated,11.300000,0.900000,150,170,1900,2200,3500,3700,3800,3900,4000,4000,4000,4786,37,150,261.37416828278765,116.2631000042893,5711.027099983767,161.00271625574592
1786902992,20,GET,/compute,14.000000,0.900000,150,180,2000,2200,3500,3700,3800,3900,4000,4000,4000,4802,37,150,261.26309950051353,116.2631000042893,5711.027099983767,161.006039150354
1786902992,20,,Aggregated,14.000000,0.900000,150,180,2000,2200,3500,3700,3800,3900,4000,4000,4000,4802,37,150,261.26309950051353,116.2631000042893,5711.027099983767,161.006039150354
1786902993,20,GET,/compute,14.000000,0.900000,150,180,2000,2200,3500,3700,3800,3900,4000,4000,4000,4803,37,150,261.4326285866065,116.2631000042893,5711.027099983767,161.00624609618987
1786902993,20,,Aggregated,14.000000,0.900000,150,180,2000,2200,3500,3700,3800,3900,4000,4000,4000,4803,37,150,261.4326285866065,116.2631000042893,5711.027099983767,161.00624609618987
1786902994,20,GET,/compute,14.000000,0.900000,150,160,200,540,3600,3700,3800,3900,4000,4000,4000,4803,37,150,261.4326285866065,116.2631000042893,5711.027099983767,161.00624609618987
1786902994,20,,Aggregated,14.000000,0.900000,150,160,200,540,3600,3700,3800,3900,4000,4000,4000,4803,37,150,261.4326285866065,116.2631000042893,5711.027099983767,161.00624609618987
1786902995,20,GET,/compute,15.200000,0.900000,150,200,2500,2800,3500,3700,3800,3900,4000,4000,4000,4822,40,150,271.48418562871456,116.2631000042893,5711.027099983767,160.9299046038988
1786902995,20,,Aggregated,15.200000,0.900000,150,200,2500,2800,3500,3700,3800,3900,4000,4000,4000,4822,40,150,271.48418562871456,116.2631000042893,5711.027099983767,160.9299046038988
1786902996,20,GET,/compute,15.200000,0.900000,150,180,2500,2800,3500,3700,3800,3900,4000,4000,4000,4823,40,150,271.96424381124405,116.2631000042893,5711.027099983767,160.93012647729628
1786902996,20,,Aggregated,15.200000,0.900000,150,180,2500,2800,3500,3700,3800,3900,4000,4000,4000,4823,40,150,271.96424381124405,116.2631000042893,5711.027099983767,160.93012647729628
1786902997,20,GET,/compute,14.700000,0.800000,160,550,2400,2700,3500,3700,3800,3900,4000,4000,4000,4836,40,150,277.05611834194985,116.2631000042893,5711.027099983767,160.93300248138956
1786902997,20,,Aggregated,14.700000,0.800000,160,550,2400,2700,3500,3700,3800,3900,4000,4000,4000,4836,40,150,277.05611834194985,116.2631000042893,5711.027099983767,160.93300248138956
1786902998,20,GET,/compute,15.100000,0.800000,150,180,2000,2300,2700,2900,3100,3200,3300,3300,3300,4842,40,150,280.0404766215855,116.2631000042893,5711.027099983767,160.93432465923172
1786902998,20,,Aggregated,15.100000,0.800000,150,180,2000,2300,2700,2900,3100,3200,3300,3300,3300,4842,40,150,280.0404766215855,116.2631000042893,5711.027099983767,160.93432465923172
1786902999,20,GET,/compute,15.300000,0.800000,210,1200,2100,2400,2700,2900,3100,3200,3300,3300,3300,4867,40,150,283.69090353437593,116.2631000042893,5711.027099983767,160.9397986439285
1786902999,20,,Aggregated,15.300000,0.800000,210,1200,2100,2400,2700,2900,3100,3200,3300,3300,3300,4867,40,150,283.69090353437593,116.2631000042893,5711.027099983767,160.9397986439285
1786903000,20,GET,/compute,16.400000,0.800000,490,1300,2200,2500,2700,2900,3100,3200,3300,3300,3300,4898,40,150,283.41199009832656,116.2631000042893,5711.027099983767,160.9465087790935
1786903000,20,,Aggregated,16.400000,0.800000,490,1300,2200,2500,2700,2900,3100,3200,3300,3300,3300,4898,40,150,283.41199009832656,116.2631000042893,5711.027099983767,160.9465087790935
1786903001,20,GET,/compute,15.900000,0.300000,510,1300,2200,2500,2800,2900,3100,3200,3300,3300,3300,4927,40,150,283.05414684421123,116.2631000042893,5711.027099983767,160.9527095595697
1786903001,20,,Aggregated,15.900000,0.300000,510,1300,2200,2500,2800,2900,3100,3200,3300,3300,3300,4927,40,150,283.05414684421123,116.2631000042893,5711.027099983767,160.9527095595697
1786903002,20,GET,/compute,15.200000,0.300000,550,1200,2100,2300,2700,2900,3100,3200,3300,3300,3300,4948,42,150,284.7963894505693,116.2631000042893,5711.027099983767,160.90501212611156
1786903002,20,,Aggregated,15.200000,0.300000,550,1200,2100,2300,2700,2900,3100,3200,3300,3300,3300,4948,42,150,284.7963894505693,116.2631000042893,5711.027099983767,160.90501212611156
1786903003,20,GET,/compute,15.200000,0.300000,530,930,1700,2200,2700,2800,2900,3200,3300,3300,3300,4967,42,150,285.4707004029536,116.2631000042893,5711.027099983767,160.90920072478357
1786903003,20,,Aggregated,15.200000,0.300000,530,930,1700,2200,2700,2800,2900,3200,3300,3300,3300,4967,42,150,285.4707004029536,116.2631000042893,5711.027099983767,160.90920072478357
1786903004,20,GET,/compute,12.800000,0.300000,520,770,970,1300,2300,2700,2900,3200,3300,3300,3300,4979,42,150,286.8172202654235,116.2631000042893,5711.027099983767,160.91182968467564
1786903004,20,,Aggregated,12.800000,0.300000,520,770,970,1300,2300,2700,2900,3200,3300,3300,3300,4979,42,150,286.8172202654235,116.2631000042893,5711.027099983767,160.91182968467564
1786903005,20,GET,/compute,15.400000,0.500000,520,740,960,1200,2100,2300,2600,2800,2800,2800,2800,4985,42,150,288.57422130421287,116.2631000042893,5711.027099983767,160.91313941825476
1786903005,20,,Aggregated,15.400000,0.500000,520,740,960,1200,2100,2300,2600,2800,2800,2800,2800,4985,42,150,288.57422130421287,116.2631000042893,5711.027099983767,160.91313941825476
1786903006,20,GET,/compute,17.100000,0.500000,600,910,1200,1600,2200,2300,2600,2800,2800,2800,2800,5006,42,150,294.18680297672057,116.2631000042893,5711.027099983767,160.9176987614862
1786903006,20,,Aggregated,17.100000,0.500000,600,910,1200,1600,2200,2300,2600,2800,2800,2800,2800,5006,42,150,294.18680297672057,116.2631000042893,5711.027099983767,160.9176987614862
1786903007,20,GET,/compute,16.600000,0.200000,510,650,910,1000,1800,2300,2600,2700,2800,2800,2800,5038,42,150,294.4057863639167,116.2631000042893,5711.027099983767,160.92457324335052
1786903007,20,,Aggregated,16.600000,0.200000,510,650,910,1000,1800,2300,2600,2700,2800,2800,2800,5038,42,150,294.4057863639167,116.2631000042893,5711.027099983767,160.92457324335052
1786903008,20,GET,/compute,16.300000,0.200000,340,530,640,740,1300,1900,2300,2300,2300,2300,2300,5073,42,150,293.8920595114528,116.2631000042893,5711.027099983767,160.93199290360732
1786903008,20,,Aggregated,16.300000,0.200000,340,530,640,740,1300,1900,2300,2300,2300,2300,2300,5073,42,150,293.8920595114528,116.2631000042893,5711.027099983767,160.93199290360732
1786903009,20,GET,/compute,18.100000,0.200000,340,520,650,730,970,2000,2300,2300,2300,2300,2300,5096,43,150,294.7896601455376,116.2631000042893,5711.027099983767,160.91149921507065
1786903009,20,,Aggregated,18.100000,0.200000,340,520,650,730,970,2000,2300,2300,2300,2300,2300,5096,43,150,294.7896601455376,116.2631000042893,5711.027099983767,160.91149921507065
1786903010,20,GET,/compute,20.500000,0.200000,450,630,770,920,1600,2000,2300,2300,2300,2300,2300,5105,43,150,296.04994186121985,116.2631000042893,5711.027099983767,160.9134182174339
1786903010,20,,Aggregated,20.500000,0.200000,450,630,770,920,1600,2000,2300,2300,2300,2300,2300,5105,43,150,296.04994186121985,116.2631000042893,5711.027099983767,160.9134182174339
1786903011,20,GET,/compute,22.700000,0.200000,520,690,910,970,1600,2000,2300,2300,2300,2300,2300,5129,43,150,298.44357695487804,116.2631000042893,5711.027099983767,160.91850263209201
1786903011,20,,Aggregated,22.700000,0.200000,520,690,910,970,1600,2000,2300,2300,2300,2300,2300,5129,43,150,298.44357695487804,116.2631000042893,5711.027099983767,160.91850263209201
1786903012,20,GET,/compute,21.700000,0.300000,410,630,860,980,1600,2000,2300,2300,2300,2300,2300,5154,43,150,297.98976499836664,116.2631000042893,5711.027099983767,160.92374854481955
1786903012,20,,Aggregated,21.700000,0.300000,410,630,860,980,1600,2000,2300,2300,2300,2300,2300,5154,43,150,297.98976499836664,116.2631000042893,5711.027099983767,160.92374854481955
1786903013,20,GET,/compute,19.400000,0.300000,400,660,860,930,1600,2000,2300,2300,2300,2300,2300,5180,43,150,299.5454883979949,116.2631000042893,5711.027099983767,160.9291505791506
1786903013,20,,Aggregated,19.400000,0.300000,400,660,860,930,1600,2000,2300,2300,2300,2300,2300,5180,43,150,299.5454883979949,116.2631000042893,5711.027099983767,160.9291505791506
1786903014,20,GET,/compute,21.000000,0.300000,400,640,720,860,1100,1900,2300,2300,2300,2300,2300,5207,43,150,300.4883175920107,114.14329998660833,5711.027099983767,160.93470328404072
1786903014,20,,Aggregated,21.000000,0.300000,400,640,720,860,1100,1900,2300,2300,2300,2300,2300,5207,43,150,300.4883175920107,114.14329998660833,5711.027099983767,160.93470328404072
1786903015,20,GET,/compute,20.400000,0.100000,340,590,660,730,1000,1700,2200,2300,2300,2300,2300,5245,43,150,300.0259653578008,114.14329998660833,5711.027099983767,160.94242135367017
1786903015,20,,Aggregated,20.400000,0.100000,340,590,660,730,1000,1700,2200,2300,2300,2300,2300,5245,43,150,300.0259653578008,114.14329998660833,5711.027099983767,160.94242135367017
1786903016,20,GET,/compute,20.700000,0.100000,310,400,600,650,840,1000,1100,1100,1600,1600,1600,5272,43,150,299.9615540405203,114.14329998660833,5711.027099983767,160.94783763277692
1786903016,20,,Aggregated,20.700000,0.100000,310,400,600,650,840,1000,1100,1100,1600,1600,1600,5272,43,150,299.9615540405203,114.14329998660833,5711.027099983767,160.94783763277692
1786903017,20,GET,/compute,23.400000,0.100000,320,450,630,660,860,1000,1100,1200,1600,1600,1600,5290,43,150,300.5069808698975,114.14329998660833,5711.027099983767,160.95141776937618
1786903017,20,,Aggregated,23.400000,0.100000,320,450,630,660,860,1000,1100,1200,1600,1600,1600,5290,43,150,300.5069808698975,114.14329998660833,5711.027099983767,160.95141776937618
1786903018,20,GET,/compute,26.100000,0.100000,380,620,660,730,990,1100,1100,1200,1600,1600,1600,5297,43,150,301.5013149521925,114.14329998660833,5711.027099983767,160.95280347366435
1786903018,20,,Aggregated,26.100000,0.100000,380,620,660,730,990,1100,1100,1200,1600,1600,1600,5297,43,150,301.5013149521925,114.14329998660833,5711.027099983767,160.95280347366435
1786903019,20,GET,/compute,27.400000,0.100000,340,620,660,790,1000,1100,1100,1400,1800,1800,1800,5298,43,150,301.78565792786196,114.14329998660833,5711.027099983767,160.95300113250283
1786903019,20,,Aggregated,27.400000,0.100000,340,620,660,790,1000,1100,1100,1400,1800,1800,1800,5298,43,150,301.78565792786196,114.14329998660833,5711.027099983767,160.95300113250283
1786903020,20,GET,/compute,24.900000,0.100000,360,630,700,840,1500,2100,2100,2200,2600,2600,2600,5317,43,150,308.03009983110246,114.14329998660833,5711.027099983767,160.9567425239797
1786903020,20,,Aggregated,24.900000,0.100000,360,630,700,840,1500,2100,2100,2200,2600,2600,2600,5317,43,150,308.03009983110246,114.14329998660833,5711.027099983767,160.9567425239797
1786903021,20,GET,/compute,21.900000,0.100000,360,650,840,1100,1600,2100,2200,2600,2600,2600,2600,5332,45,150,311.30565414515445,114.14329998660833,5711.027099983767,160.91129032258064
1786903021,20,,Aggregated,21.900000,0.100000,360,650,840,1100,1600,2100,2200,2600,2600,2600,2600,5332,45,150,311.30565414515445,114.14329998660833,5711.027099983767,160.91129032258064
1786903022,20,GET,/compute,21.500000,0.000000,400,720,940,1300,2000,2100,2200,2600,2600,2600,2600,5340,45,150,311.80199947604285,114.14329998660833,5711.027099983767,160.9129213483146
1786903022,20,,Aggregated,21.500000,0.000000,400,720,940,1300,2000,2100,2200,2600,2600,2600,2600,5340,45,150,311.80199947604285,114.14329998660833,5711.027099983767,160.9129213483146
1786903023,20,GET,/compute,21.500000,0.000000,380,660,1100,1400,2000,2100,2200,2600,2600,2600,2600,5340,45,150,311.80199947604285,114.14329998660833,5711.027099983767,160.9129213483146
1786903023,20,,Aggregated,21.500000,0.000000,380,660,1100,1400,2000,2100,2200,2600,2600,2600,2600,5340,45,150,311.80199947604285,114.14329998660833,5711.027099983767,160.9129213483146
1786903024,20,GET,/compute,20.000000,0.200000,480,1300,1500,1800,2000,2100,2200,2600,2600,2600,2600,5377,52,150,317.6701867960347,114.14329998660833,5711.027099983767,160.75246419936767
1786903024,20,,Aggregated,20.000000,0.200000,480,1300,1500,1800,2000,2100,2200,2600,2600,2600,2600,5377,52,150,317.6701867960347,114.14329998660833,5711.027099983767,160.75246419936767
1786903025,20,GET,/compute,17.900000,0.200000,530,1400,1500,1800,2000,2100,2200,2600,2600,2600,2600,5405,52,150,317.72327835380406,114.14329998660833,5711.027099983767,160.75892691951896
1786903025,20,,Aggregated,17.900000,0.200000,530,1400,1500,1800,2000,2100,2200,2600,2600,2600,2600,5405,52,150,317.72327835380406,114.14329998660833,5711.027099983767,160.75892691951896
1786903026,20,GET,/compute,17.900000,0.200000,580,1400,1500,1800,2000,2100,2200,2600,2600,2600,2600,5430,52,150,317.4322171643347,114.14329998660833,5711.027099983767,160.7646408839779
1786903026,20,,Aggregated,17.900000,0.200000,580,1400,1500,1800,2000,2100,2200,2600,2600,2600,2600,5430,52,150,317.4322171643347,114.14329998660833,5711.027099983767,160.7646408839779
1786903027,20,GET,/compute,16.100000,0.900000,450,1100,1400,1600,2000,2100,2200,2600,2600,2600,2600,5469,52,150,317.42314893084284,114.14329998660833,5711.027099983767,160.77345035655512
1786903027,20,,Aggregated,16.100000,0.900000,450,1100,1400,1600,2000,2100,2200,2600,2600,2600,2600,5469,52,150,317.42314893084284,114.14329998660833,5711.027099983767,160.77345035655512
1786903028,20,GET,/compute,15.800000,0.900000,440,880,1400,1500,2000,2100,2200,2600,2600,2600,2600,5483,52,150,318.13224098173924,114.14329998660833,5711.027099983767,160.77658216304943
1786903028,20,,Aggregated,15.800000,0.900000,440,880,1400,1500,2000,2100,2200,2600,2600,2600,2600,5483,52,150,318.13224098173924,114.14329998660833,5711.027099983767,160.77658216304943
1786903029,20,GET,/compute,15.900000,0.900000,420,840,1100,1400,1800,2000,2100,2100,2100,2100,2100,5493,52,150,319.53756617565153,114.14329998660833,5711.027099983767,160.77880939377388
1786903029,20,,Aggregated,15.900000,0.900000,420,840,1100,1400,1800,2000,2100,2100,2100,2100,2100,5493,52,150,319.53756617565153,114.14329998660833,5711.027099983767,160.77880939377388
1786903030,20,GET,/compute,17.900000,0.900000,420,810,1100,1400,1700,1900,2000,2000,2100,2100,2100,5496,52,150,320.1782747457753,114.14329998660833,5711.027099983767,160.77947598253274
1786903030,20,,Aggregated,17.900000,0.900000,420,810,1100,1400,1700,1900,2000,2000,2100,2100,2100,5496,52,150,320.1782747457753,114.14329998660833,5711.027099983767,160.77947598253274
1786903032,20,GET,/compute,17.900000,0.900000,360,510,880,1100,1700,1900,2000,2000,2000,2000,2000,5496,52,150,320.1782747457753,114.14329998660833,5711.027099983767,160.77947598253274
1786903032,20,,Aggregated,17.900000,0.900000,360,510,880,1100,1700,1900,2000,2000,2000,2000,2000,5496,52,150,320.1782747457753,114.14329998660833,5711.027099983767,160.77947598253274
1786903033,20,GET,/compute,18.100000,0.900000,300,440,510,550,1000,1300,1400,1700,4300,4300,4300,5497,52,150,320.8958381122039,114.14329998660833,5711.027099983767,160.77969801710023
1786903033,20,,Aggregated,18.100000,0.900000,300,440,510,550,1000,1300,1400,1700,4300,4300,4300,5497,52,150,320.8958381122039,114.14329998660833,5711.027099983767,160.77969801710023
1786903034,20,GET,/compute,17.900000,0.900000,310,520,910,1100,3600,4000,4200,4300,4300,4300,4300,5516,52,150,332.5808254356173,114.14329998660833,5711.027099983767,160.78390137781
1786903034,20,,Aggregated,17.900000,0.900000,310,520,910,1100,3600,4000,4200,4300,4300,4300,4300,5516,52,150,332.5808254356173,114.14329998660833,5711.027099983767,160.78390137781
1786903035,20,GET,/compute,17.900000,0.900000,340,870,1100,1400,3700,4100,4200,4300,4300,4300,4300,5516,52,150,332.5808254356173,114.14329998660833,5711.027099983767,160.78390137781
1786903035,20,,Aggregated,17.900000,0.900000,340,870,1100,1400,3700,4100,4200,4300,4300,4300,4300,5516,52,150,332.5808254356173,114.14329998660833,5711.027099983767,160.78390137781
1786903036,20,GET,/compute,15.700000,0.700000,840,1400,1500,1600,3700,4100,4200,4300,4300,4300,4300,5555,56,150,336.1603783623589,114.14329998660833,5711.027099983767,160.6995499549955
1786903036,20,,Aggregated,15.700000,0.700000,840,1400,1500,1600,3700,4100,4200,4300,4300,4300,4300,5555,56,150,336.1603783623589,114.14329998660833,5711.027099983767,160.6995499549955
1786903037,20,GET,/compute,13.900000,0.000000,510,1300,1500,1500,3700,4000,4200,4300,4300,4300,4300,5595,56,150,335.00211286916993,114.14329998660833,5711.027099983767,160.70884718498658
1786903037,20,,Aggregated,13.900000,0.000000,510,1300,1500,1500,3700,4000,4200,4300,4300,4300,4300,5595,56,150,335.00211286916993,114.14329998660833,5711.027099983767,160.70884718498658
1786903038,20,GET,/compute,13.900000,0.000000,210,1100,1400,1500,3600,3800,4200,4300,4300,4300,4300,5624,56,150,334.3215115047789,114.14329998660833,5711.027099983767,160.71550497866286
1786903038,20,,Aggregated,13.900000,0.000000,210,1100,1400,1500,3600,3800,4200,4300,4300,4300,4300,5624,56,150,334.3215115047789,114.14329998660833,5711.027099983767,160.71550497866286
1786903039,20,GET,/compute,15.000000,0.400000,230,450,1400,1500,3300,3800,4200,4300,4300,4300,4300,5652,59,150,334.4928661010113,114.14329998660833,5711.027099983767,160.65339702760085
1786903039,20,,Aggregated,15.000000,0.400000,230,450,1400,1500,3300,3800,4200,4300,4300,4300,4300,5652,59,150,334.4928661010113,114.14329998660833,5711.027099983767,160.65339702760085
1786903040,20,GET,/compute,15.500000,0.400000,190,300,540,1300,1900,3700,4200,4200,4300,4300,4300,5696,59,150,333.5712805307461,114.14329998660833,5711.027099983767,160.66379915730337
1786903040,20,,Aggregated,15.500000,0.400000,190,300,540,1300,1900,3700,4200,4200,4300,4300,4300,5696,59,150,333.5712805307461,114.14329998660833,5711.027099983767,160.66379915730337
1786903041,20,GET,/compute,15.500000,0.400000,200,290,390,580,1600,3700,4200,4200,4300,4300,4300,5717,59,150,333.3255903801185,114.14329998660833,5711.027099983767,160.6687073640021
1786903041,20,,Aggregated,15.500000,0.400000,200,290,390,580,1600,3700,4200,4200,4300,4300,4300,5717,59,150,333.3255903801185,114.14329998660833,5711.027099983767,160.6687073640021
1786903042,20,GET,/compute,19.800000,0.700000,210,310,500,640,1500,3600,4000,4200,4300,4300,4300,5753,66,150,333.892547975515,114.14329998660833,5711.027099983767,160.52007648183556
1786903042,20,,Aggregated,19.800000,0.700000,210,310,500,640,1500,3600,4000,4200,4300,4300,4300,5753,66,150,333.892547975515,114.14329998660833,5711.027099983767,160.52007648183556
1786903043,20,GET,/compute,19.800000,0.700000,180,290,440,580,1500,3600,4000,4200,4300,4300,4300,5776,66,150,333.1403474382425,114.14329998660833,5711.027099983767,160.52596952908587
1786903043,20,,Aggregated,19.800000,0.700000,180,290,440,580,1500,3600,4000,4200,4300,4300,4300,5776,66,150,333.1403474382425,114.14329998660833,5711.027099983767,160.52596952908587
1786903044,20,GET,/compute,24.400000,1.400000,170,250,310,360,710,1400,1500,1500,1900,1900,1900,5818,66,150,332.6617909424529,114.14329998660833,5711.027099983767,160.53661051907872
1786903044,20,,Aggregated,24.400000,1.400000,170,250,310,360,710,1400,1500,1500,1900,1900,1900,5818,66,150,332.6617909424529,114.14329998660833,5711.027099983767,160.53661051907872
1786903045,20,GET,/compute,27.900000,1.400000,170,220,270,300,480,640,870,980,1300,1300,1300,5856,66,150,331.7940912232392,114.14329998660833,5711.027099983767,160.54610655737704
1786903045,20,,Aggregated,27.900000,1.400000,170,220,270,300,480,640,870,980,1300,1300,1300,5856,66,150,331.7940912232392,114.14329998660833,5711.027099983767,160.54610655737704
1786903046,20,GET,/compute,29.700000,1.400000,170,220,280,310,500,640,870,1100,1300,1300,1300,5894,66,150,330.7091729391404,114.14329998660833,5711.027099983767,160.55548014930437
1786903046,20,,Aggregated,29.700000,1.400000,170,220,280,310,500,640,870,1100,1300,1300,1300,5894,66,150,330.7091729391404,114.14329998660833,5711.027099983767,160.55548014930437
1786903047,20,GET,/compute,29.700000,1.400000,160,190,270,300,500,640,870,1100,1300,1300,1300,5918,66,150,330.0030375301177,114.14329998660833,5711.027099983767,160.56133828996283
1786903047,20,,Aggregated,29.700000,1.400000,160,190,270,300,500,640,870,1100,1300,1300,1300,5918,66,150,330.0030375301177,114.14329998660833,5711.027099983767,160.56133828996283
1786903048,20,GET,/compute,33.500000,1.000000,160,180,230,270,430,710,930,1300,1400,1400,1400,5920,66,150,330.36715876743887,114.14329998660833,5711.027099983767,160.56182432432433
1786903048,20,,Aggregated,33.500000,1.000000,160,180,230,270,430,710,930,1300,1400,1400,1400,5920,66,150,330.36715876743887,114.14329998660833,5711.027099983767,160.56182432432433
1786903049,20,GET,/compute,32.400000,1.000000,160,190,260,330,850,1400,1700,1700,2100,2100,2100,5959,66,150,333.6469286295416,114.14329998660833,5711.027099983767,160.57123678469543
1786903049,20,,Aggregated,32.400000,1.000000,160,190,260,330,850,1400,1700,1700,2100,2100,2100,5959,66,150,333.6469286295416,114.14329998660833,5711.027099983767,160.57123678469543
1786903050,20,GET,/compute,29.400000,1.000000,160,180,250,280,820,1400,1700,1700,2100,2100,2100,5991,66,150,332.7628889840496,114.14329998660833,5711.027099983767,160.57886830245369
1786903050,20,,Aggregated,29.400000,1.000000,160,180,250,280,820,1400,1700,1700,2100,2100,2100,5991,66,150,332.7628889840496,114.14329998660833,5711.027099983767,160.57886830245369
1786903051,20,GET,/compute,29.700000,0.700000,160,180,250,280,380,1400,1700,1700,2100,2100,2100,6023,66,150,332.45666083407303,114.14329998660833,5711.027099983767,160.58641872820854
1786903051,20,,Aggregated,29.700000,0.700000,160,180,250,280,380,1400,1700,1700,2100,2100,2100,6023,66,150,332.45666083407303,114.14329998660833,5711.027099983767,160.58641872820854
1786903052,20,GET,/compute,29.500000,0.700000,160,190,270,330,870,1400,1700,1700,2100,2100,2100,6029,66,150,332.89981957268475,114.14329998660833,5711.027099983767,160.58782551003483
1786903052,20,,Aggregated,29.500000,0.700000,160,190,270,330,870,1400,1700,1700,2100,2100,2100,6029,66,150,332.89981957268475,114.14329998660833,5711.027099983767,160.58782551003483
1786903053,20,GET,/compute,30.400000,0.700000,170,240,320,360,1100,1400,1700,1700,2100,2100,2100,6066,66,150,334.51576531550387,114.14329998660833,5711.027099983767,160.59643916913947
1786903053,20,,Aggregated,30.400000,0.700000,170,240,320,360,1100,1400,1700,1700,2100,2100,2100,6066,66,150,334.51576531550387,114.14329998660833,5711.027099983767,160.59643916913947
1786903054,20,GET,/compute,28.600000,0.000000,190,280,340,380,1100,1400,1700,1700,2100,2100,2100,6095,66,150,334.32251881934866,114.14329998660833,5711.027099983767,160.6031173092699
1786903054,20,,Aggregated,28.600000,0.000000,190,280,340,380,1100,1400,1700,1700,2100,2100,2100,6095,66,150,334.32251881934866,114.14329998660833,5711.027099983767,160.6031173092699
1786903055,20,GET,/compute,28.300000,0.000000,250,300,340,390,1100,1400,1700,1700,2100,2100,2100,6127,66,150,334.0588365764501,114.14329998660833,5711.027099983767,160.61041292639138
1786903055,20,,Aggregated,28.300000,0.000000,250,300,340,390,1100,1400,1700,1700,2100,2100,2100,6127,66,150,334.0588365764501,114.14329998660833,5711.027099983767,160.61041292639138
1786903056,20,GET,/compute,28.100000,0.000000,250,310,350,450,1100,1400,1700,1700,2100,2100,2100,6151,66,150,334.18372729700076,114.14329998660833,5711.027099983767,160.61583482360592
1786903056,20,,Aggregated,28.100000,0.000000,250,310,350,450,1100,1400,1700,1700,2100,2100,2100,6151,66,150,334.18372729700076,114.14329998660833,5711.027099983767,160.61583482360592
1786903057,20,GET,/compute,26.400000,0.000000,270,330,440,620,1100,1400,1700,1700,2100,2100,2100,6182,66,150,334.4195736499269,114.14329998660833,5711.027099983767,160.62277580071174
1786903057,20,,Aggregated,26.400000,0.000000,270,330,440,620,1100,1400,1700,1700,2100,2100,2100,6182,66,150,334.4195736499269,114.14329998660833,5711.027099983767,160.62277580071174
1786903058,20,GET,/compute,25.500000,0.000000,250,290,340,360,650,1000,1100,1100,1200,1200,1200,6221,66,150,333.52261085099036,114.14329998660833,5711.027099983767,160.63140974119918
1786903058,20,,Aggregated,25.500000,0.000000,250,290,340,360,650,1000,1100,1100,1200,1200,1200,6221,66,150,333.52261085099036,114.14329998660833,5711.027099983767,160.63140974119918
1786903059,20,GET,/compute,25.900000,0.000000,270,300,330,360,650,1000,1100,1100,1200,1200,1200,6259,66,150,332.7901292704573,114.14329998660833,5711.027099983767,160.6397188049209
1786903059,20,,Aggregated,25.900000,0.000000,270,300,330,360,650,1000,1100,1100,1200,1200,1200,6259,66,150,332.7901292704573,114.14329998660833,5711.027099983767,160.6397188049209
1786903060,20,GET,/compute,29.600000,0.000000,270,300,340,390,670,1000,1100,1100,1200,1200,1200,6285,66,150,332.6895441851533,114.14329998660833,5711.027099983767,160.6453460620525
1786903060,20,,Aggregated,29.600000,0.000000,270,300,340,390,670,1000,1100,1100,1200,1200,1200,6285,66,150,332.6895441851533,114.14329998660833,5711.027099983767,160.6453460620525
1786903061,20,GET,/compute,29.600000,0.000000,280,300,340,380,640,1000,1100,1100,1200,1200,1200,6304,66,150,332.7313012695999,114.14329998660833,5711.027099983767,160.64942893401016
1786903061,20,,Aggregated,29.600000,0.000000,280,300,340,380,640,1000,1100,1100,1200,1200,1200,6304,66,150,332.7313012695999,114.14329998660833,5711.027099983767,160.64942893401016
1786903062,20,GET,/compute,29.600000,0.000000,280,300,340,360,570,640,670,770,1100,1100,1100,6319,66,150,333.3448602316182,114.14329998660833,5711.027099983767,160.65263491058712
1786903062,20,,Aggregated,29.600000,0.000000,280,300,340,360,570,640,670,770,1100,1100,1100,6319,66,150,333.3448602316182,114.14329998660833,5711.027099983767,160.65263491058712
1786903063,20,GET,/compute,28.300000,0.000000,280,320,420,540,670,1300,1500,1600,2000,2000,2000,6339,66,150,336.65420503290295,114.14329998660833,5711.027099983767,160.65688594415522
1786903063,20,,Aggregated,28.300000,0.000000,280,320,420,540,670,1300,1500,1600,2000,2000,2000,6339,66,150,336.65420503290295,114.14329998660833,5711.027099983767,160.65688594415522
1786903064,20,GET,/compute,29.300000,0.000000,280,320,410,500,650,1300,1400,1600,2000,2000,2000,6371,66,150,336.03115242566884,114.14329998660833,5711.027099983767,160.66363208287552
1786903064,20,,Aggregated,29.300000,0.000000,280,320,410,500,650,1300,1400,1600,2000,2000,2000,6371,66,150,336.03115242566884,114.14329998660833,5711.027099983767,160.66363208287552
1786903065,20,GET,/compute,26.600000,0.000000,290,350,450,530,650,1300,1400,1600,2000,2000,2000,6397,66,150,336.26649484195735,114.14329998660833,5711.027099983767,160.66906362357355
1786903065,20,,Aggregated,26.600000,0.000000,290,350,450,530,650,1300,1400,1600,2000,2000,2000,6397,66,150,336.26649484195735,114.14329998660833,5711.027099983767,160.66906362357355
1786903066,20,GET,/compute,26.500000,0.000000,280,320,400,430,640,1300,1400,1600,2000,2000,2000,6433,66,150,336.02323679527586,114.14329998660833,5711.027099983767,160.6765117363594
1786903066,20,,Aggregated,26.500000,0.000000,280,320,400,430,640,1300,1400,1600,2000,2000,2000,6433,66,150,336.02323679527586,114.14329998660833,5711.027099983767,160.6765117363594
1786903067,20,GET,/compute,27.200000,0.000000,290,330,400,430,640,1300,1400,1600,2000,2000,2000,6470,66,150,335.3777905261264,114.14329998660833,5711.027099983767,160.6840803709428
1786903067,20,,Aggregated,27.200000,0.000000,290,330,400,430,640,1300,1400,1600,2000,2000,2000,6470,66,150,335.3777905261264,114.14329998660833,5711.027099983767,160.6840803709428
1786903068,20,GET,/compute,28.100000,0.000000,280,330,390,430,640,1300,1400,1600,2000,2000,2000,6502,66,150,334.831203522631,114.14329998660833,5711.027099983767,160.6905567517687
1786903068,20,,Aggregated,28.100000,0.000000,280,330,390,430,640,1300,1400,1600,2000,2000,2000,6502,66,150,334.831203522631,114.14329998660833,5711.027099983767,160.6905567517687
1786903069,20,GET,/compute,28.000000,0.000000,290,340,400,460,640,1300,1500,1600,2000,2000,2000,6528,66,150,334.77612685420337,114.14329998660833,5711.027099983767,160.69577205882354
1786903069,20,,Aggregated,28.000000,0.000000,290,340,400,460,640,1300,1500,1600,2000,2000,2000,6528,66,150,334.77612685420337,114.14329998660833,5711.027099983767,160.69577205882354
1786903070,20,GET,/compute,28.000000,0.000000,290,350,440,500,900,1300,1500,1600,2000,2000,2000,6539,66,150,335.40152728310727,114.14329998660833,5711.027099983767,160.69796604985473
1786903070,20,,Aggregated,28.000000,0.000000,290,350,440,500,900,1300,1500,1600,2000,2000,2000,6539,66,150,335.40152728310727,114.14329998660833,5711.027099983767,160.69796604985473
1786903071,20,GET,/compute,27.700000,0.000000,260,330,420,460,1100,1300,1400,1600,2000,2000,2000,6579,75,150,336.0868184380735,114.14329998660833,5711.027099983767,160.52941176470588
1786903071,20,,Aggregated,27.700000,0.000000,260,330,420,460,1100,1300,1400,1600,2000,2000,2000,6579,75,150,336.0868184380735,114.14329998660833,5711.027099983767,160.52941176470588
1786903072,20,GET,/compute,27.700000,0.000000,250,320,380,440,900,1200,1400,1400,1400,1400,1400,6590,75,150,335.7897420340216,114.14329998660833,5711.027099983767,160.5318664643399
1786903072,20,,Aggregated,27.700000,0.000000,250,320,380,440,900,1200,1400,1400,1400,1400,1400,6590,75,150,335.7897420340216,114.14329998660833,5711.027099983767,160.5318664643399
1786903073,20,GET,/compute,26.100000,0.000000,250,320,350,410,540,980,1100,1300,1400,1400,1400,6591,75,150,335.9030372332339,114.14329998660833,5711.027099983767,160.5320892125626
1786903073,20,,Aggregated,26.100000,0.000000,250,320,350,410,540,980,1100,1300,1400,1400,1400,6591,75,150,335.9030372332339,114.14329998660833,5711.027099983767,160.5320892125626
1786903074,20,GET,/compute,27.100000,0.900000,250,320,410,490,1300,2200,2400,2500,2500,2500,2500,6611,75,150,341.71914985695065,114.14329998660833,5711.027099983767,160.5365300257147
1786903074,20,,Aggregated,27.100000,0.900000,250,320,410,490,1300,2200,2400,2500,2500,2500,2500,6611,75,150,341.71914985695065,114.14329998660833,5711.027099983767,160.5365300257147
1786903075,20,GET,/compute,26.600000,0.900000,290,430,790,860,1400,2200,2400,2500,2500,2500,2500,6631,82,150,343.24005596505646,114.14329998660833,5711.027099983767,160.4047654954004
1786903075,20,,Aggregated,26.600000,0.900000,290,430,790,860,1400,2200,2400,2500,2500,2500,2500,6631,82,150,343.24005596505646,114.14329998660833,5711.027099983767,160.4047654954004
1786903076,20,GET,/compute,26.600000,0.900000,270,510,840,940,2100,2300,2500,2500,2500,2500,2500,6642,82,150,342.9149675706587,114.14329998660833,5711.027099983767,160.40740740740742
1786903076,20,,Aggregated,26.600000,0.900000,270,510,840,940,2100,2300,2500,2500,2500,2500,2500,6642,82,150,342.9149675706587,114.14329998660833,5711.027099983767,160.40740740740742
1786903077,20,GET,/compute,22.100000,0.900000,340,800,940,990,2100,2300,2500,2500,2500,2500,2500,6677,84,150,344.41407669677824,114.14329998660833,5711.027099983767,160.37711547101992
1786903077,20,,Aggregated,22.100000,0.900000,340,800,940,990,2100,2300,2500,2500,2500,2500,2500,6677,84,150,344.41407669677824,114.14329998660833,5711.027099983767,160.37711547101992
1786903078,20,GET,/compute,21.600000,1.600000,320,800,930,990,2100,2300,2500,2500,2500,2500,2500,6708,86,150,343.59606110682313,114.14329998660833,5711.027099983767,160.34615384615384
1786903078,20,,Aggregated,21.600000,1.600000,320,800,930,990,2100,2300,2500,2500,2500,2500,2500,6708,86,150,343.59606110682313,114.14329998660833,5711.027099983767,160.34615384615384
1786903079,20,GET,/compute,20.500000,1.600000,180,610,840,950,1300,2200,2400,2500,2500,2500,2500,6752,87,150,342.53065564342904,114.14329998660833,5711.027099983767,160.3378258293839
1786903079,20,,Aggregated,20.500000,1.600000,180,610,840,950,1300,2200,2400,2500,2500,2500,2500,6752,87,150,342.53065564342904,114.14329998660833,5711.027099983767,160.3378258293839
1786903080,20,GET,/compute,20.300000,1.800000,160,230,760,810,1100,2200,2400,2500,2500,2500,2500,6790,87,150,341.5600426516078,114.14329998660833,5711.027099983767,160.34712812960237
1786903080,20,,Aggregated,20.300000,1.800000,160,230,760,810,1100,2200,2400,2500,2500,2500,2500,6790,87,150,341.5600426516078,114.14329998660833,5711.027099983767,160.34712812960237
1786903081,20,GET,/compute,20.700000,2.100000,160,220,710,800,1100,2200,2400,2500,2500,2500,2500,6834,87,150,340.3047247153076,114.14329998660833,5711.027099983767,160.3577699736611
1786903081,20,,Aggregated,20.700000,2.100000,160,220,710,800,1100,2200,2400,2500,2500,2500,2500,6834,87,150,340.3047247153076,114.14329998660833,5711.027099983767,160.3577699736611
1786903082,20,GET,/compute,23.100000,2.100000,150,190,310,770,990,2200,2400,2500,2500,2500,2500,6873,87,150,339.26822728128565,114.14329998660833,5711.027099983767,160.36708860759492
1786903082,20,,Aggregated,23.100000,2.100000,150,190,310,770,990,2200,2400,2500,2500,2500,2500,6873,87,150,339.26822728128565,114.14329998660833,5711.027099983767,160.36708860759492
1786903083,20,GET,/compute,25.200000,1.200000,150,170,230,340,950,2200,2400,2500,2500,2500,2500,6911,87,150,338.27586850011136,114.14329998660833,5711.027099983767,160.37606713934306
1786903083,20,,Aggregated,25.200000,1.200000,150,170,230,340,950,2200,2400,2500,2500,2500,2500,6911,87,150,338.27586850011136,114.14329998660833,5711.027099983767,160.37606713934306
1786903084,20,GET,/compute,26.100000,1.200000,150,160,190,220,780,900,990,1100,1100,1100,1100,6950,87,150,337.3047189646746,114.14329998660833,5711.027099983767,160.38517985611512
1786903084,20,,Aggregated,26.100000,1.200000,150,160,190,220,780,900,990,1100,1100,1100,1100,6950,87,150,337.3047189646746,114.14329998660833,5711.027099983767,160.38517985611512
1786903085,20,GET,/compute,30.100000,1.200000,150,160,170,190,260,780,990,1100,1100,1100,1100,6990,87,150,336.24652074455906,114.14329998660833,5711.027099983767,160.39442060085838
1786903085,20,,Aggregated,30.100000,1.200000,150,160,170,190,260,780,990,1100,1100,1100,1100,6990,87,150,336.24652074455906,114.14329998660833,5711.027099983767,160.39442060085838
1786903086,20,GET,/compute,34.000000,1.200000,150,150,160,170,210,240,340,370,590,590,590,7028,87,150,335.2702129630661,114.14329998660833,5711.027099983767,160.40310187820148
1786903086,20,,Aggregated,34.000000,1.200000,150,150,160,170,210,240,340,370,590,590,590,7028,87,150,335.2702129630661,114.14329998660833,5711.027099983767,160.40310187820148
1786903087,20,GET,/compute,35.600000,1.200000,150,150,160,160,190,230,330,550,600,600,600,7069,87,150,334.2864015991551,114.14329998660833,5711.027099983767,160.4123638421276
1786903087,20,,Aggregated,35.600000,1.200000,150,150,160,160,190,230,330,550,600,600,600,7069,87,150,334.2864015991551,114.14329998660833,5711.027099983767,160.4123638421276
1786903088,20,GET,/compute,36.600000,0.500000,150,150,160,160,170,210,240,550,600,600,600,7104,87,150,333.43564194879735,114.14329998660833,5711.027099983767,160.4201858108108
1786903088,20,,Aggregated,36.600000,0.500000,150,150,160,160,170,210,240,550,600,600,600,7104,87,150,333.43564194879735,114.14329998660833,5711.027099983767,160.4201858108108
1786903089,20,GET,/compute,38.400000,0.500000,150,150,160,160,170,210,240,550,600,600,600,7146,87,150,332.3577997626859,114.14329998660833,5711.027099983767,160.4294710327456
1786903089,20,,Aggregated,38.400000,0.500000,150,150,160,160,170,210,240,550,600,600,600,7146,87,150,332.3577997626859,114.14329998660833,5711.027099983767,160.4294710327456
1786903090,20,GET,/compute,39.200000,0.300000,150,150,160,160,170,190,230,550,600,600,600,7188,87,150,331.29013617196085,114.14329998660833,5711.027099983767,160.43864774624373
1786903090,20,,Aggregated,39.200000,0.300000,150,150,160,160,170,190,230,550,600,600,600,7188,87,150,331.29013617196085,114.14329998660833,5711.027099983767,160.43864774624373
1786903091,20,GET,/compute,39.400000,0.000000,150,150,160,160,170,190,230,550,600,600,600,7223,87,150,330.3865537455041,114.14329998660833,5711.027099983767,160.44621348470164
1786903091,20,,Aggregated,39.400000,0.000000,150,150,160,160,170,190,230,550,600,600,600,7223,87,150,330.3865537455041,114.14329998660833,5711.027099983767,160.44621348470164
1786903092,20,GET,/compute,39.000000,0.000000,150,150,160,160,160,180,210,540,600,600,600,7264,87,150,329.32298846416484,114.14329998660833,5711.027099983767,160.45498348017622
1786903092,20,,Aggregated,39.000000,0.000000,150,150,160,160,160,180,210,540,600,600,600,7264,87,150,329.32298846416484,114.14329998660833,5711.027099983767,160.45498348017622
1786903093,20,GET,/compute,38.800000,0.000000,150,150,150,160,160,160,170,540,600,600,600,7304,87,150,328.30254541394305,114.14329998660833,5711.027099983767,160.46344468784227
1786903093,20,,Aggregated,38.800000,0.000000,150,150,150,160,160,160,170,540,600,600,600,7304,87,150,328.30254541394305,114.14329998660833,5711.027099983767,160.46344468784227
1786903094,20,GET,/compute,38.800000,0.000000,150,150,150,160,170,270,420,540,600,600,600,7336,87,150,328.0137354284955,114.14329998660833,5711.027099983767,160.47014721919302
1786903094,20,,Aggregated,38.800000,0.000000,150,150,150,160,170,270,420,540,600,600,600,7336,87,150,328.0137354284955,114.14329998660833,5711.027099983767,160.47014721919302
1786903095,20,GET,/compute,38.500000,0.000000,150,150,150,160,160,240,420,480,600,600,600,7371,87,150,327.1709343648925,114.14329998660833,5711.027099983767,160.47741147741147
1786903095,20,,Aggregated,38.500000,0.000000,150,150,150,160,160,240,420,480,600,600,600,7371,87,150,327.1709343648925,114.14329998660833,5711.027099983767,160.47741147741147
1786903096,20,GET,/compute,38.100000,0.000000,150,150,150,160,170,280,420,480,550,550,550,7412,87,150,326.3672934840064,114.14329998660833,5711.027099983767,160.48583378305452
1786903096,20,,Aggregated,38.100000,0.000000,150,150,150,160,170,280,420,480,550,550,550,7412,87,150,326.3672934840064,114.14329998660833,5711.027099983767,160.48583378305452
1786903097,20,GET,/compute,38.300000,0.000000,150,150,160,160,180,280,420,460,550,550,550,7446,87,150,325.6054968309819,114.14329998660833,5711.027099983767,160.49274778404512
1786903097,20,,Aggregated,38.300000,0.000000,150,150,160,160,180,280,420,460,550,550,550,7446,87,150,325.6054968309819,114.14329998660833,5711.027099983767,160.49274778404512
1786903098,20,GET,/compute,37.800000,0.000000,150,150,160,160,190,280,420,480,570,570,570,7484,87,150,324.8461256418089,114.14329998660833,5711.027099983767,160.50040085515766
1786903098,20,,Aggregated,37.800000,0.000000,150,150,160,160,190,280,420,480,570,570,570,7484,87,150,324.8461256418089,114.14329998660833,5711.027099983767,160.50040085515766
1786903099,20,GET,/compute,37.500000,0.000000,150,150,160,160,190,280,420,480,570,570,570,7524,87,150,323.91072240872586,114.14329998660833,5711.027099983767,160.50837320574163
1786903099,20,,Aggregated,37.500000,0.000000,150,150,160,160,190,280,420,480,570,570,570,7524,87,150,323.91072240872586,114.14329998660833,5711.027099983767,160.50837320574163
1786903100,20,GET,/compute,37.500000,0.000000,150,150,160,160,200,280,420,480,570,570,570,7565,87,150,323.05462490460235,114.14329998660833,5711.027099983767,160.51645736946463
1786903100,20,,Aggregated,37.500000,0.000000,150,150,160,160,200,280,420,480,570,570,570,7565,87,150,323.05462490460235,114.14329998660833,5711.027099983767,160.51645736946463
1786903101,20,GET,/compute,37.600000,0.000000,150,160,160,170,240,290,420,480,570,570,570,7600,87,150,322.4433031319916,114.14329998660833,5711.027099983767,160.5232894736842
1786903101,20,,Aggregated,37.600000,0.000000,150,160,160,170,240,290,420,480,570,570,570,7600,87,150,322.4433031319916,114.14329998660833,5711.027099983767,160.5232894736842
1786903102,20,GET,/compute,37.600000,0.000000,150,160,170,180,240,330,420,520,570,570,570,7636,87,150,321.6892955740196,114.14329998660833,5711.027099983767,160.5302514405448
1786903102,20,,Aggregated,37.600000,0.000000,150,160,170,180,240,330,420,520,570,570,570,7636,87,150,321.6892955740196,114.14329998660833,5711.027099983767,160.5302514405448
1786903103,20,GET,/compute,37.500000,0.000000,150,160,170,190,260,330,420,520,570,570,570,7671,87,150,321.0831988271614,114.14329998660833,5711.027099983767,160.5369573719202
1786903103,20,,Aggregated,37.500000,0.000000,150,160,170,190,260,330,420,520,570,570,570,7671,87,150,321.0831988271614,114.14329998660833,5711.027099983767,160.5369573719202
1786903104,20,GET,/compute,37.100000,0.000000,150,160,170,190,260,300,330,520,570,570,570,7706,90,150,320.5595498187467,114.14329998660833,5711.027099983767,160.49338178043084
1786903104,20,,Aggregated,37.100000,0.000000,150,160,170,190,260,300,330,520,570,570,570,7706,90,150,320.5595498187467,114.14329998660833,5711.027099983767,160.49338178043084
1786903105,20,GET,/compute,36.800000,0.000000,150,160,170,190,230,300,340,550,620,620,620,7746,90,150,319.7878773822992,114.14329998660833,5711.027099983767,160.50116189000775
1786903105,20,,Aggregated,36.800000,0.000000,150,160,170,190,230,300,340,550,620,620,620,7746,90,150,319.7878773822992,114.14329998660833,5711.027099983767,160.50116189000775
1786903106,20,GET,/compute,37.100000,0.000000,150,160,170,180,220,280,330,550,620,620,620,7786,90,150,318.87055548462394,114.14329998660833,5711.027099983767,160.50886206010787
1786903106,20,,Aggregated,37.100000,0.000000,150,160,170,180,220,280,330,550,620,620,620,7786,90,150,318.87055548462394,114.14329998660833,5711.027099983767,160.50886206010787
1786903107,20,GET,/compute,36.900000,0.300000,150,160,170,190,240,300,340,570,730,730,730,7823,90,150,318.30411346070593,114.14329998660833,5711.027099983767,160.51591461076313
1786903107,20,,Aggregated,36.900000,0.300000,150,160,170,190,240,300,340,570,730,730,730,7823,90,150,318.30411346070593,114.14329998660833,5711.027099983767,160.51591461076313
1786903108,20,GET,/compute,36.800000,0.300000,150,160,170,190,230,300,340,530,730,730,730,7863,90,150,317.4152963249453,114.14329998660833,5711.027099983767,160.52346432659292
1786903108,20,,Aggregated,36.800000,0.300000,150,160,170,190,230,300,340,530,730,730,730,7863,90,150,317.4152963249453,114.14329998660833,5711.027099983767,160.52346432659292
1786903109,20,GET,/compute,37.700000,0.300000,150,160,160,180,230,300,340,530,730,730,730,7903,90,150,316.5425293057089,114.14329998660833,5711.027099983767,160.53093761862584
1786903109,20,,Aggregated,37.700000,0.300000,150,160,160,180,230,300,340,530,730,730,730,7903,90,150,316.5425293057089,114.14329998660833,5711.027099983767,160.53093761862584
1786903110,20,GET,/compute,37.300000,0.300000,150,150,160,170,230,300,340,570,730,730,730,7943,90,150,315.7682164425059,114.14329998660833,5711.027099983767,160.5383356414453
1786903110,20,,Aggregated,37.300000,0.300000,150,150,160,170,230,300,340,570,730,730,730,7943,90,150,315.7682164425059,114.14329998660833,5711.027099983767,160.5383356414453
1786903111,20,GET,/compute,37.500000,0.300000,150,150,160,160,220,280,320,530,730,730,730,7982,90,150,314.92870819378,114.14329998660833,5711.027099983767,160.54547732397896
1786903111,20,,Aggregated,37.500000,0.300000,150,150,160,160,220,280,320,530,730,730,730,7982,90,150,314.92870819378,114.14329998660833,5711.027099983767,160.54547732397896
1786903112,20,GET,/compute,37.400000,0.300000,150,150,160,160,200,280,320,530,730,730,730,8023,90,150,314.10047874894815,114.14329998660833,5711.027099983767,160.55291038264988
1786903112,20,,Aggregated,37.400000,0.300000,150,150,160,160,200,280,320,530,730,730,730,8023,90,150,314.10047874894815,114.14329998660833,5711.027099983767,160.55291038264988
1786903113,20,GET,/compute,37.700000,0.300000,150,150,150,160,170,240,300,530,730,730,730,8060,90,150,313.32995233283566,114.14329998660833,5711.027099983767,160.55955334987593
1786903113,20,,Aggregated,37.700000,0.300000,150,150,150,160,170,240,300,530,730,730,730,8060,90,150,313.32995233283566,114.14329998660833,5711.027099983767,160.55955334987593
1786903114,20,GET,/compute,37.900000,0.300000,150,150,150,150,160,170,290,530,730,730,730,8101,90,150,312.4724920260257,114.14329998660833,5711.027099983767,160.5668435995556
1786903114,20,,Aggregated,37.900000,0.300000,150,150,150,150,160,170,290,530,730,730,730,8101,90,150,312.4724920260257,114.14329998660833,5711.027099983767,160.5668435995556
1786903115,20,GET,/compute,38.300000,0.300000,150,150,150,150,160,170,290,520,730,730,730,8140,90,150,311.7226110077383,114.14329998660833,5711.027099983767,160.57371007371006
1786903115,20,,Aggregated,38.300000,0.300000,150,150,150,150,160,170,290,520,730,730,730,8140,90,150,311.7226110077383,114.14329998660833,5711.027099983767,160.57371007371006
1786903116,20,GET,/compute,38.700000,0.300000,150,150,150,150,160,170,290,520,730,730,730,8149,90,150,311.53644460706505,114.14329998660833,5711.027099983767,160.5752853110811
1786903116,20,,Aggregated,38.700000,0.300000,150,150,150,150,160,170,290,520,730,730,730,8149,90,150,311.53644460706505,114.14329998660833,5711.027099983767,160.5752853110811
1786903117,20,GET,/compute,38.700000,0.300000,150,150,150,150,160,160,170,250,570,570,570,8149,90,150,311.53644460706505,114.14329998660833,5711.027099983767,160.5752853110811
1786903117,20,,Aggregated,38.700000,0.300000,150,150,150,150,160,160,170,250,570,570,570,8149,90,150,311.53644460706505,114.14329998660833,5711.027099983767,160.5752853110811
1786903118,20,GET,/compute,39.000000,0.000000,150,150,150,150,160,160,250,570,2200,2200,2200,8151,90,150,311.9989161456203,114.14329998660833,5711.027099983767,160.57563489142436
1786903118,20,,Aggregated,39.000000,0.000000,150,150,150,150,160,160,250,570,2200,2200,2200,8151,90,150,311.9989161456203,114.14329998660833,5711.027099983767,160.57563489142436
1786903119,20,GET,/compute,35.100000,0.000000,150,150,150,150,170,2800,3000,3100,3100,3100,3100,8191,90,150,317.4259792947459,114.14329998660833,5711.027099983767,160.5825906482725
1786903119,20,,Aggregated,35.100000,0.000000,150,150,150,150,170,2800,3000,3100,3100,3100,3100,8191,90,150,317.4259792947459,114.14329998660833,5711.027099983767,160.5825906482725
1786903120,20,GET,/compute,31.700000,0.000000,150,150,150,160,540,2900,3000,3100,3100,3100,3100,8211,90,150,317.5336020099022,114.14329998660833,5711.027099983767,160.58604311289733
1786903120,20,,Aggregated,31.700000,0.000000,150,150,150,160,540,2900,3000,3100,3100,3100,3100,8211,90,150,317.5336020099022,114.14329998660833,5711.027099983767,160.58604311289733
1786903121,20,GET,/compute,27.700000,0.000000,150,150,160,210,820,2900,3000,3100,3100,3100,3100,8221,90,150,318.11761637311474,114.14329998660833,5711.027099983767,160.58776304585817
1786903121,20,,Aggregated,27.700000,0.000000,150,150,160,210,820,2900,3000,3100,3100,3100,3100,8221,90,150,318.11761637311474,114.14329998660833,5711.027099983767,160.58776304585817
1786903122,20,GET,/compute,28.400000,0.000000,150,160,530,720,1300,2900,3000,3100,3100,3100,3100,8258,90,150,319.450670816569,114.14329998660833,5711.027099983767,160.59409057883263
1786903122,20,,Aggregated,28.400000,0.000000,150,160,530,720,1300,2900,3000,3100,3100,3100,3100,8258,90,150,319.450670816569,114.14329998660833,5711.027099983767,160.59409057883263
1786903123,20,GET,/compute,26.200000,0.000000,150,210,530,720,1300,2900,3000,3100,3100,3100,3100,8295,90,150,318.88180982557,114.14329998660833,5711.027099983767,160.6003616636528
1786903123,20,,Aggregated,26.200000,0.000000,150,210,530,720,1300,2900,3000,3100,3100,3100,3100,8295,90,150,318.88180982557,114.14329998660833,5711.027099983767,160.6003616636528
1786903124,20,GET,/compute,23.200000,0.000000,150,200,530,720,1300,2900,3000,3100,3100,3100,3100,8337,90,150,318.0149671948036,114.14329998660833,5711.027099983767,160.6074127383951
1786903124,20,,Aggregated,23.200000,0.000000,150,200,530,720,1300,2900,3000,3100,3100,3100,3100,8337,90,150,318.0149671948036,114.14329998660833,5711.027099983767,160.6074127383951
1786903125,20,GET,/compute,23.300000,0.000000,150,210,530,720,1300,2900,3000,3100,3100,3100,3100,8376,90,150,317.2414319009965,114.14329998660833,5711.027099983767,160.61389684813753
1786903125,20,,Aggregated,23.300000,0.000000,150,210,530,720,1300,2900,3000,3100,3100,3100,3100,8376,90,150,317.2414319009965,114.14329998660833,5711.027099983767,160.61389684813753
1786903126,20,GET,/compute,23.000000,0.000000,150,170,240,580,1200,2900,3000,3100,3100,3100,3100,8417,90,150,316.40512566266824,114.14329998660833,5711.027099983767,160.6206486871807
1786903126,20,,Aggregated,23.000000,0.000000,150,170,240,580,1200,2900,3000,3100,3100,3100,3100,8417,90,150,316.40512566266824,114.14329998660833,5711.027099983767,160.6206486871807
1786903127,20,GET,/compute,23.600000,0.000000,150,160,210,520,1100,2700,3000,3100,3100,3100,3100,8456,90,150,315.66982042372774,114.14329998660833,5711.027099983767,160.62701040681173
1786903127,20,,Aggregated,23.600000,0.000000,150,160,210,520,1100,2700,3000,3100,3100,3100,3100,8456,90,150,315.66982042372774,114.14329998660833,5711.027099983767,160.62701040681173
1786903128,20,GET,/compute,23.300000,0.000000,150,160,190,240,820,2600,3000,3100,3100,3100,3100,8493,90,150,314.9739592844793,114.14329998660833,5711.027099983767,160.6329918756623
1786903128,20,,Aggregated,23.300000,0.000000,150,160,190,240,820,2600,3000,3100,3100,3100,3100,8493,90,150,314.9739592844793,114.14329998660833,5711.027099983767,160.6329918756623
1786903129,20,GET,/compute,26.800000,0.000000,150,160,170,200,570,810,1200,1300,1400,1400,1400,8533,90,150,314.2822860076477,114.14329998660833,5711.027099983767,160.63939997656158
1786903129,20,,Aggregated,26.800000,0.000000,150,160,170,200,570,810,1200,1300,1400,1400,1400,8533,90,150,314.2822860076477,114.14329998660833,5711.027099983767,160.63939997656158
1786903131,20,GET,/compute,30.800000,0.000000,150,150,160,160,230,720,1200,1300,1400,1400,1400,8573,90,150,313.5315373268583,114.14329998660833,5711.027099983767,160.6457482794821
1786903131,20,,Aggregated,30.800000,0.000000,150,150,160,160,230,720,1200,1300,1400,1400,1400,8573,90,150,313.5315373268583,114.14329998660833,5711.027099983767,160.6457482794821
1786903132,20,GET,/compute,34.200000,0.000000,150,150,160,160,180,230,270,300,570,570,570,8614,90,150,312.7206265037434,114.14329998660833,5711.027099983767,160.65219410262364
1786903132,20,,Aggregated,34.200000,0.000000,150,150,160,160,180,230,270,300,570,570,570,8614,90,150,312.7206265037434,114.14329998660833,5711.027099983767,160.65219410262364
1786903133,20,GET,/compute,33.900000,0.000000,150,150,150,160,160,180,240,270,570,570,570,8654,90,150,311.9627350130617,114.14329998660833,5711.027099983767,160.65842385024266
1786903133,20,,Aggregated,33.900000,0.000000,150,150,150,160,160,180,240,270,570,570,570,8654,90,150,311.9627350130617,114.14329998660833,5711.027099983767,160.65842385024266
1786903134,20,GET,/compute,39.300000,0.000000,150,150,150,160,170,200,270,290,570,570,570,8696,90,150,311.2291754258347,114.14329998660833,5711.027099983767,160.66490340386383
1786903134,20,,Aggregated,39.300000,0.000000,150,150,150,160,170,200,270,290,570,570,570,8696,90,150,311.2291754258347,114.14329998660833,5711.027099983767,160.66490340386383
1786903135,20,GET,/compute,39.300000,0.000000,150,150,150,160,160,190,270,290,570,570,570,8726,90,150,310.64129436204956,114.14329998660833,5711.027099983767,160.6694934677974
1786903135,20,,Aggregated,39.300000,0.000000,150,150,150,160,160,190,270,290,570,570,570,8726,90,150,310.64129436204956,114.14329998660833,5711.027099983767,160.6694934677974
1786903136,20,GET,/compute,39.300000,0.000000,150,150,160,160,180,270,320,410,570,570,570,8766,90,150,310.134153947421,114.14329998660833,5711.027099983767,160.67556468172484
1786903136,20,,Aggregated,39.300000,0.000000,150,150,160,160,180,270,320,410,570,570,570,8766,90,150,310.134153947421,114.14329998660833,5711.027099983767,160.67556468172484
1786903137,20,GET,/compute,38.600000,0.000000,150,150,160,160,210,290,330,390,530,530,530,8807,90,150,309.5722674807608,114.14329998660833,5711.027099983767,160.6817304416941
1786903137,20,,Aggregated,38.600000,0.000000,150,150,160,160,210,290,330,390,530,530,530,8807,90,150,309.5722674807608,114.14329998660833,5711.027099983767,160.6817304416941
1786903138,20,GET,/compute,38.900000,0.000000,150,150,160,170,210,290,330,390,590,590,590,8845,90,150,308.9883797064054,114.14329998660833,5711.027099983767,160.68739400791407
1786903138,20,,Aggregated,38.900000,0.000000,150,150,160,170,210,290,330,390,590,590,590,8845,90,150,308.9883797064054,114.14329998660833,5711.027099983767,160.68739400791407
1786903139,20,GET,/compute,38.700000,0.000000,150,150,160,160,210,290,330,390,590,590,590,8888,90,150,308.1819799283398,114.14329998660833,5711.027099983767,160.69374437443744
1786903139,20,,Aggregated,38.700000,0.000000,150,150,160,160,210,290,330,390,590,590,590,8888,90,150,308.1819799283398,114.14329998660833,5711.027099983767,160.69374437443744
1786903140,20,GET,/compute,38.400000,0.000000,150,150,160,160,200,290,330,390,590,590,590,8927,90,150,307.47417756280663,114.14329998660833,5711.027099983767,160.6994511033942
1786903140,20,,Aggregated,38.400000,0.000000,150,150,160,160,200,290,330,390,590,590,590,8927,90,150,307.47417756280663,114.14329998660833,5711.027099983767,160.6994511033942
