Timestamp,User Count,Type,Name,Requests/s,Failures/s,50%,66%,75%,80%,90%,95%,98%,99%,99.9%,99.99%,100%,Total Request Count,Total Failure Count,Total Median Response Time,Total Average Response Time,Total Min Response Time,Total Max Response Time,Total Average Content Size
1786902065,0,,Aggregated,0.000000,0.000000,N/A,N/A,N/A,N/A,N/A,N/A,N/A,N/A,N/A,N/A,N/A,0,0,0,0.0,0,0,0
1786902066,4,GET,/compute,0.000000,0.000000,0,0,0,0,0,0,0,0,0,0,0,4,0,770,789.7994750092039,760.9749000403099,829.9964999896474,162.0
1786902066,4,,Aggregated,0.000000,0.000000,0,0,0,0,0,0,0,0,0,0,0,4,0,770,789.7994750092039,760.9749000403099,829.9964999896474,162.0
1786902067,8,GET,/compute,0.000000,0.000000,0,0,0,0,0,0,0,0,0,0,0,14,0,760,607.9381857167131,151.01440000580624,914.7151000215672,162.0
1786902067,8,,Aggregated,0.000000,0.000000,770,830,830,910,910,910,910,910,910,910,910,14,0,760,607.9381857167131,151.01440000580624,914.7151000215672,162.0
1786902068,12,GET,/compute,0.000000,0.000000,380,590,620,620,910,910,910,910,910,910,910,27,0,390,503.07675556245226,149.81520001310855,914.7151000215672,162.0
1786902068,12,,Aggregated,0.000000,0.000000,390,620,770,790,910,910,910,910,910,910,910,27,0,390,503.07675556245226,149.81520001310855,914.7151000215672,162.0
1786902069,20,GET,/compute,2.000000,0.000000,390,440,590,620,910,980,990,990,990,990,990,47,0,390,484.8691617061899,149.81520001310855,987.2169999871403,162.0
1786902069,20,,Aggregated,2.000000,0.000000,390,450,620,770,910,980,990,990,990,990,990,47,0,390,484.8691617061899,149.81520001310855,987.2169999871403,162.0
1786902070,20,GET,/compute,5.333333,0.000000,340,410,450,620,860,910,990,990,990,990,990,73,0,360,434.0718712351502,149.81520001310855,987.2169999871403,162.0
1786902070,20,,Aggregated,5.333333,0.000000,360,430,590,680,830,910,990,990,990,990,990,73,0,360,434.0718712351502,149.81520001310855,987.2169999871403,162.0
1786902071,20,GET,/compute,7.750000,0.000000,320,390,430,450,830,980,1000,2600,2600,2600,2600,99,0,320,434.07703737547206,149.81520001310855,2577.5641999789514,162.0
1786902071,20,,Aggregated,7.750000,0.000000,320,400,450,620,830,980,1000,2600,2600,2600,2600,99,0,320,434.07703737547206,149.81520001310855,2577.5641999789514,162.0
1786902072,20,GET,/compute,10.600000,0.000000,320,390,420,450,710,910,1000,1000,2600,2600,2600,127,0,320,420.55905354392576,149.81520001310855,2577.5641999789514,162.0
1786902072,20,,Aggregated,10.600000,0.000000,320,390,430,460,790,910,1000,1000,2600,2600,2600,127,0,320,420.55905354392576,149.81520001310855,2577.5641999789514,162.0
1786902073,20,GET,/compute,13.500000,0.000000,360,400,430,440,710,980,1000,1500,2600,2600,2600,150,0,370,430.43429666819674,149.81520001310855,2577.5641999789514,162.0
1786902073,20,,Aggregated,13.500000,0.000000,370,410,430,450,790,980,1000,1500,2600,2600,2600,150,0,370,430.43429666819674,149.81520001310855,2577.5641999789514,162.0
1786902074,20,GET,/compute,15.571429,0.000000,370,400,420,430,680,980,1000,1500,2600,2600,2600,184,0,370,414.9705923925427,145.58669994585216,2577.5641999789514,162.0
1786902074,20,,Aggregated,15.571429,0.000000,370,410,430,440,760,910,1000,1500,2600,2600,2600,184,0,370,414.9705923925427,145.58669994585216,2577.5641999789514,162.0
1786902075,20,GET,/compute,16.375000,0.000000,320,390,420,430,620,960,1000,1100,2600,2600,2600,217,0,330,386.39059032325326,136.01989997550845,2577.5641999789514,162.0
1786902075,20,,Aggregated,16.375000,0.000000,330,400,420,430,710,960,1000,1100,2600,2600,2600,217,0,330,386.39059032325326,136.01989997550845,2577.5641999789514,162.0
1786902076,20,GET,/compute,17.333333,0.000000,310,390,410,420,590,910,1000,1100,2600,2600,2600,250,0,310,371.01390720158815,136.01989997550845,2577.5641999789514,162.0
1786902076,20,,Aggregated,17.333333,0.000000,310,390,410,420,590,910,1000,1100,2600,2600,2600,250,0,310,371.01390720158815,136.01989997550845,2577.5641999789514,162.0
1786902077,20,GET,/compute,19.200000,0.000000,300,380,400,420,450,860,1000,1100,2600,2600,2600,277,0,300,365.35164765489964,136.01989997550845,2577.5641999789514,162.0
1786902077,20,,Aggregated,19.200000,0.000000,300,380,400,420,450,860,1000,1100,2600,2600,2600,277,0,300,365.35164765489964,136.01989997550845,2577.5641999789514,162.0
1786902078,20,GET,/compute,22.600000,0.000000,290,350,400,410,440,960,1100,1100,2600,2600,2600,313,0,300,357.33163642333284,136.01989997550845,2577.5641999789514,162.0
1786902078,20,,Aggregated,22.600000,0.000000,290,350,400,410,440,960,1100,1100,2600,2600,2600,313,0,300,357.33163642333284,136.01989997550845,2577.5641999789514,162.0
1786902079,20,GET,/compute,25.300000,0.000000,260,320,380,400,430,760,1100,1100,2600,2600,2600,348,0,280,340.1304155189394,132.1925999945961,2577.5641999789514,162.0
1786902079,20,,Aggregated,25.300000,0.000000,260,320,380,400,430,760,1100,1100,2600,2600,2600,348,0,280,340.1304155189394,132.1925999945961,2577.5641999789514,162.0
1786902080,20,GET,/compute,26.500000,0.000000,250,320,370,390,430,470,1100,1100,2600,2600,2600,379,0,270,331.96909973824194,132.1925999945961,2577.5641999789514,162.0
1786902080,20,,Aggregated,26.500000,0.000000,250,320,370,390,430,470,1100,1100,2600,2600,2600,379,0,270,331.96909973824194,132.1925999945961,2577.5641999789514,162.0
1786902081,20,GET,/compute,28.600000,0.000000,240,310,350,390,420,460,1000,1100,1500,1500,1500,410,0,270,329.2725431721476,132.1925999945961,2577.5641999789514,162.0
1786902081,20,,Aggregated,28.600000,0.000000,240,310,350,390,420,460,1000,1100,1500,1500,1500,410,0,270,329.2725431721476,132.1925999945961,2577.5641999789514,162.0
1786902082,20,GET,/compute,30.400000,0.000000,240,300,350,380,430,500,1000,1100,1100,1100,1100,445,0,270,328.49143595706795,132.1925999945961,2577.5641999789514,162.0
1786902082,20,,Aggregated,30.400000,0.000000,240,300,350,380,430,500,1000,1100,1100,1100,1100,445,0,270,328.49143595706795,132.1925999945961,2577.5641999789514,162.0
1786902083,20,GET,/compute,30.400000,0.000000,230,280,320,350,420,530,960,1100,1100,1100,1100,472,0,270,328.0500667392902,132.1925999945961,2577.5641999789514,162.0
1786902083,20,,Aggregated,30.400000,0.000000,230,280,320,350,420,530,960,1100,1100,1100,1100,472,0,270,328.0500667392902,132.1925999945961,2577.5641999789514,162.0
1786902084,20,GET,/compute,30.800000,0.000000,240,280,320,350,420,540,710,1000,1100,1100,1100,494,0,280,330.086359515954,132.1925999945961,2577.5641999789514,162.0
1786902084,20,,Aggregated,30.800000,0.000000,240,280,320,350,420,540,710,1000,1100,1100,1100,494,0,280,330.086359515954,132.1925999945961,2577.5641999789514,162.0
1786902085,20,GET,/compute,31.400000,0.000000,260,300,340,350,460,560,710,1000,1500,1500,1500,527,0,280,332.68555313244065,132.1925999945961,2577.5641999789514,162.0
1786902085,20,,Aggregated,31.400000,0.000000,260,300,340,350,460,560,710,1000,1500,1500,1500,527,0,280,332.68555313244065,132.1925999945961,2577.5641999789514,162.0
1786902086,20,GET,/compute,31.600000,0.000000,260,300,340,350,460,610,710,1100,1500,1500,1500,556,0,280,328.95011025319286,132.1925999945961,2577.5641999789514,162.0
1786902086,20,,Aggregated,31.600000,0.000000,260,300,340,350,460,610,710,1100,1500,1500,1500,556,0,280,328.95011025319286,132.1925999945961,2577.5641999789514,162.0
1786902087,20,GET,/compute,30.200000,0.000000,260,300,340,350,430,550,680,710,1500,1500,1500,589,0,280,327.6228113763045,132.1925999945961,2577.5641999789514,162.0
1786902087,20,,Aggregated,30.200000,0.000000,260,300,340,350,430,550,680,710,1500,1500,1500,589,0,280,327.6228113763045,132.1925999945961,2577.5641999789514,162.0
1786902088,20,GET,/compute,30.500000,0.000000,270,310,340,350,420,540,680,710,1500,1500,1500,621,0,280,326.26066199755417,132.1925999945961,2577.5641999789514,162.0
1786902088,20,,Aggregated,30.500000,0.000000,270,310,340,350,420,540,680,710,1500,1500,1500,621,0,280,326.26066199755417,132.1925999945961,2577.5641999789514,162.0
1786902089,20,GET,/compute,30.900000,0.000000,290,330,350,360,460,550,680,710,1500,1500,1500,643,0,280,326.8094822713884,132.1925999945961,2577.5641999789514,162.0
1786902089,20,,Aggregated,30.900000,0.000000,290,330,350,360,460,550,680,710,1500,1500,1500,643,0,280,326.8094822713884,132.1925999945961,2577.5641999789514,162.0
1786902090,20,GET,/compute,30.800000,0.000000,300,340,370,390,530,640,710,940,1500,1500,1500,661,0,290,334.13105174045273,132.1925999945961,2577.5641999789514,162.0
1786902090,20,,Aggregated,30.800000,0.000000,300,340,370,390,530,640,710,940,1500,1500,1500,661,0,290,334.13105174045273,132.1925999945961,2577.5641999789514,162.0
1786902091,20,GET,/compute,30.500000,0.000000,310,360,420,490,680,890,980,1200,1500,1500,1500,684,0,290,351.7438051176267,132.1925999945961,2577.5641999789514,162.0
1786902091,20,,Aggregated,30.500000,0.000000,310,360,420,490,680,890,980,1200,1500,1500,1500,684,0,290,351.7438051176267,132.1925999945961,2577.5641999789514,162.0
1786902092,20,GET,/compute,28.800000,0.000000,320,360,430,490,680,890,980,1200,1500,1500,1500,708,0,290,351.83465776898925,132.1925999945961,2577.5641999789514,162.0
1786902092,20,,Aggregated,28.800000,0.000000,320,360,430,490,680,890,980,1200,1500,1500,1500,708,0,290,351.83465776898925,132.1925999945961,2577.5641999789514,162.0
1786902093,20,GET,/compute,27.800000,0.000000,310,360,400,460,680,890,980,1200,1500,1500,1500,740,0,290,348.9555655409129,132.1925999945961,2577.5641999789514,162.0
1786902093,20,,Aggregated,27.800000,0.000000,310,360,400,460,680,890,980,1200,1500,1500,1500,740,0,290,348.9555655409129,132.1925999945961,2577.5641999789514,162.0
1786902094,20,GET,/compute,26.800000,0.000000,310,350,400,450,660,890,980,1200,1500,1500,1500,766,0,290,348.5974869455269,132.1925999945961,2577.5641999789514,162.0
1786902094,20,,Aggregated,26.800000,0.000000,310,350,400,450,660,890,980,1200,1500,1500,1500,766,0,290,348.5974869455269,132.1925999945961,2577.5641999789514,162.0
1786902095,20,GET,/compute,26.800000,0.000000,300,340,380,430,640,890,970,1200,1400,1400,1400,800,0,290,345.7153515005484,132.1925999945961,2577.5641999789514,162.0
1786902095,20,,Aggregated,26.800000,0.000000,300,340,380,430,640,890,970,1200,1400,1400,1400,800,0,290,345.7153515005484,132.1925999945961,2577.5641999789514,162.0
1786902096,20,GET,/compute,26.900000,0.000000,300,350,390,450,680,890,970,1200,1400,1400,1400,831,0,290,344.2150672690222,132.1925999945961,2577.5641999789514,162.0
1786902096,20,,Aggregated,26.900000,0.000000,300,350,390,450,680,890,970,1200,1400,1400,1400,831,0,290,344.2150672690222,132.1925999945961,2577.5641999789514,162.0
1786902097,20,GET,/compute,28.400000,0.000000,310,360,410,460,680,890,970,1200,1400,1400,1400,859,0,290,345.12479941857214,132.1925999945961,2577.5641999789514,162.0
1786902097,20,,Aggregated,28.400000,0.000000,310,360,410,460,680,890,970,1200,1400,1400,1400,859,0,290,345.12479941857214,132.1925999945961,2577.5641999789514,162.0
1786902098,20,GET,/compute,26.900000,0.000000,310,360,410,450,640,890,970,1200,1400,1400,1400,896,0,290,339.8862991079373,132.1925999945961,2577.5641999789514,162.0
1786902098,20,,Aggregated,26.900000,0.000000,310,360,410,450,640,890,970,1200,1400,1400,1400,896,0,290,339.8862991079373,132.1925999945961,2577.5641999789514,162.0
1786902099,20,GET,/compute,26.500000,0.000000,290,340,390,430,640,890,970,1200,1400,1400,1400,924,0,290,336.26451060663226,132.1925999945961,2577.5641999789514,162.0
1786902099,20,,Aggregated,26.500000,0.000000,290,340,390,430,640,890,970,1200,1400,1400,1400,924,0,290,336.26451060663226,132.1925999945961,2577.5641999789514,162.0
1786902100,20,GET,/compute,27.500000,0.000000,290,340,370,410,590,870,970,990,1200,1200,1200,952,0,290,339.4592285719128,132.1925999945961,2577.5641999789514,162.0
1786902100,20,,Aggregated,27.500000,0.000000,290,340,370,410,590,870,970,990,1200,1200,1200,952,0,290,339.4592285719128,132.1925999945961,2577.5641999789514,162.0
1786902101,20,GET,/compute,27.400000,0.000000,290,340,370,390,450,530,760,830,1000,1000,1000,972,0,290,341.4325982514518,132.1925999945961,2577.5641999789514,162.0
1786902101,20,,Aggregated,27.400000,0.000000,290,340,370,390,450,530,760,830,1000,1000,1000,972,0,290,341.4325982514518,132.1925999945961,2577.5641999789514,162.0
1786902103,20,GET,/compute,27.900000,0.000000,290,340,370,400,440,530,760,890,1000,1000,1000,1011,0,290,340.66074945628606,132.1925999945961,2577.5641999789514,162.0
1786902103,20,,Aggregated,27.900000,0.000000,290,340,370,400,440,530,760,890,1000,1000,1000,1011,0,290,340.66074945628606,132.1925999945961,2577.5641999789514,162.0
1786902104,20,GET,/compute,28.900000,0.000000,290,350,390,410,480,760,940,960,1000,1000,1000,1017,0,290,343.66783274361916,132.1925999945961,2577.5641999789514,162.0
1786902104,20,,Aggregated,28.900000,0.000000,290,350,390,410,480,760,940,960,1000,1000,1000,1017,0,290,343.66783274361916,132.1925999945961,2577.5641999789514,162.0
1786902105,20,GET,/compute,28.700000,0.000000,310,380,420,440,770,1200,1400,1400,1500,1500,1500,1039,0,290,358.02515110714023,132.1925999945961,2577.5641999789514,162.0
1786902105,20,,Aggregated,28.700000,0.000000,310,380,420,440,770,1200,1400,1400,1500,1500,1500,1039,0,290,358.02515110714023,132.1925999945961,2577.5641999789514,162.0
1786902106,20,GET,/compute,29.800000,0.000000,340,380,410,440,760,1200,1400,1400,1500,1500,1500,1057,0,290,357.8993126777747,132.1925999945961,2577.5641999789514,162.0
1786902106,20,,Aggregated,29.800000,0.000000,340,380,410,440,760,1200,1400,1400,1500,1500,1500,1057,0,290,357.8993126777747,132.1925999945961,2577.5641999789514,162.0
1786902107,20,GET,/compute,27.600000,0.000000,350,410,520,720,1100,1300,1400,1400,1500,1500,1500,1077,0,300,369.49565357491014,132.1925999945961,2577.5641999789514,162.0
1786902107,20,,Aggregated,27.600000,0.000000,350,410,520,720,1100,1300,1400,1400,1500,1500,1500,1077,0,300,369.49565357491014,132.1925999945961,2577.5641999789514,162.0
1786902108,20,GET,/compute,26.100000,0.000000,370,440,590,740,1100,1300,1400,1400,1500,1500,1500,1103,0,300,370.4206987307555,132.1925999945961,2577.5641999789514,162.0
1786902108,20,,Aggregated,26.100000,0.000000,370,440,590,740,1100,1300,1400,1400,1500,1500,1500,1103,0,300,370.4206987307555,132.1925999945961,2577.5641999789514,162.0
1786902109,20,GET,/compute,25.700000,0.000000,390,450,620,760,1100,1300,1400,1400,1500,1500,1500,1126,0,300,370.51861118993617,132.1925999945961,2577.5641999789514,162.0
1786902109,20,,Aggregated,25.700000,0.000000,390,450,620,760,1100,1300,1400,1400,1500,1500,1500,1126,0,300,370.51861118993617,132.1925999945961,2577.5641999789514,162.0
1786902110,20,GET,/compute,23.900000,0.000000,410,550,720,820,1100,1400,1400,1500,1500,1500,1500,1153,0,300,376.8545052036946,132.1925999945961,2577.5641999789514,162.0
1786902110,20,,Aggregated,23.900000,0.000000,410,550,720,820,1100,1400,1400,1500,1500,1500,1500,1153,0,300,376.8545052036946,132.1925999945961,2577.5641999789514,162.0
1786902111,20,GET,/compute,23.900000,0.000000,410,620,740,820,1100,1400,1400,1500,1500,1500,1500,1171,0,300,379.2486225447103,132.1925999945961,2577.5641999789514,162.0
1786902111,20,,Aggregated,23.900000,0.000000,410,620,740,820,1100,1400,1400,1500,1500,1500,1500,1171,0,300,379.2486225447103,132.1925999945961,2577.5641999789514,162.0
1786902112,20,GET,/compute,23.000000,0.000000,550,740,860,960,1200,1400,1400,1500,1500,1500,1500,1180,0,310,383.2605222880868,132.1925999945961,2577.5641999789514,162.0
1786902112,20,,Aggregated,23.000000,0.000000,550,740,860,960,1200,1400,1400,1500,1500,1500,1500,1180,0,310,383.2605222880868,132.1925999945961,2577.5641999789514,162.0
1786902113,20,GET,/compute,21.900000,0.000000,590,770,930,1100,1300,1400,1400,1500,1500,1500,1500,1202,0,310,393.9929162229108,132.1925999945961,2577.5641999789514,162.0
1786902113,20,,Aggregated,21.900000,0.000000,590,770,930,1100,1300,1400,1400,1500,1500,1500,1500,1202,0,310,393.9929162229108,132.1925999945961,2577.5641999789514,162.0
1786902114,20,GET,/compute,20.800000,0.000000,510,690,770,870,1100,1300,1300,1400,1500,1500,1500,1229,0,320,395.4752344181352,132.1925999945961,2577.5641999789514,162.0
1786902114,20,,Aggregated,20.800000,0.000000,510,690,770,870,1100,1300,1300,1400,1500,1500,1500,1229,0,320,395.4752344181352,132.1925999945961,2577.5641999789514,162.0
1786902115,20,GET,/compute,18.900000,0.000000,550,680,770,850,1100,1300,1300,1400,1500,1500,1500,1253,0,320,396.9596087788949,132.1925999945961,2577.5641999789514,162.0
1786902115,20,,Aggregated,18.900000,0.000000,550,680,770,850,1100,1300,1300,1400,1500,1500,1500,1253,0,320,396.9596087788949,132.1925999945961,2577.5641999789514,162.0
1786902116,20,GET,/compute,21.000000,0.000000,470,610,650,720,910,1300,1300,1300,1500,1500,1500,1282,0,320,398.18177433707535,132.1925999945961,2577.5641999789514,162.0
1786902116,20,,Aggregated,21.000000,0.000000,470,610,650,720,910,1300,1300,1300,1500,1500,1500,1282,0,320,398.18177433707535,132.1925999945961,2577.5641999789514,162.0
1786902117,20,GET,/compute,21.000000,0.000000,430,570,640,710,910,1300,1300,1300,1500,1500,1500,1313,0,320,392.53375384616487,124.74649999057874,2577.5641999789514,162.0
1786902117,20,,Aggregated,21.000000,0.000000,430,570,640,710,910,1300,1300,1300,1500,1500,1500,1313,0,320,392.53375384616487,124.74649999057874,2577.5641999789514,162.0
1786902118,20,GET,/compute,21.000000,0.000000,460,610,670,720,940,1300,1300,1400,1500,1500,1500,1313,0,320,392.53375384616487,124.74649999057874,2577.5641999789514,162.0
1786902118,20,,Aggregated,21.000000,0.000000,460,610,670,720,940,1300,1300,1400,1500,1500,1500,1313,0,320,392.53375384616487,124.74649999057874,2577.5641999789514,162.0
1786902119,20,GET,/compute,21.000000,0.000000,440,570,630,670,910,1300,1300,1300,1400,1400,1400,1313,0,320,392.53375384616487,124.74649999057874,2577.5641999789514,162.0
1786902119,20,,Aggregated,21.000000,0.000000,440,570,630,670,910,1300,1300,1300,1400,1400,1400,1313,0,320,392.53375384616487,124.74649999057874,2577.5641999789514,162.0
1786902120,20,GET,/compute,21.000000,0.000000,440,560,630,670,940,1300,1300,1300,1400,1400,1400,1313,0,320,392.53375384616487,124.74649999057874,2577.5641999789514,162.0
1786902120,20,,Aggregated,21.000000,0.000000,440,560,630,670,940,1300,1300,1300,1400,1400,1400,1313,0,320,392.53375384616487,124.74649999057874,2577.5641999789514,162.0
1786902121,20,GET,/compute,21.000000,0.000000,460,610,680,1100,3500,3700,3800,3800,3800,3800,3800,1333,0,320,440.5850229557954,124.74649999057874,3833.220100030303,162.0
1786902121,20,,Aggregated,21.000000,0.000000,460,610,680,1100,3500,3700,3800,3800,3800,3800,3800,1333,0,320,440.5850229557954,124.74649999057874,3833.220100030303,162.0
1786902122,20,GET,/compute,21.000000,0.000000,410,550,610,630,3500,3700,3800,3800,3800,3800,3800,1333,0,320,440.5850229557954,124.74649999057874,3833.220100030303,162.0
1786902122,20,,Aggregated,21.000000,0.000000,410,550,610,630,3500,3700,3800,3800,3800,3800,3800,1333,0,320,440.5850229557954,124.74649999057874,3833.220100030303,162.0
1786902123,20,GET,/compute,16.400000,0.000000,520,660,1700,1800,3500,3700,3800,3800,3800,3800,3800,1353,2,320,459.51180842581,124.74649999057874,3833.220100030303,161.80931263858093
1786902123,20,,Aggregated,16.400000,0.000000,520,660,1700,1800,3500,3700,3800,3800,3800,3800,3800,1353,2,320,459.51180842581,124.74649999057874,3833.220100030303,161.80931263858093
1786902124,20,GET,/compute,16.200000,0.000000,460,1600,1800,1800,3500,3700,3800,3800,3800,3800,3800,1361,2,320,458.7942903748837,124.74649999057874,3833.220100030303,161.8104335047759
1786902124,20,,Aggregated,16.200000,0.000000,460,1600,1800,1800,3500,3700,3800,3800,3800,3800,3800,1361,2,320,458.7942903748837,124.74649999057874,3833.220100030303,161.8104335047759
1786902125,20,GET,/compute,15.300000,0.200000,780,1300,1700,1800,3500,3700,3800,3800,3800,3800,3800,1398,3,330,466.48775643773325,124.74649999057874,3833.220100030303,161.72317596566523
1786902125,20,,Aggregated,15.300000,0.200000,780,1300,1700,1800,3500,3700,3800,3800,3800,3800,3800,1398,3,330,466.48775643773325,124.74649999057874,3833.220100030303,161.72317596566523
1786902126,20,GET,/compute,13.400000,0.200000,420,1200,1700,1800,3500,3700,3800,3800,3800,3800,3800,1419,3,330,465.2843011275375,124.74649999057874,3833.220100030303,161.72727272727272
1786902126,20,,Aggregated,13.400000,0.200000,420,1200,1700,1800,3500,3700,3800,3800,3800,3800,3800,1419,3,330,465.2843011275375,124.74649999057874,3833.220100030303,161.72727272727272
1786902127,20,GET,/compute,13.600000,0.200000,470,830,1300,1700,3500,3600,3800,3800,3800,3800,3800,1446,3,330,465.21239674970235,124.74649999057874,3833.220100030303,161.73236514522821
1786902127,20,,Aggregated,13.600000,0.200000,470,830,1300,1700,3500,3600,3800,3800,3800,3800,3800,1446,3,330,465.21239674970235,124.74649999057874,3833.220100030303,161.73236514522821
1786902128,20,GET,/compute,13.900000,0.300000,500,910,1600,1700,3500,3700,3800,3800,3800,3800,3800,1468,3,330,464.0736742507319,124.74649999057874,3833.220100030303,161.73637602179838
1786902128,20,,Aggregated,13.900000,0.300000,500,910,1600,1700,3500,3700,3800,3800,3800,3800,3800,1468,3,330,464.0736742507319,124.74649999057874,3833.220100030303,161.73637602179838
1786902129,20,GET,/compute,13.100000,0.300000,490,790,1300,1700,3400,3600,3800,3800,3800,3800,3800,1489,3,330,464.3773045668396,124.74649999057874,3833.220100030303,161.7400940228341
1786902129,20,,Aggregated,13.100000,0.300000,490,790,1300,1700,3400,3600,3800,3800,3800,3800,3800,1489,3,330,464.3773045668396,124.74649999057874,3833.220100030303,161.7400940228341
1786902130,20,GET,/compute,15.400000,0.300000,520,800,1200,1500,1800,3500,3800,3800,3800,3800,3800,1515,3,340,468.2354777556515,124.74649999057874,3833.220100030303,161.74455445544555
1786902130,20,,Aggregated,15.400000,0.300000,520,800,1200,1500,1800,3500,3800,3800,3800,3800,3800,1515,3,340,468.2354777556515,124.74649999057874,3833.220100030303,161.74455445544555
1786902131,20,GET,/compute,15.400000,0.300000,470,580,800,910,1600,1700,1800,1800,1800,1800,1800,1526,3,330,466.8410621886859,124.74649999057874,3833.220100030303,161.74639580602883
1786902131,20,,Aggregated,15.400000,0.300000,470,580,800,910,1600,1700,1800,1800,1800,1800,1800,1526,3,330,466.8410621886859,124.74649999057874,3833.220100030303,161.74639580602883
1786902132,20,GET,/compute,19.300000,0.300000,470,550,770,840,1200,1300,1300,1500,1600,1600,1600,1538,4,340,472.1960429128599,124.74649999057874,3833.220100030303,161.66449934980494
1786902132,20,,Aggregated,19.300000,0.300000,470,550,770,840,1200,1300,1300,1500,1600,1600,1600,1538,4,340,472.1960429128599,124.74649999057874,3833.220100030303,161.66449934980494
1786902133,20,GET,/compute,19.300000,0.300000,480,690,830,910,1200,1500,1800,2000,2200,2200,2200,1546,4,340,479.3960739973885,124.74649999057874,3833.220100030303,161.66623544631307
1786902133,20,,Aggregated,19.300000,0.300000,480,690,830,910,1200,1500,1800,2000,2200,2200,2200,1546,4,340,479.3960739973885,124.74649999057874,3833.220100030303,161.66623544631307
1786902134,20,GET,/compute,20.000000,0.300000,470,550,770,870,1500,2000,2200,2200,2300,2300,2300,1553,4,340,487.1622442369183,124.74649999057874,3833.220100030303,161.6677398583387
1786902134,20,,Aggregated,20.000000,0.300000,470,550,770,870,1500,2000,2200,2200,2300,2300,2300,1553,4,340,487.1622442369183,124.74649999057874,3833.220100030303,161.6677398583387
1786902135,20,GET,/compute,19.300000,0.200000,540,800,1100,1300,2000,2200,2300,2300,2300,2300,2300,1565,4,340,499.38648204466466,124.74649999057874,3833.220100030303,161.6702875399361
1786902135,20,,Aggregated,19.300000,0.200000,540,800,1100,1300,2000,2200,2300,2300,2300,2300,2300,1565,4,340,499.38648204466466,124.74649999057874,3833.220100030303,161.6702875399361
1786902136,20,GET,/compute,18.800000,0.200000,780,1100,1600,1800,2100,2200,2300,2300,2300,2300,2300,1580,4,340,507.91193101255965,124.74649999057874,3833.220100030303,161.67341772151897
1786902136,20,,Aggregated,18.800000,0.200000,780,1100,1600,1800,2100,2200,2300,2300,2300,2300,2300,1580,4,340,507.91193101255965,124.74649999057874,3833.220100030303,161.67341772151897
1786902137,20,GET,/compute,17.900000,0.200000,830,1200,1600,1800,2100,2200,2300,2300,2300,2300,2300,1604,4,340,510.58252961336353,124.74649999057874,3833.220100030303,161.67830423940148
1786902137,20,,Aggregated,17.900000,0.200000,830,1200,1600,1800,2100,2200,2300,2300,2300,2300,2300,1604,4,340,510.58252961336353,124.74649999057874,3833.220100030303,161.67830423940148
1786902138,20,GET,/compute,14.900000,0.100000,880,1200,1600,1800,2100,2200,2300,2300,2300,2300,2300,1617,4,340,512.5948952381146,124.74649999057874,3833.220100030303,161.6808905380334
1786902138,20,,Aggregated,14.900000,0.100000,880,1200,1600,1800,2100,2200,2300,2300,2300,2300,2300,1617,4,340,512.5948952381146,124.74649999057874,3833.220100030303,161.6808905380334
1786902139,20,GET,/compute,14.300000,0.100000,850,1100,1500,1800,2100,2200,2300,2300,2300,2300,2300,1647,4,350,514.358820522219,124.74649999057874,3833.220100030303,161.68670309653916
1786902139,20,,Aggregated,14.300000,0.100000,850,1100,1500,1800,2100,2200,2300,2300,2300,2300,2300,1647,4,350,514.358820522219,124.74649999057874,3833.220100030303,161.68670309653916
1786902140,20,GET,/compute,14.100000,0.100000,840,1100,1500,1800,2100,2200,2300,2300,2300,2300,2300,1669,4,350,513.6442070101402,124.74649999057874,3833.220100030303,161.69083283403236
1786902140,20,,Aggregated,14.100000,0.100000,840,1100,1500,1800,2100,2200,2300,2300,2300,2300,2300,1669,4,350,513.6442070101402,124.74649999057874,3833.220100030303,161.69083283403236
1786902141,20,GET,/compute,14.000000,0.100000,660,890,1300,1600,2000,2200,2200,2300,2300,2300,2300,1690,4,350,512.8543962128654,124.74649999057874,3833.220100030303,161.69467455621302
1786902141,20,,Aggregated,14.000000,0.100000,660,890,1300,1600,2000,2200,2200,2300,2300,2300,2300,1690,4,350,512.8543962128654,124.74649999057874,3833.220100030303,161.69467455621302
1786902142,20,GET,/compute,15.700000,0.100000,570,780,860,1100,2000,2200,2200,2300,2300,2300,2300,1721,4,350,511.94718605430825,124.74649999057874,3833.220100030303,161.70017431725742
1786902142,20,,Aggregated,15.700000,0.100000,570,780,860,1100,2000,2200,2200,2300,2300,2300,2300,1721,4,350,511.94718605430825,124.74649999057874,3833.220100030303,161.70017431725742
1786902143,20,GET,/compute,15.600000,0.100000,550,670,850,870,1600,2100,2200,2300,2300,2300,2300,1745,4,350,511.57478618877207,124.74649999057874,3833.220100030303,161.70429799426935
1786902143,20,,Aggregated,15.600000,0.100000,550,670,850,870,1600,2100,2200,2300,2300,2300,2300,1745,4,350,511.57478618877207,124.74649999057874,3833.220100030303,161.70429799426935
1786902144,20,GET,/compute,17.700000,0.100000,490,600,670,790,920,1200,1600,2000,2200,2200,2200,1769,4,360,510.90003233427973,124.74649999057874,3833.220100030303,161.70830977953645
1786902144,20,,Aggregated,17.700000,0.100000,490,600,670,790,920,1200,1600,2000,2200,2200,2200,1769,4,360,510.90003233427973,124.74649999057874,3833.220100030303,161.70830977953645
1786902145,20,GET,/compute,18.300000,0.000000,490,570,660,740,860,1100,1600,1600,2000,2000,2000,1791,5,360,509.80149106610577,124.74649999057874,3833.220100030303,161.63986599664992
1786902145,20,,Aggregated,18.300000,0.000000,490,570,660,740,860,1100,1600,1600,2000,2000,2000,1791,5,360,509.80149106610577,124.74649999057874,3833.220100030303,161.63986599664992
1786902146,20,GET,/compute,20.600000,0.000000,470,520,580,630,780,850,870,890,1200,1200,1200,1826,5,360,508.9390447970772,124.74649999057874,3833.220100030303,161.64676889375684
1786902146,20,,Aggregated,20.600000,0.000000,470,520,580,630,780,850,870,890,1200,1200,1200,1826,5,360,508.9390447970772,124.74649999057874,3833.220100030303,161.64676889375684
1786902147,20,GET,/compute,22.200000,0.100000,440,490,560,630,780,850,870,890,1200,1200,1200,1848,5,360,505.84941444770726,124.74649999057874,3833.220100030303,161.65097402597402
1786902147,20,,Aggregated,22.200000,0.100000,440,490,560,630,780,850,870,890,1200,1200,1200,1848,5,360,505.84941444770726,124.74649999057874,3833.220100030303,161.65097402597402
1786902148,20,GET,/compute,24.000000,0.100000,420,470,490,540,650,730,800,850,1500,1500,1500,1873,5,360,503.62009999962686,124.74649999057874,3833.220100030303,161.65563267485317
1786902148,20,,Aggregated,24.000000,0.100000,420,470,490,540,650,730,800,850,1500,1500,1500,1873,5,360,503.62009999962686,124.74649999057874,3833.220100030303,161.65563267485317
1786902149,20,GET,/compute,24.600000,0.100000,420,470,500,550,630,720,850,1100,1500,1500,1500,1907,5,360,503.00152579931824,124.74649999057874,3833.220100030303,161.66177241740954
1786902149,20,,Aggregated,24.600000,0.100000,420,470,500,550,630,720,850,1100,1500,1500,1500,1907,5,360,503.00152579931824,124.74649999057874,3833.220100030303,161.66177241740954
1786902150,20,GET,/compute,26.000000,0.100000,410,470,490,520,620,690,850,1100,1500,1500,1500,1930,5,360,500.727567978932,124.74649999057874,3833.220100030303,161.6658031088083
1786902150,20,,Aggregated,26.000000,0.100000,410,470,490,520,620,690,850,1100,1500,1500,1500,1930,5,360,500.727567978932,124.74649999057874,3833.220100030303,161.6658031088083
1786902151,20,GET,/compute,26.200000,0.100000,400,450,480,510,620,680,790,1100,1500,1500,1500,1953,5,360,499.72129380404954,124.74649999057874,3833.220100030303,161.66973886328725
1786902151,20,,Aggregated,26.200000,0.100000,400,450,480,510,620,680,790,1100,1500,1500,1500,1953,5,360,499.72129380404954,124.74649999057874,3833.220100030303,161.66973886328725
1786902152,20,GET,/compute,25.600000,0.100000,380,440,480,490,600,680,790,1100,1500,1500,1500,1993,5,360,494.57580923199527,124.74649999057874,3833.220100030303,161.67636728549925
1786902152,20,,Aggregated,25.600000,0.100000,380,440,480,490,600,680,790,1100,1500,1500,1500,1993,5,360,494.57580923199527,124.74649999057874,3833.220100030303,161.67636728549925
1786902153,20,GET,/compute,26.800000,0.100000,330,400,430,460,560,620,730,1100,1500,1500,1500,2024,5,350,490.91943720321234,124.74649999057874,3833.220100030303,161.68132411067194
1786902153,20,,Aggregated,26.800000,0.100000,330,400,430,460,560,620,730,1100,1500,1500,1500,2024,5,350,490.91943720321234,124.74649999057874,3833.220100030303,161.68132411067194
1786902154,20,GET,/compute,26.700000,0.100000,300,380,420,450,560,620,740,1200,1500,1500,1500,2053,5,350,488.3677715046798,124.74649999057874,3833.220100030303,161.68582562104237
1786902154,20,,Aggregated,26.700000,0.100000,300,380,420,450,560,620,740,1200,1500,1500,1500,2053,5,350,488.3677715046798,124.74649999057874,3833.220100030303,161.68582562104237
1786902155,20,GET,/compute,28.200000,0.100000,300,350,390,420,510,620,740,1200,1500,1500,1500,2080,5,350,485.98987153807406,124.74649999057874,3833.220100030303,161.68990384615384
1786902155,20,,Aggregated,28.200000,0.100000,300,350,390,420,510,620,740,1200,1500,1500,1500,2080,5,350,485.98987153807406,124.74649999057874,3833.220100030303,161.68990384615384
1786902156,20,GET,/compute,27.800000,0.100000,320,370,400,430,540,610,650,1200,1500,1500,1500,2114,8,350,485.494830841638,124.74649999057874,3833.220100030303,161.51182592242196
1786902156,20,,Aggregated,27.800000,0.100000,320,370,400,430,540,610,650,1200,1500,1500,1500,2114,8,350,485.494830841638,124.74649999057874,3833.220100030303,161.51182592242196
1786902157,20,GET,/compute,28.700000,0.000000,320,380,410,430,550,610,650,1100,1400,1400,1400,2138,8,350,483.1021787648606,124.74649999057874,3833.220100030303,161.51730589335827
1786902157,20,,Aggregated,28.700000,0.000000,320,380,410,430,550,610,650,1100,1400,1400,1400,2138,8,350,483.1021787648606,124.74649999057874,3833.220100030303,161.51730589335827
1786902158,20,GET,/compute,28.800000,0.000000,320,360,390,410,480,560,650,1000,1400,1400,1400,2163,8,350,481.5023082752066,124.74649999057874,3833.220100030303,161.52288488210817
1786902158,20,,Aggregated,28.800000,0.000000,320,360,390,410,480,560,650,1000,1400,1400,1400,2163,8,350,481.5023082752066,124.74649999057874,3833.220100030303,161.52288488210817
1786902159,20,GET,/compute,29.100000,0.300000,320,370,400,430,530,600,650,1000,1400,1400,1400,2193,8,350,480.28091162761564,124.74649999057874,3833.220100030303,161.52941176470588
1786902159,20,,Aggregated,29.100000,0.300000,320,370,400,430,530,600,650,1000,1400,1400,1400,2193,8,350,480.28091162761564,124.74649999057874,3833.220100030303,161.52941176470588
1786902160,20,GET,/compute,29.000000,0.300000,300,360,400,420,540,600,890,1200,1500,1500,1500,2214,8,350,479.75724010810643,124.74649999057874,3833.220100030303,161.53387533875338
1786902160,20,,Aggregated,29.000000,0.300000,300,360,400,420,540,600,890,1200,1500,1500,1500,2214,8,350,479.75724010810643,124.74649999057874,3833.220100030303,161.53387533875338
1786902161,20,GET,/compute,29.100000,0.300000,320,380,420,450,550,610,700,1200,1500,1500,1500,2249,9,350,478.49171671814196,124.74649999057874,3833.220100030303,161.48377056469542
1786902161,20,,Aggregated,29.100000,0.300000,320,380,420,450,550,610,700,1200,1500,1500,1500,2249,9,350,478.49171671814196,124.74649999057874,3833.220100030303,161.48377056469542
1786902162,20,GET,/compute,28.800000,0.300000,330,400,420,450,550,610,700,1200,1500,1500,1500,2276,9,350,476.63752324215255,124.74649999057874,3833.220100030303,161.48989455184534
1786902162,20,,Aggregated,28.800000,0.300000,330,400,420,450,550,610,700,1200,1500,1500,1500,2276,9,350,476.63752324215255,124.74649999057874,3833.220100030303,161.48989455184534
1786902163,20,GET,/compute,28.000000,0.400000,360,420,480,530,610,710,840,1200,1500,1500,1500,2299,9,350,478.0399682901979,124.74649999057874,3833.220100030303,161.49499782514135
1786902163,20,,Aggregated,28.000000,0.400000,360,420,480,530,610,710,840,1200,1500,1500,1500,2299,9,350,478.0399682901979,124.74649999057874,3833.220100030303,161.49499782514135
1786902164,20,GET,/compute,28.200000,0.400000,330,410,450,530,610,710,820,1000,1500,1500,1500,2338,11,350,473.42883233502096,124.74649999057874,3833.220100030303,161.39307100085543
1786902164,20,,Aggregated,28.200000,0.400000,330,410,450,530,610,710,820,1000,1500,1500,1500,2338,11,350,473.42883233502096,124.74649999057874,3833.220100030303,161.39307100085543
1786902165,20,GET,/compute,26.800000,0.400000,290,390,440,490,600,710,820,1000,1500,1500,1500,2367,11,350,470.8614749046773,124.74649999057874,3833.220100030303,161.40050697084916
1786902165,20,,Aggregated,26.800000,0.400000,290,390,440,490,600,710,820,1000,1500,1500,1500,2367,11,350,470.8614749046773,124.74649999057874,3833.220100030303,161.40050697084916
1786902166,20,GET,/compute,28.600000,0.600000,290,380,420,460,600,700,810,900,1500,1500,1500,2398,11,350,468.2934744785968,124.74649999057874,3833.220100030303,161.40825688073394
1786902166,20,,Aggregated,28.600000,0.600000,290,380,420,460,600,700,810,900,1500,1500,1500,2398,11,350,468.2934744785968,124.74649999057874,3833.220100030303,161.40825688073394
1786902167,20,GET,/compute,27.700000,0.600000,270,370,420,450,580,680,790,840,1500,1500,1500,2431,11,350,465.4683594815839,124.74649999057874,3833.220100030303,161.4162895927602
1786902167,20,,Aggregated,27.700000,0.600000,270,370,420,450,580,680,790,840,1500,1500,1500,2431,11,350,465.4683594815839,124.74649999057874,3833.220100030303,161.4162895927602
1786902168,20,GET,/compute,27.700000,0.600000,260,340,390,420,550,700,790,840,1500,1500,1500,2441,11,340,464.5447812780396,124.74649999057874,3833.220100030303,161.41868086849652
1786902168,20,,Aggregated,27.700000,0.600000,260,340,390,420,550,700,790,840,1500,1500,1500,2441,11,340,464.5447812780396,124.74649999057874,3833.220100030303,161.41868086849652
1786902169,20,GET,/compute,28.900000,0.300000,270,370,430,490,710,810,930,1100,1800,1800,1800,2475,11,350,466.423835191697,124.74649999057874,3833.220100030303,161.42666666666668
1786902169,20,,Aggregated,28.900000,0.300000,270,370,430,490,710,810,930,1100,1800,1800,1800,2475,11,350,466.423835191697,124.74649999057874,3833.220100030303,161.42666666666668
1786902170,20,GET,/compute,28.300000,0.300000,270,380,440,570,790,890,980,1000,1800,1800,1800,2500,11,350,468.8142297597602,124.74649999057874,3833.220100030303,161.4324
1786902170,20,,Aggregated,28.300000,0.300000,270,380,440,570,790,890,980,1000,1800,1800,1800,2500,11,350,468.8142297597602,124.74649999057874,3833.220100030303,161.4324
1786902171,20,GET,/compute,27.900000,0.300000,250,360,450,600,790,910,980,1000,1800,1800,1800,2518,11,350,466.9689085779581,124.74649999057874,3833.220100030303,161.43645750595712
1786902171,20,,Aggregated,27.900000,0.300000,250,360,450,600,790,910,980,1000,1800,1800,1800,2518,11,350,466.9689085779581,124.74649999057874,3833.220100030303,161.43645750595712
1786902172,20,GET,/compute,27.300000,0.300000,260,390,680,740,890,950,990,1100,1800,1800,1800,2537,11,350,470.34637189562375,124.74649999057874,3833.220100030303,161.4406779661017
1786902172,20,,Aggregated,27.300000,0.300000,260,390,680,740,890,950,990,1100,1800,1800,1800,2537,11,350,470.34637189562375,124.74649999057874,3833.220100030303,161.4406779661017
1786902173,20,GET,/compute,27.000000,0.200000,250,370,530,740,900,960,1000,1500,2500,2500,2500,2559,11,350,469.47100910490695,124.74649999057874,3833.220100030303,161.44548651817115
1786902173,20,,Aggregated,27.000000,0.200000,250,370,530,740,900,960,1000,1500,2500,2500,2500,2559,11,350,469.47100910490695,124.74649999057874,3833.220100030303,161.44548651817115
1786902174,20,GET,/compute,25.900000,0.200000,260,390,520,730,900,960,1100,1500,2500,2500,2500,2598,11,350,466.64140846801087,124.74649999057874,3833.220100030303,161.4538106235566
1786902174,20,,Aggregated,25.900000,0.200000,260,390,520,730,900,960,1100,1500,2500,2500,2500,2598,11,350,466.64140846801087,124.74649999057874,3833.220100030303,161.4538106235566
1786902175,20,GET,/compute,27.100000,0.200000,260,420,580,750,910,980,1100,1500,2500,2500,2500,2617,11,340,465.22385701186596,124.74649999057874,3833.220100030303,161.4577760794803
1786902175,20,,Aggregated,27.100000,0.200000,260,420,580,750,910,980,1100,1500,2500,2500,2500,2617,11,340,465.22385701186596,124.74649999057874,3833.220100030303,161.4577760794803
1786902176,20,GET,/compute,25.600000,0.000000,290,600,780,820,920,980,1100,1500,2500,2500,2500,2636,11,350,467.9126950683145,124.74649999057874,3833.220100030303,161.46168437025796
1786902176,20,,Aggregated,25.600000,0.000000,290,600,780,820,920,980,1100,1500,2500,2500,2500,2636,11,350,467.9126950683145,124.74649999057874,3833.220100030303,161.46168437025796
1786902177,20,GET,/compute,25.900000,0.000000,410,740,820,850,940,990,1300,1800,2500,2500,2500,2639,11,350,468.6867174308753,124.74649999057874,3833.220100030303,161.4622963243653
1786902177,20,,Aggregated,25.900000,0.000000,410,740,820,850,940,990,1300,1800,2500,2500,2500,2639,11,350,468.6867174308753,124.74649999057874,3833.220100030303,161.4622963243653
1786902178,20,GET,/compute,25.900000,0.000000,350,620,810,840,940,990,1300,1500,2500,2500,2500,2639,11,350,468.6867174308753,124.74649999057874,3833.220100030303,161.4622963243653
1786902178,20,,Aggregated,25.900000,0.000000,350,620,810,840,940,990,1300,1500,2500,2500,2500,2639,11,350,468.6867174308753,124.74649999057874,3833.220100030303,161.4622963243653
1786902179,20,GET,/compute,22.400000,0.000000,410,770,870,910,990,2700,2700,2800,2800,2800,2800,2648,12,350,476.3448216012092,124.74649999057874,3833.220100030303,161.4154078549849
1786902179,20,,Aggregated,22.400000,0.000000,410,770,870,910,990,2700,2700,2800,2800,2800,2800,2648,12,350,476.3448216012092,124.74649999057874,3833.220100030303,161.4154078549849
1786902180,20,GET,/compute,22.400000,0.000000,310,730,830,900,1000,2700,2800,2800,2800,2800,2800,2648,12,350,476.3448216012092,124.74649999057874,3833.220100030303,161.4154078549849
1786902180,20,,Aggregated,22.400000,0.000000,310,730,830,900,1000,2700,2800,2800,2800,2800,2800,2648,12,350,476.3448216012092,124.74649999057874,3833.220100030303,161.4154078549849
1786902181,20,GET,/compute,22.400000,0.000000,410,780,880,920,1300,2700,2800,2800,2800,2800,2800,2648,12,350,476.3448216012092,124.74649999057874,3833.220100030303,161.4154078549849
1786902181,20,,Aggregated,22.400000,0.000000,410,780,880,920,1300,2700,2800,2800,2800,2800,2800,2648,12,350,476.3448216012092,124.74649999057874,3833.220100030303,161.4154078549849
1786902182,20,GET,/compute,22.400000,0.000000,400,550,820,880,2500,2700,2800,2800,2800,2800,2800,2648,12,350,476.3448216012092,124.74649999057874,3833.220100030303,161.4154078549849
1786902182,20,,Aggregated,22.400000,0.000000,400,550,820,880,2500,2700,2800,2800,2800,2800,2800,2648,12,350,476.3448216012092,124.74649999057874,3833.220100030303,161.4154078549849
1786902183,20,GET,/compute,22.400000,0.000000,260,800,880,920,2700,2700,2800,2800,2800,2800,2800,2648,12,350,476.3448216012092,124.74649999057874,3833.220100030303,161.4154078549849
1786902183,20,,Aggregated,22.400000,0.000000,260,800,880,920,2700,2700,2800,2800,2800,2800,2800,2648,12,350,476.3448216012092,124.74649999057874,3833.220100030303,161.4154078549849
1786902184,20,GET,/compute,13.000000,0.100000,880,990,2700,2700,2800,2800,8100,8100,8100,8100,8100,2650,12,350,482.0693722641412,124.74649999057874,8106.6829999908805,161.41584905660378
1786902184,20,,Aggregated,13.000000,0.100000,880,990,2700,2700,2800,2800,8100,8100,8100,8100,8100,2650,12,350,482.0693722641412,124.74649999057874,8106.6829999908805,161.41584905660378
1786902185,20,GET,/compute,9.800000,0.100000,2700,2800,7600,7700,8200,8500,8500,8500,8500,8500,8500,2659,12,350,507.6155000000125,124.74649999057874,8528.33030000329,161.4178262504701
1786902185,20,,Aggregated,9.800000,0.100000,2700,2800,7600,7700,8200,8500,8500,8500,8500,8500,8500,2659,12,350,507.6155000000125,124.74649999057874,8528.33030000329,161.4178262504701
1786902186,20,GET,/compute,9.800000,0.100000,7500,7700,8100,8100,8500,8500,8500,8500,8500,8500,8500,2659,12,350,507.6155000000125,124.74649999057874,8528.33030000329,161.4178262504701
1786902186,20,,Aggregated,9.800000,0.100000,7500,7700,8100,8100,8500,8500,8500,8500,8500,8500,8500,2659,12,350,507.6155000000125,124.74649999057874,8528.33030000329,161.4178262504701
1786902187,20,GET,/compute,4.800000,0.100000,7400,7500,7700,8000,8200,8500,8500,8500,8500,8500,8500,2668,12,350,531.0765853073749,124.74649999057874,8528.33030000329,161.41979010494754
1786902187,20,,Aggregated,4.800000,0.100000,7400,7500,7700,8000,8200,8500,8500,8500,8500,8500,8500,2668,12,350,531.0765853073749,124.74649999057874,8528.33030000329,161.41979010494754
1786902188,20,GET,/compute,3.800000,0.100000,3200,7400,7500,7600,8100,8500,8500,8500,8500,8500,8500,2687,12,350,543.6457706736034,124.74649999057874,8528.33030000329,161.42389281726832
1786902188,20,,Aggregated,3.800000,0.100000,3200,7400,7500,7600,8100,8500,8500,8500,8500,8500,8500,2687,12,350,543.6457706736034,124.74649999057874,8528.33030000329,161.42389281726832
1786902189,20,GET,/compute,3.000000,0.100000,2700,3200,7400,7500,7700,8200,8500,8500,8500,8500,8500,2710,15,350,543.5367113653084,124.74649999057874,8528.33030000329,161.2859778597786
1786902189,20,,Aggregated,3.000000,0.100000,2700,3200,7400,7500,7700,8200,8500,8500,8500,8500,8500,2710,15,350,543.5367113653084,124.74649999057874,8528.33030000329,161.2859778597786
1786902190,20,GET,/compute,2.900000,0.100000,2700,3200,7400,7500,7700,8200,8500,8500,8500,8500,8500,2711,15,350,543.6562543341947,124.74649999057874,8528.33030000329,161.28624123939505
1786902190,20,,Aggregated,2.900000,0.100000,2700,3200,7400,7500,7700,8200,8500,8500,8500,8500,8500,2711,15,350,543.6562543341947,124.74649999057874,8528.33030000329,161.28624123939505
1786902191,20,GET,/compute,4.800000,0.100000,1600,3000,3400,7400,7600,8100,8500,8500,8500,8500,8500,2730,15,350,550.905528644632,124.74649999057874,8528.33030000329,161.2912087912088
1786902191,20,,Aggregated,4.800000,0.100000,1600,3000,3400,7400,7600,8100,8500,8500,8500,8500,8500,2730,15,350,550.905528644632,124.74649999057874,8528.33030000329,161.2912087912088
1786902192,20,GET,/compute,4.800000,0.100000,1600,3000,3400,7400,7600,8100,8500,8500,8500,8500,8500,2730,15,350,550.905528644632,124.74649999057874,8528.33030000329,161.2912087912088
1786902192,20,,Aggregated,4.800000,0.100000,1600,3000,3400,7400,7600,8100,8500,8500,8500,8500,8500,2730,15,350,550.905528644632,124.74649999057874,8528.33030000329,161.2912087912088
1786902193,20,GET,/compute,4.800000,0.100000,1600,3000,3400,7400,7600,8100,8500,8500,8500,8500,8500,2730,15,350,550.905528644632,124.74649999057874,8528.33030000329,161.2912087912088
1786902193,20,,Aggregated,4.800000,0.100000,1600,3000,3400,7400,7600,8100,8500,8500,8500,8500,8500,2730,15,350,550.905528644632,124.74649999057874,8528.33030000329,161.2912087912088
1786902194,20,GET,/compute,4.800000,0.100000,1500,1800,3000,3200,7400,7500,7500,7600,7600,7600,7600,2730,15,350,550.905528644632,124.74649999057874,8528.33030000329,161.2912087912088
1786902194,20,,Aggregated,4.800000,0.100000,1500,1800,3000,3200,7400,7500,7500,7600,7600,7600,7600,2730,15,350,550.905528644632,124.74649999057874,8528.33030000329,161.2912087912088
1786902195,20,GET,/compute,8.200000,0.300000,1500,1800,3100,3300,7400,7500,7500,7500,7500,7500,7500,2733,15,350,555.1448015001295,124.74649999057874,8528.33030000329,161.2919868276619
1786902195,20,,Aggregated,8.200000,0.300000,1500,1800,3100,3300,7400,7500,7500,7500,7500,7500,7500,2733,15,350,555.1448015001295,124.74649999057874,8528.33030000329,161.2919868276619
1786902196,20,GET,/compute,8.200000,0.300000,1500,1800,3100,3300,4600,5100,5100,7500,7500,7500,7500,2741,15,350,567.4756519517762,124.74649999057874,8528.33030000329,161.29405326523167
1786902196,20,,Aggregated,8.200000,0.300000,1500,1800,3100,3300,4600,5100,5100,7500,7500,7500,7500,2741,15,350,567.4756519517762,124.74649999057874,8528.33030000329,161.29405326523167
1786902197,20,GET,/compute,8.200000,0.300000,1500,1800,3000,3200,4500,4700,5100,5100,5100,5100,5100,2741,15,350,567.4756519517762,124.74649999057874,8528.33030000329,161.29405326523167
1786902197,20,,Aggregated,8.200000,0.300000,1500,1800,3000,3200,4500,4700,5100,5100,5100,5100,5100,2741,15,350,567.4756519517762,124.74649999057874,8528.33030000329,161.29405326523167
1786902198,20,GET,/compute,7.400000,0.300000,1600,1800,4600,4700,6800,6800,6900,6900,6900,6900,6900,2750,15,350,587.9517677090427,124.74649999057874,8528.33030000329,161.29636363636362
1786902198,20,,Aggregated,7.400000,0.300000,1600,1800,4600,4700,6800,6800,6900,6900,6900,6900,6900,2750,15,350,587.9517677090427,124.74649999057874,8528.33030000329,161.29636363636362
1786902199,20,GET,/compute,7.400000,0.300000,4300,4700,5100,6700,6800,6900,6900,6900,6900,6900,6900,2750,15,350,587.9517677090427,124.74649999057874,8528.33030000329,161.29636363636362
1786902199,20,,Aggregated,7.400000,0.300000,4300,4700,5100,6700,6800,6900,6900,6900,6900,6900,6900,2750,15,350,587.9517677090427,124.74649999057874,8528.33030000329,161.29636363636362
1786902200,20,GET,/compute,7.400000,0.300000,4400,5100,6700,6800,6800,6900,6900,6900,6900,6900,6900,2750,15,350,587.9517677090427,124.74649999057874,8528.33030000329,161.29636363636362
1786902200,20,,Aggregated,7.400000,0.300000,4400,5100,6700,6800,6800,6900,6900,6900,6900,6900,6900,2750,15,350,587.9517677090427,124.74649999057874,8528.33030000329,161.29636363636362
1786902201,20,GET,/compute,7.400000,0.300000,4400,5100,6700,6800,6800,6900,6900,6900,6900,6900,6900,2750,15,350,587.9517677090427,124.74649999057874,8528.33030000329,161.29636363636362
1786902201,20,,Aggregated,7.400000,0.300000,4400,5100,6700,6800,6800,6900,6900,6900,6900,6900,6900,2750,15,350,587.9517677090427,124.74649999057874,8528.33030000329,161.29636363636362
1786902202,20,GET,/compute,4.000000,0.000000,5100,6300,6500,6600,6800,6900,6900,6900,6900,6900,6900,2761,15,350,610.4833756609169,124.74649999057874,8528.33030000329,161.2991669684897
1786902202,20,,Aggregated,4.000000,0.000000,5100,6300,6500,6600,6800,6900,6900,6900,6900,6900,6900,2761,15,350,610.4833756609169,124.74649999057874,8528.33030000329,161.2991669684897
1786902203,20,GET,/compute,3.500000,0.000000,5700,6400,6600,6700,6800,6900,6900,6900,6900,6900,6900,2770,15,360,621.6278064981085,124.74649999057874,8528.33030000329,161.3014440433213
1786902203,20,,Aggregated,3.500000,0.000000,5700,6400,6600,6700,6800,6900,6900,6900,6900,6900,6900,2770,15,360,621.6278064981085,124.74649999057874,8528.33030000329,161.3014440433213
1786902204,20,GET,/compute,2.000000,0.000000,4100,5100,6300,6400,6800,6800,6900,6900,6900,6900,6900,2797,15,360,622.2246103323565,124.74649999057874,8528.33030000329,161.3081873435824
1786902204,20,,Aggregated,2.000000,0.000000,4100,5100,6300,6400,6800,6800,6900,6900,6900,6900,6900,2797,15,360,622.2246103323565,124.74649999057874,8528.33030000329,161.3081873435824
1786902205,20,GET,/compute,3.100000,0.000000,880,4100,5100,5800,6600,6800,6900,6900,6900,6900,6900,2825,16,360,620.3055666547384,124.74649999057874,8528.33030000329,161.26938053097345
1786902205,20,,Aggregated,3.100000,0.000000,880,4100,5100,5800,6600,6800,6900,6900,6900,6900,6900,2825,16,360,620.3055666547384,124.74649999057874,8528.33030000329,161.26938053097345
1786902206,20,GET,/compute,4.000000,0.000000,660,1500,4200,5100,6500,6800,6900,6900,6900,6900,6900,2846,16,360,621.0350136681494,124.74649999057874,8528.33030000329,161.27477160927617
1786902206,20,,Aggregated,4.000000,0.000000,660,1500,4200,5100,6500,6800,6900,6900,6900,6900,6900,2846,16,360,621.0350136681494,124.74649999057874,8528.33030000329,161.27477160927617
1786902207,20,GET,/compute,6.800000,0.100000,580,840,1500,4000,6500,6800,6900,6900,6900,6900,6900,2867,16,360,620.625239099886,124.74649999057874,8528.33030000329,161.28008371119637
1786902207,20,,Aggregated,6.800000,0.100000,580,840,1500,4000,6500,6800,6900,6900,6900,6900,6900,2867,16,360,620.625239099886,124.74649999057874,8528.33030000329,161.28008371119637
1786902209,20,GET,/compute,9.200000,0.100000,610,850,1400,4000,6400,6800,6900,6900,6900,6900,6900,2881,16,360,622.4883633458609,124.74649999057874,8528.33030000329,161.28358208955223
1786902209,20,,Aggregated,9.200000,0.100000,610,850,1400,4000,6400,6800,6900,6900,6900,6900,6900,2881,16,360,622.4883633458609,124.74649999057874,8528.33030000329,161.28358208955223
1786902210,20,GET,/compute,10.500000,0.100000,590,740,890,1100,4100,6300,6500,6600,6600,6600,6600,2898,16,360,622.2238513454907,124.74649999057874,8528.33030000329,161.28778467908901
1786902210,20,,Aggregated,10.500000,0.100000,590,740,890,1100,4100,6300,6500,6600,6600,6600,6600,2898,16,360,622.2238513454907,124.74649999057874,8528.33030000329,161.28778467908901
1786902211,20,GET,/compute,12.600000,0.100000,610,780,870,1000,4000,5800,6500,6600,6600,6600,6600,2917,16,360,623.0761675349243,124.74649999057874,8528.33030000329,161.29242372300308
1786902211,20,,Aggregated,12.600000,0.100000,610,780,870,1000,4000,5800,6500,6600,6600,6600,6600,2917,16,360,623.0761675349243,124.74649999057874,8528.33030000329,161.29242372300308
1786902212,20,GET,/compute,14.800000,0.100000,570,690,780,820,1100,2100,4100,4100,4200,4200,4200,2953,16,360,620.9535153400046,124.74649999057874,8528.33030000329,161.30104977988486
1786902212,20,,Aggregated,14.800000,0.100000,570,690,780,820,1100,2100,4100,4100,4200,4200,4200,2953,16,360,620.9535153400046,124.74649999057874,8528.33030000329,161.30104977988486
1786902213,20,GET,/compute,16.700000,0.100000,520,630,710,770,890,1100,1500,1800,2100,2100,2100,2976,16,370,618.9423335345446,124.74649999057874,8528.33030000329,161.30645161290323
1786902213,20,,Aggregated,16.700000,0.100000,520,630,710,770,890,1100,1500,1800,2100,2100,2100,2976,16,370,618.9423335345446,124.74649999057874,8528.33030000329,161.30645161290323
1786902214,20,GET,/compute,20.200000,0.100000,480,590,680,710,820,910,1500,1800,2100,2100,2100,3007,16,360,616.5858768868817,124.74649999057874,8528.33030000329,161.31360159627536
1786902214,20,,Aggregated,20.200000,0.100000,480,590,680,710,820,910,1500,1800,2100,2100,2100,3007,16,360,616.5858768868817,124.74649999057874,8528.33030000329,161.31360159627536
1786902215,20,GET,/compute,21.100000,0.100000,490,600,680,710,820,910,1500,1800,2100,2100,2100,3029,16,370,615.4697306697889,124.74649999057874,8528.33030000329,161.31858699240672
1786902215,20,,Aggregated,21.100000,0.100000,490,600,680,710,820,910,1500,1800,2100,2100,2100,3029,16,370,615.4697306697889,124.74649999057874,8528.33030000329,161.31858699240672
1786902216,20,GET,/compute,21.100000,0.100000,440,530,630,690,820,900,1400,1800,2100,2100,2100,3053,19,370,613.6207771368373,124.74649999057874,8528.33030000329,161.19718309859155
1786902216,20,,Aggregated,21.100000,0.100000,440,530,630,690,820,900,1400,1800,2100,2100,2100,3053,19,370,613.6207771368373,124.74649999057874,8528.33030000329,161.19718309859155
1786902217,20,GET,/compute,23.000000,0.000000,380,480,580,670,800,890,1400,1600,2100,2100,2100,3092,19,360,609.9332281044254,124.74649999057874,8528.33030000329,161.20730918499353
1786902217,20,,Aggregated,23.000000,0.000000,380,480,580,670,800,890,1400,1600,2100,2100,2100,3092,19,360,609.9332281044254,124.74649999057874,8528.33030000329,161.20730918499353
1786902218,20,GET,/compute,22.800000,0.300000,340,410,490,530,710,820,1200,1400,1600,1600,1600,3128,19,360,605.4320298269448,124.74649999057874,8528.33030000329,161.21643222506393
1786902218,20,,Aggregated,22.800000,0.300000,340,410,490,530,710,820,1200,1400,1600,1600,1600,3128,19,360,605.4320298269448,124.74649999057874,8528.33030000329,161.21643222506393
1786902219,20,GET,/compute,24.400000,0.300000,300,380,440,490,670,820,910,1400,1600,1600,1600,3159,19,360,601.5756114272481,124.74649999057874,8528.33030000329,161.22412155745488
1786902219,20,,Aggregated,24.400000,0.300000,300,380,440,490,670,820,910,1400,1600,1600,1600,3159,19,360,601.5756114272481,124.74649999057874,8528.33030000329,161.22412155745488
1786902220,20,GET,/compute,25.600000,0.300000,270,330,380,410,530,640,910,1400,1600,1600,1600,3199,19,360,597.000374554166,124.74649999057874,8528.33030000329,161.23382306970927
1786902220,20,,Aggregated,25.600000,0.300000,270,330,380,410,530,640,910,1400,1600,1600,1600,3199,19,360,597.000374554166,124.74649999057874,8528.33030000329,161.23382306970927
1786902221,20,GET,/compute,27.600000,0.300000,250,300,350,380,480,600,820,1400,1600,1600,1600,3231,19,350,593.6263601977856,124.74649999057874,8528.33030000329,161.2414113277623
1786902221,20,,Aggregated,27.600000,0.300000,250,300,350,380,480,600,820,1400,1600,1600,1600,3231,19,350,593.6263601977856,124.74649999057874,8528.33030000329,161.2414113277623
1786902222,20,GET,/compute,29.600000,0.300000,220,270,320,350,460,580,820,1400,1600,1600,1600,3268,19,350,588.9495794673348,117.65859997831285,8528.33030000329,161.25
1786902222,20,,Aggregated,29.600000,0.300000,220,270,320,350,460,580,820,1400,1600,1600,1600,3268,19,350,588.9495794673348,117.65859997831285,8528.33030000329,161.25
1786902223,20,GET,/compute,29.600000,0.300000,210,230,280,290,430,530,820,1400,1600,1600,1600,3302,19,350,584.4316328889647,117.65859997831285,8528.33030000329,161.25772259236825
1786902223,20,,Aggregated,29.600000,0.300000,210,230,280,290,430,530,820,1400,1600,1600,1600,3302,19,350,584.4316328889647,117.65859997831285,8528.33030000329,161.25772259236825
1786902224,20,GET,/compute,31.100000,0.300000,210,240,270,280,360,490,800,1200,1600,1600,1600,3331,19,350,582.4869649952511,117.65859997831285,8528.33030000329,161.2641849294506
1786902224,20,,Aggregated,31.100000,0.300000,210,240,270,280,360,490,800,1200,1600,1600,1600,3331,19,350,582.4869649952511,117.65859997831285,8528.33030000329,161.2641849294506
1786902225,20,GET,/compute,33.000000,0.300000,210,240,270,290,500,650,870,1200,1600,1600,1600,3356,19,350,582.4085523239995,117.65859997831285,8528.33030000329,161.2696662693683
1786902225,20,,Aggregated,33.000000,0.300000,210,240,270,290,500,650,870,1200,1600,1600,1600,3356,19,350,582.4085523239995,117.65859997831285,8528.33030000329,161.2696662693683
1786902226,20,GET,/compute,31.900000,0.300000,210,230,270,370,650,760,870,1200,1200,1200,1200,3375,22,350,582.938476444222,117.65859997831285,8528.33030000329,161.15911111111112
1786902226,20,,Aggregated,31.900000,0.300000,210,230,270,370,650,760,870,1200,1200,1200,1200,3375,22,350,582.938476444222,117.65859997831285,8528.33030000329,161.15911111111112
1786902227,20,GET,/compute,31.900000,0.300000,210,250,300,430,650,760,830,900,1200,1200,1200,3387,22,350,582.0344127544324,117.65859997831285,8528.33030000329,161.16209034543843
1786902227,20,,Aggregated,31.900000,0.300000,210,250,300,430,650,760,830,900,1200,1200,1200,3387,22,350,582.0344127544324,117.65859997831285,8528.33030000329,161.16209034543843
1786902228,20,GET,/compute,31.600000,0.300000,220,280,410,510,670,770,870,900,1200,1200,1200,3396,22,350,581.7284126028592,117.65859997831285,8528.33030000329,161.1643109540636
1786902228,20,,Aggregated,31.600000,0.300000,220,280,410,510,670,770,870,900,1200,1200,1200,3396,22,350,581.7284126028592,117.65859997831285,8528.33030000329,161.1643109540636
1786902229,20,GET,/compute,29.700000,0.300000,240,380,580,650,800,1200,2000,2000,2000,2000,2000,3433,22,350,584.3703570052746,117.65859997831285,8528.33030000329,161.17331779784445
1786902229,20,,Aggregated,29.700000,0.300000,240,380,580,650,800,1200,2000,2000,2000,2000,2000,3433,22,350,584.3703570052746,117.65859997831285,8528.33030000329,161.17331779784445
1786902230,20,GET,/compute,27.300000,0.300000,260,410,550,630,780,1200,2000,2000,2000,2000,2000,3462,22,350,581.9019868859017,117.65859997831285,8528.33030000329,161.18024263431542
1786902230,20,,Aggregated,27.300000,0.300000,260,410,550,630,780,1200,2000,2000,2000,2000,2000,3462,22,350,581.9019868859017,117.65859997831285,8528.33030000329,161.18024263431542
1786902231,20,GET,/compute,27.300000,0.300000,310,440,580,640,800,1200,2000,2000,2000,2000,2000,3490,22,350,579.849962005425,117.65859997831285,8528.33030000329,161.1868194842407
1786902231,20,,Aggregated,27.300000,0.300000,310,440,580,640,800,1200,2000,2000,2000,2000,2000,3490,22,350,579.849962005425,117.65859997831285,8528.33030000329,161.1868194842407
1786902232,20,GET,/compute,25.700000,0.300000,330,440,580,640,800,1200,2000,2000,2000,2000,2000,3528,22,350,575.7524552434156,117.65859997831285,8528.33030000329,161.19557823129253
1786902232,20,,Aggregated,25.700000,0.300000,330,440,580,640,800,1200,2000,2000,2000,2000,2000,3528,22,350,575.7524552434156,117.65859997831285,8528.33030000329,161.19557823129253
1786902233,20,GET,/compute,26.200000,0.300000,310,440,570,630,790,1200,2000,2000,2000,2000,2000,3561,22,350,572.3743910415253,117.65859997831285,8528.33030000329,161.20303285593934
1786902233,20,,Aggregated,26.200000,0.300000,310,440,570,630,790,1200,2000,2000,2000,2000,2000,3561,22,350,572.3743910415253,117.65859997831285,8528.33030000329,161.20303285593934
1786902234,20,GET,/compute,25.900000,0.300000,230,360,430,490,740,930,2000,2000,2000,2000,2000,3601,22,340,567.7129869478357,117.65859997831285,8528.33030000329,161.21188558733684
1786902234,20,,Aggregated,25.900000,0.300000,230,360,430,490,740,930,2000,2000,2000,2000,2000,3601,22,340,567.7129869478357,117.65859997831285,8528.33030000329,161.21188558733684
1786902235,20,GET,/compute,25.400000,0.300000,180,250,360,410,670,990,2000,2000,2000,2000,2000,3641,22,340,563.7995475416102,117.65859997831285,8528.33030000329,161.22054380664653
1786902235,20,,Aggregated,25.400000,0.300000,180,250,360,410,670,990,2000,2000,2000,2000,2000,3641,22,340,563.7995475416102,117.65859997831285,8528.33030000329,161.22054380664653
1786902236,20,GET,/compute,26.600000,0.300000,160,210,300,360,510,930,2000,2000,2000,2000,2000,3676,22,340,560.035076495899,117.65859997831285,8528.33030000329,161.227965179543
1786902236,20,,Aggregated,26.600000,0.300000,160,210,300,360,510,930,2000,2000,2000,2000,2000,3676,22,340,560.035076495899,117.65859997831285,8528.33030000329,161.227965179543
1786902237,20,GET,/compute,28.500000,0.300000,160,180,240,300,450,890,1900,2000,2000,2000,2000,3717,22,340,555.650428867045,117.65859997831285,8528.33030000329,161.2364810330912
1786902237,20,,Aggregated,28.500000,0.300000,160,180,240,300,450,890,1900,2000,2000,2000,2000,3717,22,340,555.650428867045,117.65859997831285,8528.33030000329,161.2364810330912
1786902238,20,GET,/compute,29.700000,0.000000,150,180,220,250,360,440,780,900,1200,1200,1200,3749,22,330,552.9652497729348,117.65859997831285,8528.33030000329,161.24299813283542
1786902238,20,,Aggregated,29.700000,0.000000,150,180,220,250,360,440,780,900,1200,1200,1200,3749,22,330,552.9652497729348,117.65859997831285,8528.33030000329,161.24299813283542
1786902239,20,GET,/compute,31.800000,0.000000,160,170,210,230,360,440,830,940,1200,1200,1200,3781,22,330,550.4277534776267,117.65859997831285,8528.33030000329,161.2494049193335
1786902239,20,,Aggregated,31.800000,0.000000,160,170,210,230,360,440,830,940,1200,1200,1200,3781,22,330,550.4277534776267,117.65859997831285,8528.33030000329,161.2494049193335
1786902240,20,GET,/compute,34.200000,0.000000,150,170,200,220,310,410,870,940,1000,1000,1000,3813,22,330,548.1739133750175,117.65859997831285,8528.33030000329,161.25570416994492
1786902240,20,,Aggregated,34.200000,0.000000,150,170,200,220,310,410,870,940,1000,1000,1000,3813,22,330,548.1739133750175,117.65859997831285,8528.33030000329,161.25570416994492
1786902241,20,GET,/compute,34.300000,0.000000,160,180,220,240,320,430,870,940,1000,1000,1000,3850,22,330,545.419782960739,117.65859997831285,8528.33030000329,161.26285714285714
1786902241,20,,Aggregated,34.300000,0.000000,160,180,220,240,320,430,870,940,1000,1000,1000,3850,22,330,545.419782960739,117.65859997831285,8528.33030000329,161.26285714285714
1786902242,20,GET,/compute,35.400000,0.000000,160,200,230,250,320,390,870,940,1000,1000,1000,3876,22,330,543.6014848295058,117.65859997831285,8528.33030000329,161.26780185758514
1786902242,20,,Aggregated,35.400000,0.000000,160,200,230,250,320,390,870,940,1000,1000,1000,3876,22,330,543.6014848295058,117.65859997831285,8528.33030000329,161.26780185758514
1786902243,20,GET,/compute,34.900000,0.000000,170,230,280,310,400,550,870,940,1000,1000,1000,3910,22,330,542.108503810551,117.65859997831285,8528.33030000329,161.27416879795396
1786902243,20,,Aggregated,34.900000,0.000000,170,230,280,310,400,550,870,940,1000,1000,1000,3910,22,330,542.108503810551,117.65859997831285,8528.33030000329,161.27416879795396
1786902244,20,GET,/compute,34.200000,0.000000,200,250,310,340,450,580,780,870,990,990,990,3935,22,330,540.8466881828316,117.65859997831285,8528.33030000329,161.27878017789072
1786902244,20,,Aggregated,34.200000,0.000000,200,250,310,340,450,580,780,870,990,990,990,3935,22,330,540.8466881828316,117.65859997831285,8528.33030000329,161.27878017789072
1786902245,20,GET,/compute,34.200000,0.000000,220,290,320,350,450,560,770,900,990,990,990,3958,22,330,539.5650833500216,117.65859997831285,8528.33030000329,161.28297119757454
1786902245,20,,Aggregated,34.200000,0.000000,220,290,320,350,450,560,770,900,990,990,990,3958,22,330,539.5650833500216,117.65859997831285,8528.33030000329,161.28297119757454
1786902246,20,GET,/compute,33.400000,0.000000,250,320,360,400,510,600,770,900,990,990,990,3989,22,330,538.281036876264,117.65859997831285,8528.33030000329,161.28854349461017
1786902246,20,,Aggregated,33.400000,0.000000,250,320,360,400,510,600,770,900,990,990,990,3989,22,330,538.281036876264,117.65859997831285,8528.33030000329,161.28854349461017
1786902247,20,GET,/compute,32.900000,0.000000,270,330,380,420,520,600,770,900,990,990,990,4017,22,330,536.6789472988484,117.65859997831285,8528.33030000329,161.29350261389095
1786902247,20,,Aggregated,32.900000,0.000000,270,330,380,420,520,600,770,900,990,990,990,4017,22,330,536.6789472988484,117.65859997831285,8528.33030000329,161.29350261389095
1786902248,20,GET,/compute,31.300000,0.000000,280,340,400,440,530,590,720,870,990,990,990,4053,22,330,534.6047370094693,117.65859997831285,8528.33030000329,161.299777942265
1786902248,20,,Aggregated,31.300000,0.000000,280,340,400,440,530,590,720,870,990,990,990,4053,22,330,534.6047370094693,117.65859997831285,8528.33030000329,161.299777942265
1786902249,20,GET,/compute,30.300000,0.000000,290,360,410,440,510,570,640,720,970,970,970,4081,22,330,533.2721804212575,117.65859997831285,8528.33030000329,161.3045822102426
1786902249,20,,Aggregated,30.300000,0.000000,290,360,410,440,510,570,640,720,970,970,970,4081,22,330,533.2721804212575,117.65859997831285,8528.33030000329,161.3045822102426
1786902250,20,GET,/compute,30.200000,0.000000,280,360,410,440,520,580,660,870,970,970,970,4118,22,320,530.2252523310752,117.65859997831285,8528.33030000329,161.31083050024284
1786902250,20,,Aggregated,30.200000,0.000000,280,360,410,440,520,580,660,870,970,970,970,4118,22,320,530.2252523310752,117.65859997831285,8528.33030000329,161.31083050024284
1786902251,20,GET,/compute,30.100000,0.000000,290,380,410,440,510,570,690,880,1100,1100,1100,4145,22,320,529.0877273098697,117.65859997831285,8528.33030000329,161.31531966224367
1786902251,20,,Aggregated,30.100000,0.000000,290,380,410,440,510,570,690,880,1100,1100,1100,4145,22,320,529.0877273098697,117.65859997831285,8528.33030000329,161.31531966224367
1786902252,20,GET,/compute,29.900000,0.000000,270,360,400,440,510,580,720,880,1100,1100,1100,4177,22,320,526.9295639452774,117.65859997831285,8528.33030000329,161.32056499880298
1786902252,20,,Aggregated,29.900000,0.000000,270,360,400,440,510,580,720,880,1100,1100,1100,4177,22,320,526.9295639452774,117.65859997831285,8528.33030000329,161.32056499880298
1786902253,20,GET,/compute,29.400000,0.000000,270,370,410,440,540,630,870,970,1300,1300,1300,4206,22,320,526.525838302288,117.65859997831285,8528.33030000329,161.32524964336662
1786902253,20,,Aggregated,29.400000,0.000000,270,370,410,440,540,630,870,970,1300,1300,1300,4206,22,320,526.525838302288,117.65859997831285,8528.33030000329,161.32524964336662
1786902254,20,GET,/compute,30.100000,0.000000,260,360,400,430,540,640,870,970,1300,1300,1300,4238,22,320,524.5741935110057,117.65859997831285,8528.33030000329,161.33034450212364
1786902254,20,,Aggregated,30.100000,0.000000,260,360,400,430,540,640,870,970,1300,1300,1300,4238,22,320,524.5741935110057,117.65859997831285,8528.33030000329,161.33034450212364
1786902255,20,GET,/compute,29.300000,0.000000,250,320,380,400,500,620,880,980,1300,1300,1300,4262,22,320,523.0788877286853,117.65859997831285,8528.33030000329,161.33411543876113
1786902255,20,,Aggregated,29.300000,0.000000,250,320,380,400,500,620,880,980,1300,1300,1300,4262,22,320,523.0788877286853,117.65859997831285,8528.33030000329,161.33411543876113
1786902256,20,GET,/compute,29.700000,0.000000,250,340,400,430,560,700,890,1100,1400,1400,1400,4298,22,320,521.7311401115984,117.65859997831285,8528.33030000329,161.3396928804095
1786902256,20,,Aggregated,29.700000,0.000000,250,340,400,430,560,700,890,1100,1400,1400,1400,4298,22,320,521.7311401115984,117.65859997831285,8528.33030000329,161.3396928804095
1786902257,20,GET,/compute,29.700000,0.000000,230,300,380,400,510,680,880,1100,1400,1400,1400,4325,22,320,519.4570250172475,117.65859997831285,8528.33030000329,161.34381502890173
1786902257,20,,Aggregated,29.700000,0.000000,230,300,380,400,510,680,880,1100,1400,1400,1400,4325,22,320,519.4570250172475,117.65859997831285,8528.33030000329,161.34381502890173
1786902258,20,GET,/compute,30.200000,0.000000,220,300,380,410,560,690,890,1100,1400,1400,1400,4359,22,320,518.1691574213617,117.65859997831285,8528.33030000329,161.34893324156917
1786902258,20,,Aggregated,30.200000,0.000000,220,300,380,410,560,690,890,1100,1400,1400,1400,4359,22,320,518.1691574213617,117.65859997831285,8528.33030000329,161.34893324156917
1786902259,20,GET,/compute,30.900000,0.000000,260,360,410,460,570,700,980,1300,1500,1500,1500,4381,22,320,518.0591691394028,117.65859997831285,8528.33030000329,161.352202693449
1786902259,20,,Aggregated,30.900000,0.000000,260,360,410,460,570,700,980,1300,1500,1500,1500,4381,22,320,518.0591691394028,117.65859997831285,8528.33030000329,161.352202693449
1786902260,20,GET,/compute,30.900000,0.000000,290,400,460,480,570,690,890,1300,1500,1500,1500,4397,22,320,517.8534311120426,117.65859997831285,8528.33030000329,161.3545599272231
1786902260,20,,Aggregated,30.900000,0.000000,290,400,460,480,570,690,890,1300,1500,1500,1500,4397,22,320,517.8534311120426,117.65859997831285,8528.33030000329,161.3545599272231
1786902261,20,GET,/compute,29.500000,0.000000,290,430,480,510,680,1100,1500,1500,1800,1800,1800,4408,22,320,520.026983552556,117.65859997831285,8528.33030000329,161.35617059891106
1786902261,20,,Aggregated,29.500000,0.000000,290,430,480,510,680,1100,1500,1500,1800,1800,1800,4408,22,320,520.026983552556,117.65859997831285,8528.33030000329,161.35617059891106
1786902262,20,GET,/compute,29.300000,0.000000,320,460,480,530,750,1300,1500,1800,1800,1800,1800,4431,24,320,520.9873935228454,117.65859997831285,8528.33030000329,161.30128639133378
1786902262,20,,Aggregated,29.300000,0.000000,320,460,480,530,750,1300,1500,1800,1800,1800,1800,4431,24,320,520.9873935228454,117.65859997831285,8528.33030000329,161.30128639133378
1786902263,20,GET,/compute,26.400000,0.000000,310,460,480,520,980,1300,1500,1800,2600,2600,2600,4471,24,320,519.543701118245,117.65859997831285,8528.33030000329,161.30753746365465
1786902263,20,,Aggregated,26.400000,0.000000,310,460,480,520,980,1300,1500,1800,2600,2600,2600,4471,24,320,519.543701118245,117.65859997831285,8528.33030000329,161.30753746365465
1786902264,20,GET,/compute,25.200000,0.000000,330,460,480,520,750,1300,1500,1800,2600,2600,2600,4500,24,320,518.0842016666041,117.65859997831285,8528.33030000329,161.312
1786902264,20,,Aggregated,25.200000,0.000000,330,460,480,520,750,1300,1500,1800,2600,2600,2600,4500,24,320,518.0842016666041,117.65859997831285,8528.33030000329,161.312
1786902265,20,GET,/compute,25.300000,0.200000,270,420,470,480,690,1300,1500,1800,2600,2600,2600,4531,27,320,516.3140597880947,117.65859997831285,8528.33030000329,161.23129551975282
1786902265,20,,Aggregated,25.300000,0.200000,270,420,470,480,690,1300,1500,1800,2600,2600,2600,4531,27,320,516.3140597880947,117.65859997831285,8528.33030000329,161.23129551975282
1786902266,20,GET,/compute,25.500000,0.200000,330,450,480,510,720,1300,1500,1800,2600,2600,2600,4560,27,320,515.0046004385921,117.65859997831285,8528.33030000329,161.23618421052632
1786902266,20,,Aggregated,25.500000,0.200000,330,450,480,510,720,1300,1500,1800,2600,2600,2600,4560,27,320,515.0046004385921,117.65859997831285,8528.33030000329,161.23618421052632
1786902267,20,GET,/compute,25.400000,0.200000,340,460,480,510,1000,1300,1500,1800,2600,2600,2600,4584,27,320,514.539281784501,117.65859997831285,8528.33030000329,161.2401832460733
1786902267,20,,Aggregated,25.400000,0.200000,340,460,480,510,1000,1300,1500,1800,2600,2600,2600,4584,27,320,514.539281784501,117.65859997831285,8528.33030000329,161.2401832460733
1786902268,20,GET,/compute,26.500000,0.500000,350,470,500,530,630,1300,1500,1800,2600,2600,2600,4610,27,320,513.8358572668799,117.65859997831285,8528.33030000329,161.24446854663773
1786902268,20,,Aggregated,26.500000,0.500000,350,470,500,530,630,1300,1500,1800,2600,2600,2600,4610,27,320,513.8358572668799,117.65859997831285,8528.33030000329,161.24446854663773
1786902269,20,GET,/compute,25.400000,0.500000,360,470,500,530,620,1200,1500,1800,2600,2600,2600,4636,27,320,513.2313114107678,117.65859997831285,8528.33030000329,161.24870578084557
1786902269,20,,Aggregated,25.400000,0.500000,360,470,500,530,620,1200,1500,1800,2600,2600,2600,4636,27,320,513.2313114107678,117.65859997831285,8528.33030000329,161.24870578084557
1786902270,20,GET,/compute,25.500000,0.500000,330,460,510,540,630,1200,1500,1800,2600,2600,2600,4671,27,320,512.2617766859951,117.65859997831285,8528.33030000329,161.2543352601156
1786902270,20,,Aggregated,25.500000,0.500000,330,460,510,540,630,1200,1500,1800,2600,2600,2600,4671,27,320,512.2617766859951,117.65859997831285,8528.33030000329,161.2543352601156
1786902271,20,GET,/compute,25.500000,0.500000,270,400,470,500,560,620,660,1200,2600,2600,2600,4696,27,320,510.5712037478785,117.65859997831285,8528.33030000329,161.25830494037479
1786902271,20,,Aggregated,25.500000,0.500000,270,400,470,500,560,620,660,1200,2600,2600,2600,4696,27,320,510.5712037478785,117.65859997831285,8528.33030000329,161.25830494037479
1786902272,20,GET,/compute,25.300000,0.500000,260,400,470,500,560,620,660,1200,1400,1400,1400,4735,27,320,509.28187712781386,117.65859997831285,8528.33030000329,161.26441393875396
1786902272,20,,Aggregated,25.300000,0.500000,260,400,470,500,560,620,660,1200,1400,1400,1400,4735,27,320,509.28187712781386,117.65859997831285,8528.33030000329,161.26441393875396
1786902273,20,GET,/compute,28.700000,0.500000,290,440,480,510,560,620,660,1200,1400,1400,1400,4758,27,320,508.8693520176607,117.65859997831285,8528.33030000329,161.26796973518285
1786902273,20,,Aggregated,28.700000,0.500000,290,440,480,510,560,620,660,1200,1400,1400,1400,4758,27,320,508.8693520176607,117.65859997831285,8528.33030000329,161.26796973518285
1786902274,20,GET,/compute,29.300000,0.500000,270,440,490,510,560,620,650,720,1400,1400,1400,4790,27,320,507.2612572025356,117.65859997831285,8528.33030000329,161.27286012526096
1786902274,20,,Aggregated,29.300000,0.500000,270,440,490,510,560,620,650,720,1400,1400,1400,4790,27,320,507.2612572025356,117.65859997831285,8528.33030000329,161.27286012526096
1786902275,20,GET,/compute,29.600000,0.300000,330,470,520,540,590,620,670,810,1400,1400,1400,4804,27,320,507.33585551629113,117.65859997831285,8528.33030000329,161.27497918401332
1786902275,20,,Aggregated,29.600000,0.300000,330,470,520,540,590,620,670,810,1400,1400,1400,4804,27,320,507.33585551629113,117.65859997831285,8528.33030000329,161.27497918401332
1786902276,20,GET,/compute,28.200000,0.300000,380,490,530,550,620,740,790,810,1400,1400,1400,4817,27,320,508.0597792194758,117.65859997831285,8528.33030000329,161.27693585219015
1786902276,20,,Aggregated,28.200000,0.300000,380,490,530,550,620,740,790,810,1400,1400,1400,4817,27,320,508.0597792194758,117.65859997831285,8528.33030000329,161.27693585219015
1786902277,20,GET,/compute,28.800000,0.300000,430,520,560,610,790,1000,1200,1200,1500,1500,1500,4837,27,320,510.2028892702512,117.65859997831285,8528.33030000329,161.2799255737027
1786902277,20,,Aggregated,28.800000,0.300000,430,520,560,610,790,1000,1200,1200,1500,1500,1500,4837,27,320,510.2028892702512,117.65859997831285,8528.33030000329,161.2799255737027
1786902278,20,GET,/compute,26.700000,0.000000,310,490,550,610,790,1000,1200,1200,1500,1500,1500,4878,27,320,508.1825067856024,117.65859997831285,8528.33030000329,161.2859778597786
1786902278,20,,Aggregated,26.700000,0.000000,310,490,550,610,790,1000,1200,1200,1500,1500,1500,4878,27,320,508.1825067856024,117.65859997831285,8528.33030000329,161.2859778597786
1786902279,20,GET,/compute,25.500000,0.000000,240,450,520,570,790,1000,1200,1200,1500,1500,1500,4921,27,320,505.0941622231631,117.65859997831285,8528.33030000329,161.29221702905915
1786902279,20,,Aggregated,25.500000,0.000000,240,450,520,570,790,1000,1200,1200,1500,1500,1500,4921,27,320,505.0941622231631,117.65859997831285,8528.33030000329,161.29221702905915
1786902280,20,GET,/compute,25.500000,0.000000,210,420,490,550,790,1000,1200,1200,1500,1500,1500,4956,27,320,503.11794753839047,117.65859997831285,8528.33030000329,161.29721549636804
1786902280,20,,Aggregated,25.500000,0.000000,210,420,490,550,790,1000,1200,1200,1500,1500,1500,4956,27,320,503.11794753839047,117.65859997831285,8528.33030000329,161.29721549636804
1786902281,20,GET,/compute,27.400000,0.000000,170,300,430,510,750,980,1100,1200,1500,1500,1500,4996,27,320,500.3705689952528,117.65859997831285,8528.33030000329,161.30284227381907
1786902281,20,,Aggregated,27.400000,0.000000,170,300,430,510,750,980,1100,1200,1500,1500,1500,4996,27,320,500.3705689952528,117.65859997831285,8528.33030000329,161.30284227381907
1786902282,20,GET,/compute,27.300000,0.000000,160,270,430,510,750,980,1100,1200,1500,1500,1500,5035,27,310,497.951854955356,117.65859997831285,8528.33030000329,161.3082423038729
1786902282,20,,Aggregated,27.300000,0.000000,160,270,430,510,750,980,1100,1200,1500,1500,1500,5035,27,310,497.951854955356,117.65859997831285,8528.33030000329,161.3082423038729
1786902283,20,GET,/compute,28.300000,0.000000,160,200,270,380,750,970,1100,1200,1500,1500,1500,5072,27,310,495.4071957216214,117.65859997831285,8528.33030000329,161.31328864353313
1786902283,20,,Aggregated,28.300000,0.000000,160,200,270,380,750,970,1100,1200,1500,1500,1500,5072,27,310,495.4071957216214,117.65859997831285,8528.33030000329,161.31328864353313
1786902284,20,GET,/compute,29.700000,0.000000,150,170,240,300,750,970,1100,1200,1500,1500,1500,5110,27,310,493.0211203523302,117.65859997831285,8528.33030000329,161.3183953033268
1786902284,20,,Aggregated,29.700000,0.000000,150,170,240,300,750,970,1100,1200,1500,1500,1500,5110,27,310,493.0211203523302,117.65859997831285,8528.33030000329,161.3183953033268
1786902285,20,GET,/compute,31.000000,0.000000,150,160,170,220,430,970,1100,1200,1500,1500,1500,5149,27,310,490.6378021170125,117.65859997831285,8528.33030000329,161.32355797242184
1786902285,20,,Aggregated,31.000000,0.000000,150,160,170,220,430,970,1100,1200,1500,1500,1500,5149,27,310,490.6378021170125,117.65859997831285,8528.33030000329,161.32355797242184
1786902286,20,GET,/compute,32.700000,0.000000,150,160,160,180,300,520,970,1000,1500,1500,1500,5187,27,300,488.2556321960003,117.65859997831285,8528.33030000329,161.32851359167148
1786902286,20,,Aggregated,32.700000,0.000000,150,160,160,180,300,520,970,1000,1500,1500,1500,5187,27,300,488.2556321960003,117.65859997831285,8528.33030000329,161.32851359167148
1786902287,20,GET,/compute,32.200000,0.000000,150,160,160,170,230,290,430,790,1200,1200,1200,5228,27,300,485.81326939568635,117.65859997831285,8528.33030000329,161.33377964804896
1786902287,20,,Aggregated,32.200000,0.000000,150,160,160,170,230,290,430,790,1200,1200,1200,5228,27,300,485.81326939568635,117.65859997831285,8528.33030000329,161.33377964804896
1786902288,20,GET,/compute,34.800000,0.000000,150,160,170,180,240,320,430,660,960,960,960,5262,27,300,484.0034879704562,117.65859997831285,8528.33030000329,161.33808437856328
1786902288,20,,Aggregated,34.800000,0.000000,150,160,170,180,240,320,430,660,960,960,960,5262,27,300,484.0034879704562,117.65859997831285,8528.33030000329,161.33808437856328
1786902289,20,GET,/compute,37.000000,0.000000,150,160,170,180,240,320,430,660,960,960,960,5292,27,300,482.08559145885204,117.65859997831285,8528.33030000329,161.34183673469389
1786902289,20,,Aggregated,37.000000,0.000000,150,160,170,180,240,320,430,660,960,960,960,5292,27,300,482.08559145885204,117.65859997831285,8528.33030000329,161.34183673469389
1786902290,20,GET,/compute,38.100000,0.000000,150,160,160,170,220,270,360,660,960,960,960,5336,27,300,479.5858596140122,117.65859997831285,8528.33030000329,161.34726386806597
1786902290,20,,Aggregated,38.100000,0.000000,150,160,160,170,220,270,360,660,960,960,960,5336,27,300,479.5858596140122,117.65859997831285,8528.33030000329,161.34726386806597
1786902291,20,GET,/compute,37.700000,0.000000,150,160,160,170,210,260,360,640,790,790,790,5376,27,290,477.2083407366435,117.65859997831285,8528.33030000329,161.35212053571428
1786902291,20,,Aggregated,37.700000,0.000000,150,160,160,170,210,260,360,640,790,790,790,5376,27,290,477.2083407366435,117.65859997831285,8528.33030000329,161.35212053571428
1786902292,20,GET,/compute,38.900000,0.000000,150,160,160,180,240,300,540,640,790,790,790,5415,27,290,475.25704851342215,117.65859997831285,8528.33030000329,161.3567867036011
1786902292,20,,Aggregated,38.900000,0.000000,150,160,160,180,240,300,540,640,790,790,790,5415,27,290,475.25704851342215,117.65859997831285,8528.33030000329,161.3567867036011
1786902293,20,GET,/compute,38.300000,0.000000,150,160,170,180,250,300,540,640,790,790,790,5451,27,290,473.20332759128905,117.65859997831285,8528.33030000329,161.36103467253716
1786902293,20,,Aggregated,38.300000,0.000000,150,160,170,180,250,300,540,640,790,790,790,5451,27,290,473.20332759128905,117.65859997831285,8528.33030000329,161.36103467253716
1786902294,20,GET,/compute,38.000000,0.000000,150,160,170,190,260,360,510,620,790,790,790,5482,27,290,471.9701551623658,117.65859997831285,8528.33030000329,161.3646479387085
1786902294,20,,Aggregated,38.000000,0.000000,150,160,170,190,260,360,510,620,790,790,790,5482,27,290,471.9701551623658,117.65859997831285,8528.33030000329,161.3646479387085
1786902295,20,GET,/compute,36.900000,0.000000,150,160,170,190,260,350,480,600,660,660,660,5524,27,290,469.47360515932644,117.65859997831285,8528.33030000329,161.36947863866763
1786902295,20,,Aggregated,36.900000,0.000000,150,160,170,190,260,350,480,600,660,660,660,5524,27,290,469.47360515932644,117.65859997831285,8528.33030000329,161.36947863866763
1786902296,20,GET,/compute,37.100000,0.000000,150,160,180,190,260,350,480,600,660,660,660,5563,27,290,467.4373479597602,117.65859997831285,8528.33030000329,161.373898975373
1786902296,20,,Aggregated,37.100000,0.000000,150,160,180,190,260,350,480,600,660,660,660,5563,27,290,467.4373479597602,117.65859997831285,8528.33030000329,161.373898975373
1786902297,20,GET,/compute,37.100000,0.000000,150,160,190,200,250,350,480,600,660,660,660,5598,27,290,465.7681229725286,117.65859997831285,8528.33030000329,161.37781350482314
1786902297,20,,Aggregated,37.100000,0.000000,150,160,190,200,250,350,480,600,660,660,660,5598,27,290,465.7681229725286,117.65859997831285,8528.33030000329,161.37781350482314
1786902298,20,GET,/compute,36.900000,0.000000,150,160,180,190,250,320,440,540,620,620,620,5639,27,280,463.47639563757355,117.65859997831285,8528.33030000329,161.38233729384643
1786902298,20,,Aggregated,36.900000,0.000000,150,160,180,190,250,320,440,540,620,620,620,5639,27,280,463.47639563757355,117.65859997831285,8528.33030000329,161.38233729384643
1786902299,20,GET,/compute,37.200000,0.000000,150,160,170,190,230,290,420,510,600,600,600,5676,27,280,461.41364392184147,117.65859997831285,8528.33030000329,161.38636363636363
1786902299,20,,Aggregated,37.200000,0.000000,150,160,170,190,230,290,420,510,600,600,600,5676,27,280,461.41364392184147,117.65859997831285,8528.33030000329,161.38636363636363
1786902300,20,GET,/compute,36.900000,0.000000,150,160,170,180,230,290,420,510,600,600,600,5717,27,280,459.1725116320379,117.65859997831285,8528.33030000329,161.3907643869162
1786902300,20,,Aggregated,36.900000,0.000000,150,160,170,180,230,290,420,510,600,600,600,5717,27,280,459.1725116320379,117.65859997831285,8528.33030000329,161.3907643869162
1786902301,20,GET,/compute,37.400000,0.000000,150,170,190,210,260,360,420,480,600,600,600,5745,27,280,458.2395833595174,117.65859997831285,8528.33030000329,161.39373368146215
1786902301,20,,Aggregated,37.400000,0.000000,150,170,190,210,260,360,420,480,600,600,600,5745,27,280,458.2395833595174,117.65859997831285,8528.33030000329,161.39373368146215
1786902302,20,GET,/compute,37.000000,0.000000,150,180,200,220,290,370,420,460,510,510,510,5781,27,280,457.07221843974924,117.65859997831285,8528.33030000329,161.3975090814738
1786902302,20,,Aggregated,37.000000,0.000000,150,180,200,220,290,370,420,460,510,510,510,5781,27,280,457.07221843974924,117.65859997831285,8528.33030000329,161.3975090814738
1786902303,20,GET,/compute,36.800000,0.000000,160,190,220,250,350,400,460,490,510,510,510,5813,27,280,456.20764859795986,117.65859997831285,8528.33030000329,161.4008257354206
1786902303,20,,Aggregated,36.800000,0.000000,160,190,220,250,350,400,460,490,510,510,510,5813,27,280,456.20764859795986,117.65859997831285,8528.33030000329,161.4008257354206
1786902304,20,GET,/compute,36.600000,0.000000,160,200,230,250,350,400,470,490,600,600,600,5845,27,280,455.17696828057177,117.65859997831285,8528.33030000329,161.40410607356716
1786902304,20,,Aggregated,36.600000,0.000000,160,200,230,250,350,400,470,490,600,600,600,5845,27,280,455.17696828057177,117.65859997831285,8528.33030000329,161.40410607356716
1786902305,20,GET,/compute,36.400000,0.000000,160,200,230,250,350,400,470,490,600,600,600,5883,27,280,453.23464200237424,117.65859997831285,8528.33030000329,161.40795512493625
1786902305,20,,Aggregated,36.400000,0.000000,160,200,230,250,350,400,470,490,600,600,600,5883,27,280,453.23464200237424,117.65859997831285,8528.33030000329,161.40795512493625
1786902306,20,GET,/compute,35.600000,0.000000,160,190,220,250,350,400,470,490,600,600,600,5923,27,280,451.2289349991353,117.65859997831285,8528.33030000329,161.41195340199224
1786902306,20,,Aggregated,35.600000,0.000000,160,190,220,250,350,400,470,490,600,600,600,5923,27,280,451.2289349991353,117.65859997831285,8528.33030000329,161.41195340199224
1786902307,20,GET,/compute,35.900000,0.000000,160,180,230,270,370,420,540,650,730,730,730,5937,27,280,450.96642489468616,117.65859997831285,8528.33030000329,161.4133400707428
1786902307,20,,Aggregated,35.900000,0.000000,160,180,230,270,370,420,540,650,730,730,730,5937,27,280,450.96642489468616,117.65859997831285,8528.33030000329,161.4133400707428
1786902308,20,GET,/compute,35.700000,0.000000,160,220,290,350,480,730,1500,1500,1600,1600,1600,5957,27,280,453.5986407587171,117.65859997831285,8528.33030000329,161.41530971965756
1786902308,20,,Aggregated,35.700000,0.000000,160,220,290,350,480,730,1500,1500,1600,1600,1600,5957,27,280,453.5986407587171,117.65859997831285,8528.33030000329,161.41530971965756
1786902309,20,GET,/compute,35.700000,0.000000,170,240,320,360,500,1200,1500,1600,1600,1600,1600,5957,27,280,453.5986407587171,117.65859997831285,8528.33030000329,161.41530971965756
1786902309,20,,Aggregated,35.700000,0.000000,170,240,320,360,500,1200,1500,1600,1600,1600,1600,5957,27,280,453.5986407587171,117.65859997831285,8528.33030000329,161.41530971965756
1786902310,20,GET,/compute,33.300000,0.000000,200,310,380,470,1200,1300,1500,1600,1600,1600,1600,5988,27,280,455.7163188877172,117.65859997831285,8528.33030000329,161.4183366733467
1786902310,20,,Aggregated,33.300000,0.000000,200,310,380,470,1200,1300,1500,1600,1600,1600,1600,5988,27,280,455.7163188877172,117.65859997831285,8528.33030000329,161.4183366733467
1786902311,20,GET,/compute,31.100000,0.000000,200,350,450,580,1200,1300,1500,1600,1600,1600,1600,6008,27,280,455.56858219032716,117.65859997831285,8528.33030000329,161.42027296937417
1786902311,20,,Aggregated,31.100000,0.000000,200,350,450,580,1200,1300,1500,1600,1600,1600,1600,6008,27,280,455.56858219032716,117.65859997831285,8528.33030000329,161.42027296937417
1786902312,20,GET,/compute,27.500000,0.000000,210,400,650,1000,1200,1300,1500,1600,1600,1600,1600,6027,27,280,457.567083474299,117.65859997831285,8528.33030000329,161.42210054753608
1786902312,20,,Aggregated,27.500000,0.000000,210,400,650,1000,1200,1300,1500,1600,1600,1600,1600,6027,27,280,457.567083474299,117.65859997831285,8528.33030000329,161.42210054753608
1786902313,20,GET,/compute,27.500000,0.000000,180,540,910,1100,1300,1400,1500,1600,1600,1600,1600,6027,27,280,457.567083474299,117.65859997831285,8528.33030000329,161.42210054753608
1786902313,20,,Aggregated,27.500000,0.000000,180,540,910,1100,1300,1400,1500,1600,1600,1600,1600,6027,27,280,457.567083474299,117.65859997831285,8528.33030000329,161.42210054753608
1786902314,20,GET,/compute,27.500000,0.000000,180,650,1100,1200,1300,1400,1500,1600,1600,1600,1600,6027,27,280,457.567083474299,117.65859997831285,8528.33030000329,161.42210054753608
1786902314,20,,Aggregated,27.500000,0.000000,180,650,1100,1200,1300,1400,1500,1600,1600,1600,1600,6027,27,280,457.567083474299,117.65859997831285,8528.33030000329,161.42210054753608
1786902315,20,GET,/compute,24.600000,0.000000,590,1100,1200,1300,2100,2200,2300,2600,3600,3600,3600,6062,30,280,462.9109928735609,117.65859997831285,8528.33030000329,161.36159683272848
1786902315,20,,Aggregated,24.600000,0.000000,590,1100,1200,1300,2100,2200,2300,2600,3600,3600,3600,6062,30,280,462.9109928735609,117.65859997831285,8528.33030000329,161.36159683272848
1786902317,20,GET,/compute,21.400000,0.000000,710,1200,1300,1400,2100,2200,2300,2600,3600,3600,3600,6088,30,280,461.65308483894495,117.65859997831285,8528.33030000329,161.36432325886992
1786902317,20,,Aggregated,21.400000,0.000000,710,1200,1300,1400,2100,2200,2300,2600,3600,3600,3600,6088,30,280,461.65308483894495,117.65859997831285,8528.33030000329,161.36432325886992
1786902318,20,GET,/compute,21.400000,0.000000,710,1200,1300,1400,2100,2200,2300,2600,3600,3600,3600,6088,30,280,461.65308483894495,117.65859997831285,8528.33030000329,161.36432325886992
1786902318,20,,Aggregated,21.400000,0.000000,710,1200,1300,1400,2100,2200,2300,2600,3600,3600,3600,6088,30,280,461.65308483894495,117.65859997831285,8528.33030000329,161.36432325886992
1786902319,20,GET,/compute,17.400000,0.300000,580,1200,1300,1300,2100,2200,2300,2600,3600,3600,3600,6094,30,280,463.2256721692529,117.65859997831285,8528.33030000329,161.3649491302921
1786902319,20,,Aggregated,17.400000,0.300000,580,1200,1300,1300,2100,2200,2300,2600,3600,3600,3600,6094,30,280,463.2256721692529,117.65859997831285,8528.33030000329,161.3649491302921
1786902320,20,GET,/compute,16.000000,0.300000,640,1200,2100,2200,2300,2300,2400,2600,3600,3600,3600,6108,30,280,467.4461983790514,117.65859997831285,8528.33030000329,161.36640471512771
1786902320,20,,Aggregated,16.000000,0.300000,640,1200,2100,2200,2300,2300,2400,2600,3600,3600,3600,6108,30,280,467.4461983790514,117.65859997831285,8528.33030000329,161.36640471512771
1786902321,20,GET,/compute,15.100000,0.300000,910,1200,2100,2100,2300,2300,2400,2600,3600,3600,3600,6134,31,280,467.9530262633175,117.65859997831285,8528.33030000329,161.34805999347898
1786902321,20,,Aggregated,15.100000,0.300000,910,1200,2100,2100,2300,2300,2400,2600,3600,3600,3600,6134,31,280,467.9530262633175,117.65859997831285,8528.33030000329,161.34805999347898
1786902322,20,GET,/compute,15.100000,0.300000,620,1100,2000,2100,2300,2300,2300,2600,3600,3600,3600,6160,33,280,468.20272626609477,117.65859997831285,8528.33030000329,161.30892857142857
1786902322,20,,Aggregated,15.100000,0.300000,620,1100,2000,2100,2300,2300,2300,2600,3600,3600,3600,6160,33,280,468.20272626609477,117.65859997831285,8528.33030000329,161.30892857142857
1786902323,20,GET,/compute,15.100000,0.300000,520,640,1000,2100,2300,2300,2300,2600,3600,3600,3600,6194,33,280,467.5389853405201,117.65859997831285,8528.33030000329,161.31272198902164
1786902323,20,,Aggregated,15.100000,0.300000,520,640,1000,2100,2300,2300,2300,2600,3600,3600,3600,6194,33,280,467.5389853405201,117.65859997831285,8528.33030000329,161.31272198902164
1786902324,20,GET,/compute,14.600000,0.400000,540,640,720,2000,2300,2300,2300,2600,3600,3600,3600,6215,33,280,467.8644908446,117.65859997831285,8528.33030000329,161.3150442477876
1786902324,20,,Aggregated,14.600000,0.400000,540,640,720,2000,2300,2300,2300,2600,3600,3600,3600,6215,33,280,467.8644908446,117.65859997831285,8528.33030000329,161.3150442477876
1786902325,20,GET,/compute,14.900000,0.600000,550,620,700,820,2000,2300,2300,2300,2400,2400,2400,6235,33,280,468.6873505852815,117.65859997831285,8528.33030000329,161.31724137931033
1786902325,20,,Aggregated,14.900000,0.600000,550,620,700,820,2000,2300,2300,2300,2400,2400,2400,6235,33,280,468.6873505852815,117.65859997831285,8528.33030000329,161.31724137931033
1786902326,20,GET,/compute,16.700000,0.600000,540,620,700,810,2000,2300,2300,2300,2400,2400,2400,6240,33,280,468.54404958319674,117.65859997831285,8528.33030000329,161.31778846153847
1786902326,20,,Aggregated,16.700000,0.600000,540,620,700,810,2000,2300,2300,2300,2400,2400,2400,6240,33,280,468.54404958319674,117.65859997831285,8528.33030000329,161.31778846153847
1786902327,20,GET,/compute,16.700000,0.600000,570,650,720,880,2100,2300,2300,2300,2400,2400,2400,6240,33,280,468.54404958319674,117.65859997831285,8528.33030000329,161.31778846153847
1786902327,20,,Aggregated,16.700000,0.600000,570,650,720,880,2100,2300,2300,2300,2400,2400,2400,6240,33,280,468.54404958319674,117.65859997831285,8528.33030000329,161.31778846153847
1786902328,20,GET,/compute,16.700000,0.600000,570,640,710,810,1000,2300,2300,2300,2400,2400,2400,6240,33,280,468.54404958319674,117.65859997831285,8528.33030000329,161.31778846153847
1786902328,20,,Aggregated,16.700000,0.600000,570,640,710,810,1000,2300,2300,2300,2400,2400,2400,6240,33,280,468.54404958319674,117.65859997831285,8528.33030000329,161.31778846153847
1786902329,20,GET,/compute,15.200000,0.300000,550,620,690,720,920,3900,3900,3900,3900,3900,3900,6250,33,280,474.0384080158733,117.65859997831285,8528.33030000329,161.31888
1786902329,20,,Aggregated,15.200000,0.300000,550,620,690,720,920,3900,3900,3900,3900,3900,3900,6250,33,280,474.0384080158733,117.65859997831285,8528.33030000329,161.31888
1786902330,20,GET,/compute,15.200000,0.300000,570,670,720,870,3900,4300,4400,4400,4400,4400,4400,6259,33,280,479.5783845181627,117.65859997831285,8528.33030000329,161.31985940246045
1786902330,20,,Aggregated,15.200000,0.300000,570,670,720,870,3900,4300,4400,4400,4400,4400,4400,6259,33,280,479.5783845181627,117.65859997831285,8528.33030000329,161.31985940246045
1786902331,20,GET,/compute,14.800000,0.300000,570,680,870,930,3900,4300,4400,4400,5300,5300,5300,6260,33,280,480.35450745994166,117.65859997831285,8528.33030000329,161.31996805111822
1786902331,20,,Aggregated,14.800000,0.300000,570,680,870,930,3900,4300,4400,4400,5300,5300,5300,6260,33,280,480.35450745994166,117.65859997831285,8528.33030000329,161.31996805111822
1786902332,20,GET,/compute,14.800000,0.300000,880,2100,2300,3900,4200,4400,4400,5300,5300,5300,5300,6279,33,280,484.5744226468117,117.65859997831285,8528.33030000329,161.32202580028667
1786902332,20,,Aggregated,14.800000,0.300000,880,2100,2300,3900,4200,4400,4400,5300,5300,5300,5300,6279,33,280,484.5744226468117,117.65859997831285,8528.33030000329,161.32202580028667
1786902333,20,GET,/compute,12.500000,0.200000,880,1700,2200,3900,4200,4400,4400,5300,5300,5300,5300,6304,33,280,485.04824010140203,117.65859997831285,8528.33030000329,161.32471446700507
1786902333,20,,Aggregated,12.500000,0.200000,880,1700,2200,3900,4200,4400,4400,5300,5300,5300,5300,6304,33,280,485.04824010140203,117.65859997831285,8528.33030000329,161.32471446700507
1786902334,20,GET,/compute,12.500000,0.200000,770,2100,2300,3900,4200,4400,4400,5300,5300,5300,5300,6319,33,280,484.6395171069972,117.65859997831285,8528.33030000329,161.32631745529355
1786902334,20,,Aggregated,12.500000,0.200000,770,2100,2300,3900,4200,4400,4400,5300,5300,5300,5300,6319,33,280,484.6395171069972,117.65859997831285,8528.33030000329,161.32631745529355
1786902335,20,GET,/compute,12.500000,0.200000,770,2100,2300,3900,4200,4400,4400,5300,5300,5300,5300,6319,33,280,484.6395171069972,117.65859997831285,8528.33030000329,161.32631745529355
1786902335,20,,Aggregated,12.500000,0.200000,770,2100,2300,3900,4200,4400,4400,5300,5300,5300,5300,6319,33,280,484.6395171069972,117.65859997831285,8528.33030000329,161.32631745529355
1786902336,20,GET,/compute,12.500000,0.200000,1100,2100,3900,3900,4300,4400,4400,5300,5300,5300,5300,6319,33,280,484.6395171069972,117.65859997831285,8528.33030000329,161.32631745529355
1786902336,20,,Aggregated,12.500000,0.200000,1100,2100,3900,3900,4300,4400,4400,5300,5300,5300,5300,6319,33,280,484.6395171069972,117.65859997831285,8528.33030000329,161.32631745529355
1786902337,20,GET,/compute,10.400000,0.000000,2100,3100,3300,3900,4200,4400,4400,5300,5300,5300,5300,6339,33,290,493.2897703579681,117.65859997831285,8528.33030000329,161.32844297207762
1786902337,20,,Aggregated,10.400000,0.000000,2100,3100,3300,3900,4200,4400,4400,5300,5300,5300,5300,6339,33,290,493.2897703579681,117.65859997831285,8528.33030000329,161.32844297207762
1786902338,20,GET,/compute,10.400000,0.000000,1700,3100,3300,3400,4200,4400,4400,5300,5300,5300,5300,6339,33,290,493.2897703579681,117.65859997831285,8528.33030000329,161.32844297207762
1786902338,20,,Aggregated,10.400000,0.000000,1700,3100,3300,3400,4200,4400,4400,5300,5300,5300,5300,6339,33,290,493.2897703579681,117.65859997831285,8528.33030000329,161.32844297207762
1786902339,20,GET,/compute,10.400000,0.000000,1700,3100,3300,3400,4200,4400,4400,5300,5300,5300,5300,6339,33,290,493.2897703579681,117.65859997831285,8528.33030000329,161.32844297207762
1786902339,20,,Aggregated,10.400000,0.000000,1700,3100,3300,3400,4200,4400,4400,5300,5300,5300,5300,6339,33,290,493.2897703579681,117.65859997831285,8528.33030000329,161.32844297207762
1786902340,20,GET,/compute,10.400000,0.000000,1300,2100,3100,3100,3300,3400,3400,5300,5300,5300,5300,6339,33,290,493.2897703579681,117.65859997831285,8528.33030000329,161.32844297207762
1786902340,20,,Aggregated,10.400000,0.000000,1300,2100,3100,3100,3300,3400,3400,5300,5300,5300,5300,6339,33,290,493.2897703579681,117.65859997831285,8528.33030000329,161.32844297207762
1786902341,20,GET,/compute,10.400000,0.000000,700,1100,3100,3200,3300,3400,3400,3400,3400,3400,3400,6339,33,290,493.2897703579681,117.65859997831285,8528.33030000329,161.32844297207762
1786902341,20,,Aggregated,10.400000,0.000000,700,1100,3100,3200,3300,3400,3400,3400,3400,3400,3400,6339,33,290,493.2897703579681,117.65859997831285,8528.33030000329,161.32844297207762
1786902342,20,GET,/compute,10.400000,0.000000,3000,3100,3200,3300,3400,3400,3400,3400,3400,3400,3400,6339,33,290,493.2897703579681,117.65859997831285,8528.33030000329,161.32844297207762
1786902342,20,,Aggregated,10.400000,0.000000,3000,3100,3200,3300,3400,3400,3400,3400,3400,3400,3400,6339,33,290,493.2897703579681,117.65859997831285,8528.33030000329,161.32844297207762
1786902343,20,GET,/compute,10.400000,0.000000,3000,3100,3200,3300,3400,3400,3400,3400,3400,3400,3400,6339,33,290,493.2897703579681,117.65859997831285,8528.33030000329,161.32844297207762
1786902343,20,,Aggregated,10.400000,0.000000,3000,3100,3200,3300,3400,3400,3400,3400,3400,3400,3400,6339,33,290,493.2897703579681,117.65859997831285,8528.33030000329,161.32844297207762
1786902344,20,GET,/compute,6.000000,0.000000,3400,6200,6300,6400,6400,6400,6500,6500,6500,6500,6500,6364,35,290,511.44713219659116,117.65859997831285,8528.33030000329,161.29054054054055
1786902344,20,,Aggregated,6.000000,0.000000,3400,6200,6300,6400,6400,6400,6500,6500,6500,6500,6500,6364,35,290,511.44713219659116,117.65859997831285,8528.33030000329,161.29054054054055
1786902345,20,GET,/compute,4.000000,0.000000,3200,3400,6200,6300,6400,6400,6400,6500,6500,6500,6500,6381,35,290,512.6084156087084,117.65859997831285,8528.33030000329,161.29243065350258
1786902345,20,,Aggregated,4.000000,0.000000,3200,3400,6200,6300,6400,6400,6400,6500,6500,6500,6500,6381,35,290,512.6084156087084,117.65859997831285,8528.33030000329,161.29243065350258
1786902346,20,GET,/compute,4.000000,0.000000,3200,3400,6200,6300,6400,6400,6400,6500,6500,6500,6500,6385,35,290,512.7169698197558,117.65859997831285,8528.33030000329,161.29287392325764
1786902346,20,,Aggregated,4.000000,0.000000,3200,3400,6200,6300,6400,6400,6400,6500,6500,6500,6500,6385,35,290,512.7169698197558,117.65859997831285,8528.33030000329,161.29287392325764
1786902347,20,GET,/compute,4.000000,0.000000,3200,3400,6200,6300,6400,6400,6400,6500,6500,6500,6500,6385,35,290,512.7169698197558,117.65859997831285,8528.33030000329,161.29287392325764
1786902347,20,,Aggregated,4.000000,0.000000,3200,3400,6200,6300,6400,6400,6400,6500,6500,6500,6500,6385,35,290,512.7169698197558,117.65859997831285,8528.33030000329,161.29287392325764
1786902348,20,GET,/compute,4.000000,0.000000,3200,3400,6200,6300,6400,6400,6400,6500,6500,6500,6500,6385,35,290,512.7169698197558,117.65859997831285,8528.33030000329,161.29287392325764
1786902348,20,,Aggregated,4.000000,0.000000,3200,3400,6200,6300,6400,6400,6400,6500,6500,6500,6500,6385,35,290,512.7169698197558,117.65859997831285,8528.33030000329,161.29287392325764
1786902349,20,GET,/compute,4.000000,0.000000,1200,6200,6300,6300,6400,6400,6500,6500,6500,6500,6500,6385,35,290,512.7169698197558,117.65859997831285,8528.33030000329,161.29287392325764
1786902349,20,,Aggregated,4.000000,0.000000,1200,6200,6300,6300,6400,6400,6500,6500,6500,6500,6500,6385,35,290,512.7169698197558,117.65859997831285,8528.33030000329,161.29287392325764
1786902350,20,GET,/compute,4.600000,0.200000,4000,4400,6200,6300,6400,6400,6400,6500,6500,6500,6500,6407,35,290,524.0478005773768,117.65859997831285,8528.33030000329,161.29530201342283
1786902350,20,,Aggregated,4.600000,0.200000,4000,4400,6200,6300,6400,6400,6400,6500,6500,6500,6500,6407,35,290,524.0478005773768,117.65859997831285,8528.33030000329,161.29530201342283
1786902351,20,GET,/compute,4.600000,0.200000,770,4000,4100,4500,6300,6400,6400,6400,6500,6500,6500,6444,35,290,522.8415287863704,117.65859997831285,8528.33030000329,161.29934823091247
1786902351,20,,Aggregated,4.600000,0.200000,770,4000,4100,4500,6300,6400,6400,6400,6500,6500,6500,6444,35,290,522.8415287863704,117.65859997831285,8528.33030000329,161.29934823091247
1786902352,20,GET,/compute,6.600000,0.200000,770,4000,4100,4500,6300,6400,6400,6400,6500,6500,6500,6447,35,290,522.8813306653359,117.65859997831285,8528.33030000329,161.29967426710098
1786902352,20,,Aggregated,6.600000,0.200000,770,4000,4100,4500,6300,6400,6400,6400,6500,6500,6500,6447,35,290,522.8813306653359,117.65859997831285,8528.33030000329,161.29967426710098
1786902353,20,GET,/compute,6.600000,0.200000,760,1300,1300,2100,4100,4200,4400,4500,4500,4500,4500,6464,35,290,525.089410674449,117.65859997831285,8528.33030000329,161.3015160891089
1786902353,20,,Aggregated,6.600000,0.200000,760,1300,1300,2100,4100,4200,4400,4500,4500,4500,4500,6464,35,290,525.089410674449,117.65859997831285,8528.33030000329,161.3015160891089
1786902354,20,GET,/compute,10.700000,0.200000,1100,1300,1300,1900,4100,4200,4400,4500,4500,4500,4500,6480,35,290,526.7883192283158,117.65859997831285,8528.33030000329,161.30324074074073
1786902354,20,,Aggregated,10.700000,0.200000,1100,1300,1300,1900,4100,4200,4400,4500,4500,4500,4500,6480,35,290,526.7883192283158,117.65859997831285,8528.33030000329,161.30324074074073
1786902355,20,GET,/compute,12.500000,0.200000,1000,1200,1300,1400,4000,4100,4400,4500,4500,4500,4500,6503,35,290,528.0432796708442,117.65859997831285,8528.33030000329,161.30570505920343
1786902355,20,,Aggregated,12.500000,0.200000,1000,1200,1300,1400,4000,4100,4400,4500,4500,4500,4500,6503,35,290,528.0432796708442,117.65859997831285,8528.33030000329,161.30570505920343
1786902356,20,GET,/compute,11.400000,0.000000,760,1100,1300,1300,4000,4100,4400,4500,4500,4500,4500,6534,37,290,526.846347857305,117.65859997831285,8528.33030000329,161.26951331496787
1786902356,20,,Aggregated,11.400000,0.000000,760,1100,1300,1300,4000,4100,4400,4500,4500,4500,4500,6534,37,290,526.846347857305,117.65859997831285,8528.33030000329,161.26951331496787
1786902357,20,GET,/compute,11.700000,0.000000,440,1000,1200,1300,3900,4100,4400,4500,4500,4500,4500,6567,37,290,525.1094065173781,117.65859997831285,8528.33030000329,161.27318410232982
1786902357,20,,Aggregated,11.700000,0.000000,440,1000,1200,1300,3900,4100,4400,4500,4500,4500,4500,6567,37,290,525.1094065173781,117.65859997831285,8528.33030000329,161.27318410232982
1786902358,20,GET,/compute,13.800000,0.200000,420,740,1100,1300,1900,4100,4400,4400,4500,4500,4500,6599,37,290,524.4367502196291,117.65859997831285,8528.33030000329,161.27670859221095
1786902358,20,,Aggregated,13.800000,0.200000,420,740,1100,1300,1900,4100,4400,4400,4500,4500,4500,6599,37,290,524.4367502196291,117.65859997831285,8528.33030000329,161.27670859221095
1786902359,20,GET,/compute,17.000000,0.200000,290,490,630,890,1300,1300,1600,1900,2100,2100,2100,6628,37,290,522.8961866625565,117.65859997831285,8528.33030000329,161.27987326493664
1786902359,20,,Aggregated,17.000000,0.200000,290,490,630,890,1300,1300,1600,1900,2100,2100,2100,6628,37,290,522.8961866625565,117.65859997831285,8528.33030000329,161.27987326493664
1786902360,20,GET,/compute,19.500000,0.200000,290,510,800,1000,1300,1300,1600,1900,2100,2100,2100,6652,37,290,522.6185313889712,117.65859997831285,8528.33030000329,161.28247143716175
1786902360,20,,Aggregated,19.500000,0.200000,290,510,800,1000,1300,1300,1600,1900,2100,2100,2100,6652,37,290,522.6185313889712,117.65859997831285,8528.33030000329,161.28247143716175
1786902361,20,GET,/compute,23.500000,0.200000,260,460,780,930,1300,1300,1600,1900,2100,2100,2100,6668,37,290,522.0969149519225,117.65859997831285,8528.33030000329,161.28419316136774
1786902361,20,,Aggregated,23.500000,0.200000,260,460,780,930,1300,1300,1600,1900,2100,2100,2100,6668,37,290,522.0969149519225,117.65859997831285,8528.33030000329,161.28419316136774
1786902362,20,GET,/compute,24.000000,0.200000,310,440,630,740,1000,1100,1500,1700,1900,1900,1900,6706,37,290,522.1365905009519,117.65859997831285,8528.33030000329,161.28824932895915
1786902362,20,,Aggregated,24.000000,0.200000,310,440,630,740,1000,1100,1500,1700,1900,1900,1900,6706,37,290,522.1365905009519,117.65859997831285,8528.33030000329,161.28824932895915
1786902363,20,GET,/compute,22.500000,0.200000,260,410,490,620,830,1000,1200,1500,1700,1700,1700,6736,37,290,520.9233318882742,117.65859997831285,8528.33030000329,161.291419239905
1786902363,20,,Aggregated,22.500000,0.200000,260,410,490,620,830,1000,1200,1500,1700,1700,1700,6736,37,290,520.9233318882742,117.65859997831285,8528.33030000329,161.291419239905
1786902364,20,GET,/compute,22.500000,0.200000,240,350,420,470,740,830,940,1000,1100,1100,1100,6756,37,290,520.1043902752186,117.65859997831285,8528.33030000329,161.29351687388987
1786902364,20,,Aggregated,22.500000,0.200000,240,350,420,470,740,830,940,1000,1100,1100,1100,6756,37,290,520.1043902752186,117.65859997831285,8528.33030000329,161.29351687388987
