"service","rate_usd","unit","begin_range","begin_numeric","product_family","usage_type","group","group_description","operation","description","sku","effective_date","search_text"
"Lambda","0.1560000000","Hours","0","0","Serverless","APS3-Lambda-Managed-Instances-r5.4xlarge-Management-Hours","","","","$0.156 per Hour for Lambda-Managed-Instances-r5.4xlarge-Management-Hours in Asia Pacific (Mumbai)","22RPDXFCXU5YEADP","2026-08-01T00:00:00Z","Serverless APS3-Lambda-Managed-Instances-r5.4xlarge-Management-Hours    $0.156 per Hour for Lambda-Managed-Instances-r5.4xlarge-Management-Hours in Asia Pacific (Mumbai) Hours"
"Lambda","0.1903200000","Hours","0","0","Serverless","APS3-Lambda-Managed-Instances-r6id.4xlarge-Management-Hours","","","","$0.19032 per Hour for Lambda-Managed-Instances-r6id.4xlarge-Management-Hours in Asia Pacific (Mumbai)","26EUVR27HGTHAMZJ","2026-08-01T00:00:00Z","Serverless APS3-Lambda-Managed-Instances-r6id.4xlarge-Management-Hours    $0.19032 per Hour for Lambda-Managed-Instances-r6id.4xlarge-Management-Hours in Asia Pacific (Mumbai) Hours"
"Lambda","0.0147300000","Hours","0","0","Serverless","APS3-Lambda-Managed-Instances-c7g.xlarge-Management-Hours","","","","$0.01473 per Hour for Lambda-Managed-Instances-c7g.xlarge-Management-Hours in Asia Pacific (Mumbai)","26SU5MVF67FHFACS","2026-08-01T00:00:00Z","Serverless APS3-Lambda-Managed-Instances-c7g.xlarge-Management-Hours    $0.01473 per Hour for Lambda-Managed-Instances-c7g.xlarge-Management-Hours in Asia Pacific (Mumbai) Hours"
"Lambda","0.0255600000","Hours","0","0","Serverless","APS3-Lambda-Managed-Instances-c6g.2xlarge-Management-Hours","","","","$0.02556 per Hour for Lambda-Managed-Instances-c6g.2xlarge-Management-Hours in Asia Pacific (Mumbai)","2ATQP59TQUFXHGKM","2026-08-01T00:00:00Z","Serverless APS3-Lambda-Managed-Instances-c6g.2xlarge-Management-Hours    $0.02556 per Hour for Lambda-Managed-Instances-c6g.2xlarge-Management-Hours in Asia Pacific (Mumbai) Hours"
"Lambda","0.2428800000","Hours","0","0","Serverless","APS3-Lambda-Managed-Instances-m6g.16xlarge-Management-Hours","","","","$0.24288 per Hour for Lambda-Managed-Instances-m6g.16xlarge-Management-Hours in Asia Pacific (Mumbai)","2HQVUWK3GK5QGXPV","2026-08-01T00:00:00Z","Serverless APS3-Lambda-Managed-Instances-m6g.16xlarge-Management-Hours    $0.24288 per Hour for Lambda-Managed-Instances-m6g.16xlarge-Management-Hours in Asia Pacific (Mumbai) Hours"
"Lambda","0.3672000000","Hours","0","0","Serverless","APS3-Lambda-Managed-Instances-r5b.8xlarge-Management-Hours","","","","$0.3672 per Hour for Lambda-Managed-Instances-r5b.8xlarge-Management-Hours in Asia Pacific (Mumbai)","2JZ77SGNYUEJ6UHY","2026-08-01T00:00:00Z","Serverless APS3-Lambda-Managed-Instances-r5b.8xlarge-Management-Hours    $0.3672 per Hour for Lambda-Managed-Instances-r5b.8xlarge-Management-Hours in Asia Pacific (Mumbai) Hours"
"Lambda","0.0000000352","GB-Seconds","0","0","Serverless","APS3-Lambda-Storage-GB-Second-ARM","AWS-Lambda-Storage-Duration-ARM","Invocation duration weighted by ephemeral storage assigned to function, measured in GB-s for ARM","","AWS Lambda - Ephemeral Storage for ARM - Asia Pacific (Mumbai)","2K94HT2ACCBDSE8U","2026-08-01T00:00:00Z","Serverless APS3-Lambda-Storage-GB-Second-ARM AWS-Lambda-Storage-Duration-ARM Invocation duration weighted by ephemeral storage assigned to function, measured in GB-s for ARM  AWS Lambda - Ephemeral Storage for ARM - Asia Pacific (Mumbai) GB-Seconds"
"Lambda","0.0918000000","Hours","0","0","Serverless","APS3-Lambda-Managed-Instances-r5n.2xlarge-Management-Hours","","","","$0.0918 per Hour for Lambda-Managed-Instances-r5n.2xlarge-Management-Hours in Asia Pacific (Mumbai)","2NFKW3Q96NJU5VR2","2026-08-01T00:00:00Z","Serverless APS3-Lambda-Managed-Instances-r5n.2xlarge-Management-Hours    $0.0918 per Hour for Lambda-Managed-Instances-r5n.2xlarge-Management-Hours in Asia Pacific (Mumbai) Hours"
"Lambda","0.0108000000","Hours","0","0","Serverless","APS3-Lambda-Managed-Instances-r5a.large-Management-Hours","","","","$0.0108 per Hour for Lambda-Managed-Instances-r5a.large-Management-Hours in Asia Pacific (Mumbai)","2P6Q7ZHBMGXYRATK","2026-08-01T00:00:00Z","Serverless APS3-Lambda-Managed-Instances-r5a.large-Management-Hours    $0.0108 per Hour for Lambda-Managed-Instances-r5a.large-Management-Hours in Asia Pacific (Mumbai) Hours"
"Lambda","1.1016000000","Hours","0","0","Serverless","APS3-Lambda-Managed-Instances-r5n.24xlarge-Management-Hours","","","","$1.1016 per Hour for Lambda-Managed-Instances-r5n.24xlarge-Management-Hours in Asia Pacific (Mumbai)","2Q6RUFYJGSZMDY6M","2026-08-01T00:00:00Z","Serverless APS3-Lambda-Managed-Instances-r5n.24xlarge-Management-Hours    $1.1016 per Hour for Lambda-Managed-Instances-r5n.24xlarge-Management-Hours in Asia Pacific (Mumbai) Hours"
"Lambda","0.1056000000","Hours","0","0","Serverless","APS3-Lambda-Managed-Instances-r7gd.4xlarge-Management-Hours","","","","$0.1056 per Hour for Lambda-Managed-Instances-r7gd.4xlarge-Management-Hours in Asia Pacific (Mumbai)","2WFPPA3T5ZGG3AJ7","2026-08-01T00:00:00Z","Serverless APS3-Lambda-Managed-Instances-r7gd.4xlarge-Management-Hours    $0.1056 per Hour for Lambda-Managed-Instances-r7gd.4xlarge-Management-Hours in Asia Pacific (Mumbai) Hours"
"Lambda","0.4611600000","Hours","0","0","Serverless","APS3-Lambda-Managed-Instances-m6id.12xlarge-Management-Hours","","","","$0.46116 per Hour for Lambda-Managed-Instances-m6id.12xlarge-Management-Hours in Asia Pacific (Mumbai)","2XCXERNZXAR7R8QX","2026-08-01T00:00:00Z","Serverless APS3-Lambda-Managed-Instances-m6id.12xlarge-Management-Hours    $0.46116 per Hour for Lambda-Managed-Instances-m6id.12xlarge-Management-Hours in Asia Pacific (Mumbai) Hours"
"Lambda","0.0511200000","Hours","0","0","Serverless","APS3-Lambda-Managed-Instances-c6g.4xlarge-Management-Hours","","","","$0.05112 per Hour for Lambda-Managed-Instances-c6g.4xlarge-Management-Hours in Asia Pacific (Mumbai)","336WBWH5VHR7EDNF","2026-08-01T00:00:00Z","Serverless APS3-Lambda-Managed-Instances-c6g.4xlarge-Management-Hours    $0.05112 per Hour for Lambda-Managed-Instances-c6g.4xlarge-Management-Hours in Asia Pacific (Mumbai) Hours"
"Lambda","0.0323850000","Hours","0","0","Serverless","APS3-Lambda-Managed-Instances-c8g.2xlarge-Management-Hours","","","","$0.032385 per Hour for Lambda-Managed-Instances-c8g.2xlarge-Management-Hours in Asia Pacific (Mumbai)","35D8GYQXM9FXAFD7","2026-08-01T00:00:00Z","Serverless APS3-Lambda-Managed-Instances-c8g.2xlarge-Management-Hours    $0.032385 per Hour for Lambda-Managed-Instances-c8g.2xlarge-Management-Hours in Asia Pacific (Mumbai) Hours"
"Lambda","0.0805500000","Hours","0","0","Serverless","APS3-Lambda-Managed-Instances-m5ad.4xlarge-Management-Hours","","","","$0.08055 per Hour for Lambda-Managed-Instances-m5ad.4xlarge-Management-Hours in Asia Pacific (Mumbai)","38F3E826VM3TPSW8","2026-08-01T00:00:00Z","Serverless APS3-Lambda-Managed-Instances-m5ad.4xlarge-Management-Hours    $0.08055 per Hour for Lambda-Managed-Instances-m5ad.4xlarge-Management-Hours in Asia Pacific (Mumbai) Hours"
"Lambda","0.0151500000","Hours","0","0","Serverless","APS3-Lambda-Managed-Instances-m5.large-Management-Hours","","","","$0.01515 per Hour for Lambda-Managed-Instances-m5.large-Management-Hours in Asia Pacific (Mumbai)","3F98CKCTNYKNRFNR","2026-08-01T00:00:00Z","Serverless APS3-Lambda-Managed-Instances-m5.large-Management-Hours    $0.01515 per Hour for Lambda-Managed-Instances-m5.large-Management-Hours in Asia Pacific (Mumbai) Hours"
"Lambda","0.0214500000","Hours","0","0","Serverless","APS3-Lambda-Managed-Instances-r5a.xlarge-Management-Hours","","","","$0.02145 per Hour for Lambda-Managed-Instances-r5a.xlarge-Management-Hours in Asia Pacific (Mumbai)","3KVUWC4X7E9NZXUZ","2026-08-01T00:00:00Z","Serverless APS3-Lambda-Managed-Instances-r5a.xlarge-Management-Hours    $0.02145 per Hour for Lambda-Managed-Instances-r5a.xlarge-Management-Hours in Asia Pacific (Mumbai) Hours"
"Lambda","0.5332800000","Hours","0","0","Serverless","APS3-Lambda-Managed-Instances-m6a.32xlarge-Management-Hours","","","","$0.53328 per Hour for Lambda-Managed-Instances-m6a.32xlarge-Management-Hours in Asia Pacific (Mumbai)","3X358HT7BNZAFF97","2026-08-01T00:00:00Z","Serverless APS3-Lambda-Managed-Instances-m6a.32xlarge-Management-Hours    $0.53328 per Hour for Lambda-Managed-Instances-m6a.32xlarge-Management-Hours in Asia Pacific (Mumbai) Hours"
"Lambda","0.0607200000","Hours","0","0","Serverless","APS3-Lambda-Managed-Instances-m6g.4xlarge-Management-Hours","","","","$0.06072 per Hour for Lambda-Managed-Instances-m6g.4xlarge-Management-Hours in Asia Pacific (Mumbai)","3YRW779QTJW7PEAX","2026-08-01T00:00:00Z","Serverless APS3-Lambda-Managed-Instances-m6g.4xlarge-Management-Hours    $0.06072 per Hour for Lambda-Managed-Instances-m6g.4xlarge-Management-Hours in Asia Pacific (Mumbai) Hours"
"Lambda","0.2424000000","Hours","0","0","Serverless","APS3-Lambda-Managed-Instances-m6i.8xlarge-Management-Hours","","","","$0.2424 per Hour for Lambda-Managed-Instances-m6i.8xlarge-Management-Hours in Asia Pacific (Mumbai)","44UY4X3UCMXM6PG4","2026-08-01T00:00:00Z","Serverless APS3-Lambda-Managed-Instances-m6i.8xlarge-Management-Hours    $0.2424 per Hour for Lambda-Managed-Instances-m6i.8xlarge-Management-Hours in Asia Pacific (Mumbai) Hours"
"Lambda","0.4392000000","Hours","0","0","Serverless","APS3-Lambda-Managed-Instances-m5d.12xlarge-Management-Hours","","","","$0.4392 per Hour for Lambda-Managed-Instances-m5d.12xlarge-Management-Hours in Asia Pacific (Mumbai)","45RNUX45DTF27TNU","2026-08-01T00:00:00Z","Serverless APS3-Lambda-Managed-Instances-m5d.12xlarge-Management-Hours    $0.4392 per Hour for Lambda-Managed-Instances-m5d.12xlarge-Management-Hours in Asia Pacific (Mumbai) Hours"
"Lambda","0.3120000000","Hours","0","0","Serverless","APS3-Lambda-Managed-Instances-r6g.16xlarge-Management-Hours","","","","$0.312 per Hour for Lambda-Managed-Instances-r6g.16xlarge-Management-Hours in Asia Pacific (Mumbai)","46SPV265BTGPVMQK","2026-08-01T00:00:00Z","Serverless APS3-Lambda-Managed-Instances-r6g.16xlarge-Management-Hours    $0.312 per Hour for Lambda-Managed-Instances-r6g.16xlarge-Management-Hours in Asia Pacific (Mumbai) Hours"
"Lambda","0.0282000000","Hours","0","0","Serverless","APS3-Lambda-Managed-Instances-c5a.2xlarge-Management-Hours","","","","$0.0282 per Hour for Lambda-Managed-Instances-c5a.2xlarge-Management-Hours in Asia Pacific (Mumbai)","4AEEJV5MBFXUDC4J","2026-08-01T00:00:00Z","Serverless APS3-Lambda-Managed-Instances-c5a.2xlarge-Management-Hours    $0.0282 per Hour for Lambda-Managed-Instances-c5a.2xlarge-Management-Hours in Asia Pacific (Mumbai) Hours"
"Lambda","0.3432000000","Hours","0","0","Serverless","APS3-Lambda-Managed-Instances-r5a.16xlarge-Management-Hours","","","","$0.3432 per Hour for Lambda-Managed-Instances-r5a.16xlarge-Management-Hours in Asia Pacific (Mumbai)","4CCX4Q35494RZUDW","2026-08-01T00:00:00Z","Serverless APS3-Lambda-Managed-Instances-r5a.16xlarge-Management-Hours    $0.3432 per Hour for Lambda-Managed-Instances-r5a.16xlarge-Management-Hours in Asia Pacific (Mumbai) Hours"
"Lambda","0.0192450000","Hours","0","0","Serverless","APS3-Lambda-Managed-Instances-m8g.xlarge-Management-Hours","","","","$0.019245 per Hour for Lambda-Managed-Instances-m8g.xlarge-Management-Hours in Asia Pacific (Mumbai)","4QWHA6E7JKGA38BM","2026-08-01T00:00:00Z","Serverless APS3-Lambda-Managed-Instances-m8g.xlarge-Management-Hours    $0.019245 per Hour for Lambda-Managed-Instances-m8g.xlarge-Management-Hours in Asia Pacific (Mumbai) Hours"
"Lambda","0.0261000000","Hours","0","0","Serverless","APS3-Lambda-Managed-Instances-r5dn.large-Management-Hours","","","","$0.0261 per Hour for Lambda-Managed-Instances-r5dn.large-Management-Hours in Asia Pacific (Mumbai)","4TEP6M6WE6M7JJNE","2026-08-01T00:00:00Z","Serverless APS3-Lambda-Managed-Instances-r5dn.large-Management-Hours    $0.0261 per Hour for Lambda-Managed-Instances-r5dn.large-Management-Hours in Asia Pacific (Mumbai) Hours"
"Lambda","0.2844000000","Hours","0","0","Serverless","APS3-Lambda-Managed-Instances-c8gn.8xlarge-Management-Hours","","","","$0.2844 per Hour for Lambda-Managed-Instances-c8gn.8xlarge-Management-Hours in Asia Pacific (Mumbai)","4TM2HWCDH3AYREKP","2026-08-01T00:00:00Z","Serverless APS3-Lambda-Managed-Instances-c8gn.8xlarge-Management-Hours    $0.2844 per Hour for Lambda-Managed-Instances-c8gn.8xlarge-Management-Hours in Asia Pacific (Mumbai) Hours"
"Lambda","0.1560000000","Hours","0","0","Serverless","APS3-Lambda-Managed-Instances-r6g.8xlarge-Management-Hours","","","","$0.156 per Hour for Lambda-Managed-Instances-r6g.8xlarge-Management-Hours in Asia Pacific (Mumbai)","4VJU6PMPGFE2ZEX5","2026-08-01T00:00:00Z","Serverless APS3-Lambda-Managed-Instances-r6g.8xlarge-Management-Hours    $0.156 per Hour for Lambda-Managed-Instances-r6g.8xlarge-Management-Hours in Asia Pacific (Mumbai) Hours"
"Lambda","0.0174900000","Hours","0","0","Serverless","APS3-Lambda-Managed-Instances-m7g.xlarge-Management-Hours","","","","$0.01749 per Hour for Lambda-Managed-Instances-m7g.xlarge-Management-Hours in Asia Pacific (Mumbai)","4XK8DU9KGF5GRMKN","2026-08-01T00:00:00Z","Serverless APS3-Lambda-Managed-Instances-m7g.xlarge-Management-Hours    $0.01749 per Hour for Lambda-Managed-Instances-m7g.xlarge-Management-Hours in Asia Pacific (Mumbai) Hours"
"Lambda","0.4848000000","Hours","0","0","Serverless","APS3-Lambda-Managed-Instances-m6i.16xlarge-Management-Hours","","","","$0.4848 per Hour for Lambda-Managed-Instances-m6i.16xlarge-Management-Hours in Asia Pacific (Mumbai)","4YWFEWF9J362V4NJ","2026-08-01T00:00:00Z","Serverless APS3-Lambda-Managed-Instances-m6i.16xlarge-Management-Hours    $0.4848 per Hour for Lambda-Managed-Instances-m6i.16xlarge-Management-Hours in Asia Pacific (Mumbai) Hours"
"Lambda","0.3481950000","Hours","0","0","Serverless","APS3-Lambda-Managed-Instances-m6in.8xlarge-Management-Hours","","","","$0.348195 per Hour for Lambda-Managed-Instances-m6in.8xlarge-Management-Hours in Asia Pacific (Mumbai)","53XSFHQDV2XT7PR6","2026-08-01T00:00:00Z","Serverless APS3-Lambda-Managed-Instances-m6in.8xlarge-Management-Hours    $0.348195 per Hour for Lambda-Managed-Instances-m6in.8xlarge-Management-Hours in Asia Pacific (Mumbai) Hours"
"Lambda","0.0000002000","Requests","0","0","Serverless","APS3-Lambda-Managed-Instances-Request","","","","$0.0000002 per Request for Lambda-Managed-Instances-Request in Asia Pacific (Mumbai)","54Q6FV7YSHVE7E44","2026-08-01T00:00:00Z","Serverless APS3-Lambda-Managed-Instances-Request    $0.0000002 per Request for Lambda-Managed-Instances-Request in Asia Pacific (Mumbai) Requests"
"Lambda","0.4071600000","Hours","0","0","Serverless","APS3-Lambda-Managed-Instances-m6idn.8xlarge-Management-Hours","","","","$0.40716 per Hour for Lambda-Managed-Instances-m6idn.8xlarge-Management-Hours in Asia Pacific (Mumbai)","56QE3N9DMH9AM8UA","2026-08-01T00:00:00Z","Serverless APS3-Lambda-Managed-Instances-m6idn.8xlarge-Management-Hours    $0.40716 per Hour for Lambda-Managed-Instances-m6idn.8xlarge-Management-Hours in Asia Pacific (Mumbai) Hours"
"Lambda","0.0498000000","Hours","0","0","Serverless","APS3-Lambda-Managed-Instances-r5ad.2xlarge-Management-Hours","","","","$0.0498 per Hour for Lambda-Managed-Instances-r5ad.2xlarge-Management-Hours in Asia Pacific (Mumbai)","5ADEYFU4PWXMEXK3","2026-08-01T00:00:00Z","Serverless APS3-Lambda-Managed-Instances-r5ad.2xlarge-Management-Hours    $0.0498 per Hour for Lambda-Managed-Instances-r5ad.2xlarge-Management-Hours in Asia Pacific (Mumbai) Hours"
"Lambda","0.0259500000","Hours","0","0","Serverless","APS3-Lambda-Managed-Instances-c6gn.xlarge-Management-Hours","","","","$0.02595 per Hour for Lambda-Managed-Instances-c6gn.xlarge-Management-Hours in Asia Pacific (Mumbai)","5B6B4Y97WX5ZUR6A","2026-08-01T00:00:00Z","Serverless APS3-Lambda-Managed-Instances-c6gn.xlarge-Management-Hours    $0.02595 per Hour for Lambda-Managed-Instances-c6gn.xlarge-Management-Hours in Asia Pacific (Mumbai) Hours"
"Lambda","0.0226500000","Hours","0","0","Serverless","APS3-Lambda-Managed-Instances-r5d.large-Management-Hours","","","","$0.02265 per Hour for Lambda-Managed-Instances-r5d.large-Management-Hours in Asia Pacific (Mumbai)","5FDQRCCP487Z8YUJ","2026-08-01T00:00:00Z","Serverless APS3-Lambda-Managed-Instances-r5d.large-Management-Hours    $0.02265 per Hour for Lambda-Managed-Instances-r5d.large-Management-Hours in Asia Pacific (Mumbai) Hours"
"Lambda","0.0192150000","Hours","0","0","Serverless","APS3-Lambda-Managed-Instances-m6id.large-Management-Hours","","","","$0.019215 per Hour for Lambda-Managed-Instances-m6id.large-Management-Hours in Asia Pacific (Mumbai)","5KBR7PAY5KVV958E","2026-08-01T00:00:00Z","Serverless APS3-Lambda-Managed-Instances-m6id.large-Management-Hours    $0.019215 per Hour for Lambda-Managed-Instances-m6id.large-Management-Hours in Asia Pacific (Mumbai) Hours"
"Lambda","0.0159150000","Hours","0","0","Serverless","APS3-Lambda-Managed-Instances-m7i.large-Management-Hours","","","","$0.015915 per Hour for Lambda-Managed-Instances-m7i.large-Management-Hours in Asia Pacific (Mumbai)","5N3CEH3AJHTTBNHJ","2026-08-01T00:00:00Z","Serverless APS3-Lambda-Managed-Instances-m7i.large-Management-Hours    $0.015915 per Hour for Lambda-Managed-Instances-m7i.large-Management-Hours in Asia Pacific (Mumbai) Hours"
"Lambda","0.1022400000","Hours","0","0","Serverless","APS3-Lambda-Managed-Instances-c6g.8xlarge-Management-Hours","","","","$0.10224 per Hour for Lambda-Managed-Instances-c6g.8xlarge-Management-Hours in Asia Pacific (Mumbai)","5R9M3ZBC36GTKWAF","2026-08-01T00:00:00Z","Serverless APS3-Lambda-Managed-Instances-c6g.8xlarge-Management-Hours    $0.10224 per Hour for Lambda-Managed-Instances-c6g.8xlarge-Management-Hours in Asia Pacific (Mumbai) Hours"
"Lambda","0.2044800000","Hours","0","0","Serverless","APS3-Lambda-Managed-Instances-c6g.16xlarge-Management-Hours","","","","$0.20448 per Hour for Lambda-Managed-Instances-c6g.16xlarge-Management-Hours in Asia Pacific (Mumbai)","5RSYE42QYMQQGU4V","2026-08-01T00:00:00Z","Serverless APS3-Lambda-Managed-Instances-c6g.16xlarge-Management-Hours    $0.20448 per Hour for Lambda-Managed-Instances-c6g.16xlarge-Management-Hours in Asia Pacific (Mumbai) Hours"
"Lambda","0.0294000000","Hours","0","0","Serverless","APS3-Lambda-Managed-Instances-c6gd.2xlarge-Management-Hours","","","","$0.0294 per Hour for Lambda-Managed-Instances-c6gd.2xlarge-Management-Hours in Asia Pacific (Mumbai)","5STCYPXD5V67F8Y4","2026-08-01T00:00:00Z","Serverless APS3-Lambda-Managed-Instances-c6gd.2xlarge-Management-Hours    $0.0294 per Hour for Lambda-Managed-Instances-c6gd.2xlarge-Management-Hours in Asia Pacific (Mumbai) Hours"
"Lambda","0.0666600000","Hours","0","0","Serverless","APS3-Lambda-Managed-Instances-m6a.4xlarge-Management-Hours","","","","$0.06666 per Hour for Lambda-Managed-Instances-m6a.4xlarge-Management-Hours in Asia Pacific (Mumbai)","5T5NT46ZUX2XUPH2","2026-08-01T00:00:00Z","Serverless APS3-Lambda-Managed-Instances-m6a.4xlarge-Management-Hours    $0.06666 per Hour for Lambda-Managed-Instances-m6a.4xlarge-Management-Hours in Asia Pacific (Mumbai) Hours"
"Lambda","0.4619550000","Hours","0","0","Serverless","APS3-Lambda-Managed-Instances-m8g.24xlarge-Management-Hours","","","","$0.461955 per Hour for Lambda-Managed-Instances-m8g.24xlarge-Management-Hours in Asia Pacific (Mumbai)","5TWU6394HZQHQ828","2026-08-01T00:00:00Z","Serverless APS3-Lambda-Managed-Instances-m8g.24xlarge-Management-Hours    $0.461955 per Hour for Lambda-Managed-Instances-m8g.24xlarge-Management-Hours in Asia Pacific (Mumbai) Hours"
"Lambda","0.1382400000","Hours","0","0","Serverless","APS3-Lambda-Managed-Instances-c7gd.8xlarge-Management-Hours","","","","$0.13824 per Hour for Lambda-Managed-Instances-c7gd.8xlarge-Management-Hours in Asia Pacific (Mumbai)","5VAEDUM2NUK4WMY4","2026-08-01T00:00:00Z","Serverless APS3-Lambda-Managed-Instances-c7gd.8xlarge-Management-Hours    $0.13824 per Hour for Lambda-Managed-Instances-c7gd.8xlarge-Management-Hours in Asia Pacific (Mumbai) Hours"
"Lambda","0.4152000000","Hours","0","0","Serverless","APS3-Lambda-Managed-Instances-c6gn.16xlarge-Management-Hours","","","","$0.4152 per Hour for Lambda-Managed-Instances-c6gn.16xlarge-Management-Hours in Asia Pacific (Mumbai)","5WJFKRMRMEBMGXTK","2026-08-01T00:00:00Z","Serverless APS3-Lambda-Managed-Instances-c6gn.16xlarge-Management-Hours    $0.4152 per Hour for Lambda-Managed-Instances-c6gn.16xlarge-Management-Hours in Asia Pacific (Mumbai) Hours"
"Lambda","0.6963900000","Hours","0","0","Serverless","APS3-Lambda-Managed-Instances-m6in.16xlarge-Management-Hours","","","","$0.69639 per Hour for Lambda-Managed-Instances-m6in.16xlarge-Management-Hours in Asia Pacific (Mumbai)","622QNW8Y8DXSBSH9","2026-08-01T00:00:00Z","Serverless APS3-Lambda-Managed-Instances-m6in.16xlarge-Management-Hours    $0.69639 per Hour for Lambda-Managed-Instances-m6in.16xlarge-Management-Hours in Asia Pacific (Mumbai) Hours"
"Lambda","0.0561000000","Hours","0","0","Serverless","APS3-Lambda-Managed-Instances-c6a.4xlarge-Management-Hours","","","","$0.0561 per Hour for Lambda-Managed-Instances-c6a.4xlarge-Management-Hours in Asia Pacific (Mumbai)","62TVNQV9R2QDU3JE","2026-08-01T00:00:00Z","Serverless APS3-Lambda-Managed-Instances-c6a.4xlarge-Management-Hours    $0.0561 per Hour for Lambda-Managed-Instances-c6a.4xlarge-Management-Hours in Asia Pacific (Mumbai) Hours"
"Lambda","0.1716000000","Hours","0","0","Serverless","APS3-Lambda-Managed-Instances-r6a.8xlarge-Management-Hours","","","","$0.1716 per Hour for Lambda-Managed-Instances-r6a.8xlarge-Management-Hours in Asia Pacific (Mumbai)","62WHTFW6ZJ5MVMZP","2026-08-01T00:00:00Z","Serverless APS3-Lambda-Managed-Instances-r6a.8xlarge-Management-Hours    $0.1716 per Hour for Lambda-Managed-Instances-r6a.8xlarge-Management-Hours in Asia Pacific (Mumbai) Hours"
"Lambda","0.3886500000","Hours","0","0","Serverless","APS3-Lambda-Managed-Instances-c8g.24xlarge-Management-Hours","","","","$0.38865 per Hour for Lambda-Managed-Instances-c8g.24xlarge-Management-Hours in Asia Pacific (Mumbai)","62YFQPQVXHA88P3T","2026-08-01T00:00:00Z","Serverless APS3-Lambda-Managed-Instances-c8g.24xlarge-Management-Hours    $0.38865 per Hour for Lambda-Managed-Instances-c8g.24xlarge-Management-Hours in Asia Pacific (Mumbai) Hours"
"Lambda","0.0235500000","Hours","0","0","Serverless","APS3-Lambda-Managed-Instances-r7a.large-Management-Hours","","","","$0.02355 per Hour for Lambda-Managed-Instances-r7a.large-Management-Hours in Asia Pacific (Mumbai)","65NSDCV9BKRWNB85","2026-08-01T00:00:00Z","Serverless APS3-Lambda-Managed-Instances-r7a.large-Management-Hours    $0.02355 per Hour for Lambda-Managed-Instances-r7a.large-Management-Hours in Asia Pacific (Mumbai) Hours"
"Lambda","0.0345600000","Hours","0","0","Serverless","APS3-Lambda-Managed-Instances-c7gd.2xlarge-Management-Hours","","","","$0.03456 per Hour for Lambda-Managed-Instances-c7gd.2xlarge-Management-Hours in Asia Pacific (Mumbai)","66S34VP4M78UKDMU","2026-08-01T00:00:00Z","Serverless APS3-Lambda-Managed-Instances-c7gd.2xlarge-Management-Hours    $0.03456 per Hour for Lambda-Managed-Instances-c7gd.2xlarge-Management-Hours in Asia Pacific (Mumbai) Hours"
"Lambda","0.4914000000","Hours","0","0","Serverless","APS3-Lambda-Managed-Instances-r7i.12xlarge-Management-Hours","","","","$0.4914 per Hour for Lambda-Managed-Instances-r7i.12xlarge-Management-Hours in Asia Pacific (Mumbai)","66W5CWUBYS2X7HGH","2026-08-01T00:00:00Z","Serverless APS3-Lambda-Managed-Instances-r7i.12xlarge-Management-Hours    $0.4914 per Hour for Lambda-Managed-Instances-r7i.12xlarge-Management-Hours in Asia Pacific (Mumbai) Hours"
"Lambda","0.0083400000","Hours","0","0","Serverless","APS3-Lambda-Managed-Instances-m6a.large-Management-Hours","","","","$0.00834 per Hour for Lambda-Managed-Instances-m6a.large-Management-Hours in Asia Pacific (Mumbai)","67SBXW6HSA2RBKNF","2026-08-01T00:00:00Z","Serverless APS3-Lambda-Managed-Instances-m6a.large-Management-Hours    $0.00834 per Hour for Lambda-Managed-Instances-m6a.large-Management-Hours in Asia Pacific (Mumbai) Hours"
"Lambda","0.0508950000","Hours","0","0","Serverless","APS3-Lambda-Managed-Instances-m6idn.xlarge-Management-Hours","","","","$0.050895 per Hour for Lambda-Managed-Instances-m6idn.xlarge-Management-Hours in Asia Pacific (Mumbai)","6862RZ6SQ3CK828D","2026-08-01T00:00:00Z","Serverless APS3-Lambda-Managed-Instances-m6idn.xlarge-Management-Hours    $0.050895 per Hour for Lambda-Managed-Instances-m6idn.xlarge-Management-Hours in Asia Pacific (Mumbai) Hours"
"Lambda","0.6864000000","Hours","0","0","Serverless","APS3-Lambda-Managed-Instances-r6a.32xlarge-Management-Hours","","","","$0.6864 per Hour for Lambda-Managed-Instances-r6a.32xlarge-Management-Hours in Asia Pacific (Mumbai)","68WKW6ABTRSGCJU6","2026-08-01T00:00:00Z","Serverless APS3-Lambda-Managed-Instances-r6a.32xlarge-Management-Hours    $0.6864 per Hour for Lambda-Managed-Instances-r6a.32xlarge-Management-Hours in Asia Pacific (Mumbai) Hours"
"Lambda","0.0000120001","Lambda-GB-Second","7500000000","7500000000","Serverless","APS3-Lambda-GB-Second-ARM","AWS-Lambda-Duration-ARM","Invocation duration weighted by memory assigned to function, measured in GB-s for ARM","","AWS Lambda - Total Compute for ARM - Asia Pacific (Mumbai)-Tier-2","69Y7TUFYEF9HAV59","2026-08-01T00:00:00Z","Serverless APS3-Lambda-GB-Second-ARM AWS-Lambda-Duration-ARM Invocation duration weighted by memory assigned to function, measured in GB-s for ARM  AWS Lambda - Total Compute for ARM - Asia Pacific (Mumbai)-Tier-2 Lambda-GB-Second"
"Lambda","0.0000106667","Lambda-GB-Second","18750000000","18750000000","Serverless","APS3-Lambda-GB-Second-ARM","AWS-Lambda-Duration-ARM","Invocation duration weighted by memory assigned to function, measured in GB-s for ARM","","AWS Lambda - Total Compute for ARM - Asia Pacific (Mumbai)-Tier-3","69Y7TUFYEF9HAV59","2026-08-01T00:00:00Z","Serverless APS3-Lambda-GB-Second-ARM AWS-Lambda-Duration-ARM Invocation duration weighted by memory assigned to function, measured in GB-s for ARM  AWS Lambda - Total Compute for ARM - Asia Pacific (Mumbai)-Tier-3 Lambda-GB-Second"
"Lambda","0.0000133334","Lambda-GB-Second","0","0","Serverless","APS3-Lambda-GB-Second-ARM","AWS-Lambda-Duration-ARM","Invocation duration weighted by memory assigned to function, measured in GB-s for ARM","","AWS Lambda - Total Compute for ARM - Asia Pacific (Mumbai)-Tier-1","69Y7TUFYEF9HAV59","2026-08-01T00:00:00Z","Serverless APS3-Lambda-GB-Second-ARM AWS-Lambda-Duration-ARM Invocation duration weighted by memory assigned to function, measured in GB-s for ARM  AWS Lambda - Total Compute for ARM - Asia Pacific (Mumbai)-Tier-1 Lambda-GB-Second"
"Lambda","0.4284000000","Hours","0","0","Serverless","APS3-Lambda-Managed-Instances-c7i.16xlarge-Management-Hours","","","","$0.4284 per Hour for Lambda-Managed-Instances-c7i.16xlarge-Management-Hours in Asia Pacific (Mumbai)","6AUDHGKGMVSNHEE3","2026-08-01T00:00:00Z","Serverless APS3-Lambda-Managed-Instances-c7i.16xlarge-Management-Hours    $0.4284 per Hour for Lambda-Managed-Instances-c7i.16xlarge-Management-Hours in Asia Pacific (Mumbai) Hours"
"Lambda","0.0402000000","Hours","0","0","Serverless","APS3-Lambda-Managed-Instances-m5ad.2xlarge-Management-Hours","","","","$0.0402 per Hour for Lambda-Managed-Instances-m5ad.2xlarge-Management-Hours in Asia Pacific (Mumbai)","6N8A86RZKG9EJCGQ","2026-08-01T00:00:00Z","Serverless APS3-Lambda-Managed-Instances-m5ad.2xlarge-Management-Hours    $0.0402 per Hour for Lambda-Managed-Instances-m5ad.2xlarge-Management-Hours in Asia Pacific (Mumbai) Hours"
"Lambda","0.0204750000","Hours","0","0","Serverless","APS3-Lambda-Managed-Instances-r7i.large-Management-Hours","","","","$0.020475 per Hour for Lambda-Managed-Instances-r7i.large-Management-Hours in Asia Pacific (Mumbai)","6RGEUYGESTAT9V8E","2026-08-01T00:00:00Z","Serverless APS3-Lambda-Managed-Instances-r7i.large-Management-Hours    $0.020475 per Hour for Lambda-Managed-Instances-r7i.large-Management-Hours in Asia Pacific (Mumbai) Hours"
"Lambda","0.0333300000","Hours","0","0","Serverless","APS3-Lambda-Managed-Instances-m6a.2xlarge-Management-Hours","","","","$0.03333 per Hour for Lambda-Managed-Instances-m6a.2xlarge-Management-Hours in Asia Pacific (Mumbai)","6RTR4GN88HX4K44F","2026-08-01T00:00:00Z","Serverless APS3-Lambda-Managed-Instances-m6a.2xlarge-Management-Hours    $0.03333 per Hour for Lambda-Managed-Instances-m6a.2xlarge-Management-Hours in Asia Pacific (Mumbai) Hours"
"Lambda","0.2073600000","Hours","0","0","Serverless","APS3-Lambda-Managed-Instances-c7gd.12xlarge-Management-Hours","","","","$0.20736 per Hour for Lambda-Managed-Instances-c7gd.12xlarge-Management-Hours in Asia Pacific (Mumbai)","6WB8PZ789JHWHGQR","2026-08-01T00:00:00Z","Serverless APS3-Lambda-Managed-Instances-c7gd.12xlarge-Management-Hours    $0.20736 per Hour for Lambda-Managed-Instances-c7gd.12xlarge-Management-Hours in Asia Pacific (Mumbai) Hours"
"Lambda","0.0195000000","Hours","0","0","Serverless","APS3-Lambda-Managed-Instances-r6i.large-Management-Hours","","","","$0.0195 per Hour for Lambda-Managed-Instances-r6i.large-Management-Hours in Asia Pacific (Mumbai)","6ZNXYH6QE9JYYVFX","2026-08-01T00:00:00Z","Serverless APS3-Lambda-Managed-Instances-r6i.large-Management-Hours    $0.0195 per Hour for Lambda-Managed-Instances-r6i.large-Management-Hours in Asia Pacific (Mumbai) Hours"
"Lambda","0.0080000000","Processed-Gigabytes","0","0","Serverless","APS3-Lambda-Streaming-Response-Processed-Bytes","AWS-Lambda-Processed-Bytes","Processed bytes for a streamed response from a Lambda function invocation","","$0.008 per GiB for of Lambda-Streaming-Response-Processed-Bytes usage in Asia Pacific (Mumbai)","76P6235FB8T47KPZ","2026-08-01T00:00:00Z","Serverless APS3-Lambda-Streaming-Response-Processed-Bytes AWS-Lambda-Processed-Bytes Processed bytes for a streamed response from a Lambda function invocation  $0.008 per GiB for of Lambda-Streaming-Response-Processed-Bytes usage in Asia Pacific (Mumbai) Processed-Gigabytes"
"Lambda","0.2142000000","Hours","0","0","Serverless","APS3-Lambda-Managed-Instances-c7i.8xlarge-Management-Hours","","","","$0.2142 per Hour for Lambda-Managed-Instances-c7i.8xlarge-Management-Hours in Asia Pacific (Mumbai)","7CP4FQRGD7SXFW4N","2026-08-01T00:00:00Z","Serverless APS3-Lambda-Managed-Instances-c7i.8xlarge-Management-Hours    $0.2142 per Hour for Lambda-Managed-Instances-c7i.8xlarge-Management-Hours in Asia Pacific (Mumbai) Hours"
"Lambda","0.0140250000","Hours","0","0","Serverless","APS3-Lambda-Managed-Instances-c6a.xlarge-Management-Hours","","","","$0.014025 per Hour for Lambda-Managed-Instances-c6a.xlarge-Management-Hours in Asia Pacific (Mumbai)","7CYD3XR4QSEFY6PF","2026-08-01T00:00:00Z","Serverless APS3-Lambda-Managed-Instances-c6a.xlarge-Management-Hours    $0.014025 per Hour for Lambda-Managed-Instances-c6a.xlarge-Management-Hours in Asia Pacific (Mumbai) Hours"
"Lambda","0.2309700000","Hours","0","0","Serverless","APS3-Lambda-Managed-Instances-m8g.12xlarge-Management-Hours","","","","$0.23097 per Hour for Lambda-Managed-Instances-m8g.12xlarge-Management-Hours in Asia Pacific (Mumbai)","7E8KDMUMY52M3CGS","2026-08-01T00:00:00Z","Serverless APS3-Lambda-Managed-Instances-m8g.12xlarge-Management-Hours    $0.23097 per Hour for Lambda-Managed-Instances-m8g.12xlarge-Management-Hours in Asia Pacific (Mumbai) Hours"
"Lambda","0.5148000000","Hours","0","0","Serverless","APS3-Lambda-Managed-Instances-r5a.24xlarge-Management-Hours","","","","$0.5148 per Hour for Lambda-Managed-Instances-r5a.24xlarge-Management-Hours in Asia Pacific (Mumbai)","7E9FF63E56PWR4G5","2026-08-01T00:00:00Z","Serverless APS3-Lambda-Managed-Instances-r5a.24xlarge-Management-Hours    $0.5148 per Hour for Lambda-Managed-Instances-r5a.24xlarge-Management-Hours in Asia Pacific (Mumbai) Hours"
"Lambda","0.1638000000","Hours","0","0","Serverless","APS3-Lambda-Managed-Instances-r7i.4xlarge-Management-Hours","","","","$0.1638 per Hour for Lambda-Managed-Instances-r7i.4xlarge-Management-Hours in Asia Pacific (Mumbai)","7J6QAW79XSJ2HSXJ","2026-08-01T00:00:00Z","Serverless APS3-Lambda-Managed-Instances-r7i.4xlarge-Management-Hours    $0.1638 per Hour for Lambda-Managed-Instances-r7i.4xlarge-Management-Hours in Asia Pacific (Mumbai) Hours"
"Lambda","0.1020000000","Hours","0","0","Serverless","APS3-Lambda-Managed-Instances-c6i.4xlarge-Management-Hours","","","","$0.102 per Hour for Lambda-Managed-Instances-c6i.4xlarge-Management-Hours in Asia Pacific (Mumbai)","7KA4H4Z62CKA7JUV","2026-08-01T00:00:00Z","Serverless APS3-Lambda-Managed-Instances-c6i.4xlarge-Management-Hours    $0.102 per Hour for Lambda-Managed-Instances-c6i.4xlarge-Management-Hours in Asia Pacific (Mumbai) Hours"
"Lambda","0.4082400000","Hours","0","0","Serverless","APS3-Lambda-Managed-Instances-c6in.12xlarge-Management-Hours","","","","$0.40824 per Hour for Lambda-Managed-Instances-c6in.12xlarge-Management-Hours in Asia Pacific (Mumbai)","7WBUMFGCHRE6TQKX","2026-08-01T00:00:00Z","Serverless APS3-Lambda-Managed-Instances-c6in.12xlarge-Management-Hours    $0.40824 per Hour for Lambda-Managed-Instances-c6in.12xlarge-Management-Hours in Asia Pacific (Mumbai) Hours"
"Lambda","0.2574000000","Hours","0","0","Serverless","APS3-Lambda-Managed-Instances-r5a.12xlarge-Management-Hours","","","","$0.2574 per Hour for Lambda-Managed-Instances-r5a.12xlarge-Management-Hours in Asia Pacific (Mumbai)","7Y4V4W6N625VMNS6","2026-08-01T00:00:00Z","Serverless APS3-Lambda-Managed-Instances-r5a.12xlarge-Management-Hours    $0.2574 per Hour for Lambda-Managed-Instances-r5a.12xlarge-Management-Hours in Asia Pacific (Mumbai) Hours"
"Lambda","0.0000006000","Request","0","0","Serverless","APS3-Lambda-Edge-Request","AWS-Lambda-Edge-Requests","Invocation call for a Lambda function","","AWS Lambda Edge - Total Requests - Asia Pacific (Mumbai)","84CXDMMA25MUNN4T","2026-08-01T00:00:00Z","Serverless APS3-Lambda-Edge-Request AWS-Lambda-Edge-Requests Invocation call for a Lambda function  AWS Lambda Edge - Total Requests - Asia Pacific (Mumbai) Request"
"Lambda","0.1716000000","Hours","0","0","Serverless","APS3-Lambda-Managed-Instances-r5a.8xlarge-Management-Hours","","","","$0.1716 per Hour for Lambda-Managed-Instances-r5a.8xlarge-Management-Hours in Asia Pacific (Mumbai)","875WJ4C8MPWFEQ36","2026-08-01T00:00:00Z","Serverless APS3-Lambda-Managed-Instances-r5a.8xlarge-Management-Hours    $0.1716 per Hour for Lambda-Managed-Instances-r5a.8xlarge-Management-Hours in Asia Pacific (Mumbai) Hours"
"Lambda","0.0172800000","Hours","0","0","Serverless","APS3-Lambda-Managed-Instances-c7gd.xlarge-Management-Hours","","","","$0.01728 per Hour for Lambda-Managed-Instances-c7gd.xlarge-Management-Hours in Asia Pacific (Mumbai)","89D26NEJZNZBW49M","2026-08-01T00:00:00Z","Serverless APS3-Lambda-Managed-Instances-c7gd.xlarge-Management-Hours    $0.01728 per Hour for Lambda-Managed-Instances-c7gd.xlarge-Management-Hours in Asia Pacific (Mumbai) Hours"
"Lambda","0.1333500000","Hours","0","0","Serverless","APS3-Lambda-Managed-Instances-m5a.8xlarge-Management-Hours","","","","$0.13335 per Hour for Lambda-Managed-Instances-m5a.8xlarge-Management-Hours in Asia Pacific (Mumbai)","8J8PA7GBJ647BAHV","2026-08-01T00:00:00Z","Serverless APS3-Lambda-Managed-Instances-m5a.8xlarge-Management-Hours    $0.13335 per Hour for Lambda-Managed-Instances-m5a.8xlarge-Management-Hours in Asia Pacific (Mumbai) Hours"
"Lambda","0.0429000000","Hours","0","0","Serverless","APS3-Lambda-Managed-Instances-r5a.2xlarge-Management-Hours","","","","$0.0429 per Hour for Lambda-Managed-Instances-r5a.2xlarge-Management-Hours in Asia Pacific (Mumbai)","8JF9ATAQBACEX2AN","2026-08-01T00:00:00Z","Serverless APS3-Lambda-Managed-Instances-r5a.2xlarge-Management-Hours    $0.0429 per Hour for Lambda-Managed-Instances-r5a.2xlarge-Management-Hours in Asia Pacific (Mumbai) Hours"
"Lambda","0.0471000000","Hours","0","0","Serverless","APS3-Lambda-Managed-Instances-r7a.xlarge-Management-Hours","","","","$0.0471 per Hour for Lambda-Managed-Instances-r7a.xlarge-Management-Hours in Asia Pacific (Mumbai)","8JMBW2UQ5C8G2GJS","2026-08-01T00:00:00Z","Serverless APS3-Lambda-Managed-Instances-r7a.xlarge-Management-Hours    $0.0471 per Hour for Lambda-Managed-Instances-r7a.xlarge-Management-Hours in Asia Pacific (Mumbai) Hours"
"Lambda","0.5222850000","Hours","0","0","Serverless","APS3-Lambda-Managed-Instances-m6in.12xlarge-Management-Hours","","","","$0.522285 per Hour for Lambda-Managed-Instances-m6in.12xlarge-Management-Hours in Asia Pacific (Mumbai)","8M8GBVGX2MHGCJ4V","2026-08-01T00:00:00Z","Serverless APS3-Lambda-Managed-Instances-m6in.12xlarge-Management-Hours    $0.522285 per Hour for Lambda-Managed-Instances-m6in.12xlarge-Management-Hours in Asia Pacific (Mumbai) Hours"
"Lambda","0.0124500000","Hours","0","0","Serverless","APS3-Lambda-Managed-Instances-r5ad.large-Management-Hours","","","","$0.01245 per Hour for Lambda-Managed-Instances-r5ad.large-Management-Hours in Asia Pacific (Mumbai)","8MFEMWD3P4BFKB24","2026-08-01T00:00:00Z","Serverless APS3-Lambda-Managed-Instances-r5ad.large-Management-Hours    $0.01245 per Hour for Lambda-Managed-Instances-r5ad.large-Management-Hours in Asia Pacific (Mumbai) Hours"
"Lambda","0.1740900000","Hours","0","0","Serverless","APS3-Lambda-Managed-Instances-m6in.4xlarge-Management-Hours","","","","$0.17409 per Hour for Lambda-Managed-Instances-m6in.4xlarge-Management-Hours in Asia Pacific (Mumbai)","8S8TJ85PTUCENRMJ","2026-08-01T00:00:00Z","Serverless APS3-Lambda-Managed-Instances-m6in.4xlarge-Management-Hours    $0.17409 per Hour for Lambda-Managed-Instances-m6in.4xlarge-Management-Hours in Asia Pacific (Mumbai) Hours"
"Lambda","0.2721600000","Hours","0","0","Serverless","APS3-Lambda-Managed-Instances-c6in.8xlarge-Management-Hours","","","","$0.27216 per Hour for Lambda-Managed-Instances-c6in.8xlarge-Management-Hours in Asia Pacific (Mumbai)","8U3YVA7KM8G3SRSX","2026-08-01T00:00:00Z","Serverless APS3-Lambda-Managed-Instances-c6in.8xlarge-Management-Hours    $0.27216 per Hour for Lambda-Managed-Instances-c6in.8xlarge-Management-Hours in Asia Pacific (Mumbai) Hours"
"Lambda","1.1891550000","Hours","0","0","Serverless","APS3-Lambda-Managed-Instances-r8g.48xlarge-Management-Hours","","","","$1.189155 per Hour for Lambda-Managed-Instances-r8g.48xlarge-Management-Hours in Asia Pacific (Mumbai)","8W474PKJ5UMJMVB2","2026-08-01T00:00:00Z","Serverless APS3-Lambda-Managed-Instances-r8g.48xlarge-Management-Hours    $1.189155 per Hour for Lambda-Managed-Instances-r8g.48xlarge-Management-Hours in Asia Pacific (Mumbai) Hours"
"Lambda","0.2556000000","Hours","0","0","Serverless","APS3-Lambda-Managed-Instances-m7gd.12xlarge-Management-Hours","","","","$0.2556 per Hour for Lambda-Managed-Instances-m7gd.12xlarge-Management-Hours in Asia Pacific (Mumbai)","8ZMNHZ5U8T7P48AU","2026-08-01T00:00:00Z","Serverless APS3-Lambda-Managed-Instances-m7gd.12xlarge-Management-Hours    $0.2556 per Hour for Lambda-Managed-Instances-m7gd.12xlarge-Management-Hours in Asia Pacific (Mumbai) Hours"
"Lambda","1.0886400000","Hours","0","0","Serverless","APS3-Lambda-Managed-Instances-c6in.32xlarge-Management-Hours","","","","$1.08864 per Hour for Lambda-Managed-Instances-c6in.32xlarge-Management-Hours in Asia Pacific (Mumbai)","94RKBXVMYEP92U3A","2026-08-01T00:00:00Z","Serverless APS3-Lambda-Managed-Instances-c6in.32xlarge-Management-Hours    $1.08864 per Hour for Lambda-Managed-Instances-c6in.32xlarge-Management-Hours in Asia Pacific (Mumbai) Hours"
"Lambda","0.0324000000","Hours","0","0","Serverless","APS3-Lambda-Managed-Instances-c5n.xlarge-Management-Hours","","","","$0.0324 per Hour for Lambda-Managed-Instances-c5n.xlarge-Management-Hours in Asia Pacific (Mumbai)","9D7R5NVQGWTWER4Z","2026-08-01T00:00:00Z","Serverless APS3-Lambda-Managed-Instances-c5n.xlarge-Management-Hours    $0.0324 per Hour for Lambda-Managed-Instances-c5n.xlarge-Management-Hours in Asia Pacific (Mumbai) Hours"
"Lambda","0.2899200000","Hours","0","0","Serverless","APS3-Lambda-Managed-Instances-m6gd.16xlarge-Management-Hours","","","","$0.28992 per Hour for Lambda-Managed-Instances-m6gd.16xlarge-Management-Hours in Asia Pacific (Mumbai)","9HKY7BNDNU5GAW83","2026-08-01T00:00:00Z","Serverless APS3-Lambda-Managed-Instances-m6gd.16xlarge-Management-Hours    $0.28992 per Hour for Lambda-Managed-Instances-m6gd.16xlarge-Management-Hours in Asia Pacific (Mumbai) Hours"
"Lambda","0.0318150000","Hours","0","0","Serverless","APS3-Lambda-Managed-Instances-m7i.xlarge-Management-Hours","","","","$0.031815 per Hour for Lambda-Managed-Instances-m7i.xlarge-Management-Hours in Asia Pacific (Mumbai)","9J7SPT4U83FNUMHX","2026-08-01T00:00:00Z","Serverless APS3-Lambda-Managed-Instances-m7i.xlarge-Management-Hours    $0.031815 per Hour for Lambda-Managed-Instances-m7i.xlarge-Management-Hours in Asia Pacific (Mumbai) Hours"
"Lambda","0.2928000000","Hours","0","0","Serverless","APS3-Lambda-Managed-Instances-m5d.8xlarge-Management-Hours","","","","$0.2928 per Hour for Lambda-Managed-Instances-m5d.8xlarge-Management-Hours in Asia Pacific (Mumbai)","9PCX5RJUBSEUNFC8","2026-08-01T00:00:00Z","Serverless APS3-Lambda-Managed-Instances-m5d.8xlarge-Management-Hours    $0.2928 per Hour for Lambda-Managed-Instances-m5d.8xlarge-Management-Hours in Asia Pacific (Mumbai) Hours"
"Lambda","0.0213000000","Hours","0","0","Serverless","APS3-Lambda-Managed-Instances-m7gd.xlarge-Management-Hours","","","","$0.0213 per Hour for Lambda-Managed-Instances-m7gd.xlarge-Management-Hours in Asia Pacific (Mumbai)","9QSXTMJNS3MB36WA","2026-08-01T00:00:00Z","Serverless APS3-Lambda-Managed-Instances-m7gd.xlarge-Management-Hours    $0.0213 per Hour for Lambda-Managed-Instances-m7gd.xlarge-Management-Hours in Asia Pacific (Mumbai) Hours"
"Lambda","0.3963900000","Hours","0","0","Serverless","APS3-Lambda-Managed-Instances-r8g.16xlarge-Management-Hours","","","","$0.39639 per Hour for Lambda-Managed-Instances-r8g.16xlarge-Management-Hours in Asia Pacific (Mumbai)","9QYQD6KQ65CP4NP4","2026-08-01T00:00:00Z","Serverless APS3-Lambda-Managed-Instances-r8g.16xlarge-Management-Hours    $0.39639 per Hour for Lambda-Managed-Instances-r8g.16xlarge-Management-Hours in Asia Pacific (Mumbai) Hours"
"Lambda","1.3927650000","Hours","0","0","Serverless","APS3-Lambda-Managed-Instances-m6in.32xlarge-Management-Hours","","","","$1.392765 per Hour for Lambda-Managed-Instances-m6in.32xlarge-Management-Hours in Asia Pacific (Mumbai)","9TRPTT2V272U4V4H","2026-08-01T00:00:00Z","Serverless APS3-Lambda-Managed-Instances-m6in.32xlarge-Management-Hours    $1.392765 per Hour for Lambda-Managed-Instances-m6in.32xlarge-Management-Hours in Asia Pacific (Mumbai) Hours"
"Lambda","0.0186000000","Hours","0","0","Serverless","APS3-Lambda-Managed-Instances-m5n.large-Management-Hours","","","","$0.0186 per Hour for Lambda-Managed-Instances-m5n.large-Management-Hours in Asia Pacific (Mumbai)","9U4E5AC7MRNKWQCW","2026-08-01T00:00:00Z","Serverless APS3-Lambda-Managed-Instances-m5n.large-Management-Hours    $0.0186 per Hour for Lambda-Managed-Instances-m5n.large-Management-Hours in Asia Pacific (Mumbai) Hours"
"Lambda","0.0112050000","Hours","0","0","Serverless","APS3-Lambda-Managed-Instances-r6gd.large-Management-Hours","","","","$0.011205 per Hour for Lambda-Managed-Instances-r6gd.large-Management-Hours in Asia Pacific (Mumbai)","9UETG67N2VPV4ZBB","2026-08-01T00:00:00Z","Serverless APS3-Lambda-Managed-Instances-r6gd.large-Management-Hours    $0.011205 per Hour for Lambda-Managed-Instances-r6gd.large-Management-Hours in Asia Pacific (Mumbai) Hours"
"Lambda","0.8164800000","Hours","0","0","Serverless","APS3-Lambda-Managed-Instances-c6in.24xlarge-Management-Hours","","","","$0.81648 per Hour for Lambda-Managed-Instances-c6in.24xlarge-Management-Hours in Asia Pacific (Mumbai)","9XXBX694ATQQQNN4","2026-08-01T00:00:00Z","Serverless APS3-Lambda-Managed-Instances-c6in.24xlarge-Management-Hours    $0.81648 per Hour for Lambda-Managed-Instances-c6in.24xlarge-Management-Hours in Asia Pacific (Mumbai) Hours"
"Lambda","0.4989600000","Hours","0","0","Serverless","APS3-Lambda-Managed-Instances-c6id.16xlarge-Management-Hours","","","","$0.49896 per Hour for Lambda-Managed-Instances-c6id.16xlarge-Management-Hours in Asia Pacific (Mumbai)","A3S6WRSQP4FP8ENZ","2026-08-01T00:00:00Z","Serverless APS3-Lambda-Managed-Instances-c6id.16xlarge-Management-Hours    $0.49896 per Hour for Lambda-Managed-Instances-c6id.16xlarge-Management-Hours in Asia Pacific (Mumbai) Hours"
"Lambda","0.0100500000","Hours","0","0","Serverless","APS3-Lambda-Managed-Instances-m5ad.large-Management-Hours","","","","$0.01005 per Hour for Lambda-Managed-Instances-m5ad.large-Management-Hours in Asia Pacific (Mumbai)","A8CEDJSZFH9P9M73","2026-08-01T00:00:00Z","Serverless APS3-Lambda-Managed-Instances-m5ad.large-Management-Hours    $0.01005 per Hour for Lambda-Managed-Instances-m5ad.large-Management-Hours in Asia Pacific (Mumbai) Hours"
"Lambda","0.0264000000","Hours","0","0","Serverless","APS3-Lambda-Managed-Instances-r7gd.xlarge-Management-Hours","","","","$0.0264 per Hour for Lambda-Managed-Instances-r7gd.xlarge-Management-Hours in Asia Pacific (Mumbai)","A979WYXFS8B2YU4A","2026-08-01T00:00:00Z","Serverless APS3-Lambda-Managed-Instances-r7gd.xlarge-Management-Hours    $0.0264 per Hour for Lambda-Managed-Instances-r7gd.xlarge-Management-Hours in Asia Pacific (Mumbai) Hours"
"Lambda","0.1600000000","GigaBytesMonth","0","0","Serverless","APS3-Lambda-Durable-Execution-TimedStorage-ByteHrs","AWS-Lambda-Durable-Execution-TimedStorage-ByteHrs","Data retained for running and completed durable executions of Durable Functions, measured in GigaBytesMonth","","$0.16 per GigaBytesMonth for Lambda-Durable-Execution-TimedStorage-ByteHrs in Asia Pacific (Mumbai)","ABY5YC3TPKJ8U96C","2026-08-01T00:00:00Z","Serverless APS3-Lambda-Durable-Execution-TimedStorage-ByteHrs AWS-Lambda-Durable-Execution-TimedStorage-ByteHrs Data retained for running and completed durable executions of Durable Functions, measured in GigaBytesMonth  $0.16 per GigaBytesMonth for Lambda-Durable-Execution-TimedStorage-ByteHrs in Asia Pacific (Mumbai) GigaBytesMonth"
"Lambda","0.9696000000","Hours","0","0","Serverless","APS3-Lambda-Managed-Instances-m6i.32xlarge-Management-Hours","","","","$0.9696 per Hour for Lambda-Managed-Instances-m6i.32xlarge-Management-Hours in Asia Pacific (Mumbai)","AC99MCEERMDQTMPP","2026-08-01T00:00:00Z","Serverless APS3-Lambda-Managed-Instances-m6i.32xlarge-Management-Hours    $0.9696 per Hour for Lambda-Managed-Instances-m6i.32xlarge-Management-Hours in Asia Pacific (Mumbai) Hours"
"Lambda","0.1360800000","Hours","0","0","Serverless","APS3-Lambda-Managed-Instances-c6in.4xlarge-Management-Hours","","","","$0.13608 per Hour for Lambda-Managed-Instances-c6in.4xlarge-Management-Hours in Asia Pacific (Mumbai)","AEYMKVDN3UF6RCCF","2026-08-01T00:00:00Z","Serverless APS3-Lambda-Managed-Instances-c6in.4xlarge-Management-Hours    $0.13608 per Hour for Lambda-Managed-Instances-c6in.4xlarge-Management-Hours in Asia Pacific (Mumbai) Hours"
"Lambda","0.2976000000","Hours","0","0","Serverless","APS3-Lambda-Managed-Instances-m5n.8xlarge-Management-Hours","","","","$0.2976 per Hour for Lambda-Managed-Instances-m5n.8xlarge-Management-Hours in Asia Pacific (Mumbai)","AF4W7CTFJGG68F9N","2026-08-01T00:00:00Z","Serverless APS3-Lambda-Managed-Instances-m5n.8xlarge-Management-Hours    $0.2976 per Hour for Lambda-Managed-Instances-m5n.8xlarge-Management-Hours in Asia Pacific (Mumbai) Hours"
"Lambda","0.0699900000","Hours","0","0","Serverless","APS3-Lambda-Managed-Instances-m7g.4xlarge-Management-Hours","","","","$0.06999 per Hour for Lambda-Managed-Instances-m7g.4xlarge-Management-Hours in Asia Pacific (Mumbai)","AF76YEAPW5U5HRHV","2026-08-01T00:00:00Z","Serverless APS3-Lambda-Managed-Instances-m7g.4xlarge-Management-Hours    $0.06999 per Hour for Lambda-Managed-Instances-m7g.4xlarge-Management-Hours in Asia Pacific (Mumbai) Hours"
"Lambda","0.0858000000","Hours","0","0","Serverless","APS3-Lambda-Managed-Instances-r5a.4xlarge-Management-Hours","","","","$0.0858 per Hour for Lambda-Managed-Instances-r5a.4xlarge-Management-Hours in Asia Pacific (Mumbai)","AMD3HSKYD4PCXDP7","2026-08-01T00:00:00Z","Serverless APS3-Lambda-Managed-Instances-r5a.4xlarge-Management-Hours    $0.0858 per Hour for Lambda-Managed-Instances-r5a.4xlarge-Management-Hours in Asia Pacific (Mumbai) Hours"
"Lambda","0.0075900000","Hours","0","0","Serverless","APS3-Lambda-Managed-Instances-m6g.large-Management-Hours","","","","$0.00759 per Hour for Lambda-Managed-Instances-m6g.large-Management-Hours in Asia Pacific (Mumbai)","APE42BZGNXPKS3KJ","2026-08-01T00:00:00Z","Serverless APS3-Lambda-Managed-Instances-m6g.large-Management-Hours    $0.00759 per Hour for Lambda-Managed-Instances-m6g.large-Management-Hours in Asia Pacific (Mumbai) Hours"
"Lambda","0.1883700000","Hours","0","0","Serverless","APS3-Lambda-Managed-Instances-r7a.4xlarge-Management-Hours","","","","$0.18837 per Hour for Lambda-Managed-Instances-r7a.4xlarge-Management-Hours in Asia Pacific (Mumbai)","ARHWM37Y3N3Q8QDJ","2026-08-01T00:00:00Z","Serverless APS3-Lambda-Managed-Instances-r7a.4xlarge-Management-Hours    $0.18837 per Hour for Lambda-Managed-Instances-r7a.4xlarge-Management-Hours in Asia Pacific (Mumbai) Hours"
"Lambda","0.3114000000","Hours","0","0","Serverless","APS3-Lambda-Managed-Instances-c6gn.12xlarge-Management-Hours","","","","$0.3114 per Hour for Lambda-Managed-Instances-c6gn.12xlarge-Management-Hours in Asia Pacific (Mumbai)","ASVVNAA4EGX3SRT7","2026-08-01T00:00:00Z","Serverless APS3-Lambda-Managed-Instances-c6gn.12xlarge-Management-Hours    $0.3114 per Hour for Lambda-Managed-Instances-c6gn.12xlarge-Management-Hours in Asia Pacific (Mumbai) Hours"
"Lambda","0.0000044985","Lambda-GB-Second","0","0","Serverless","APS3-Lambda-Provisioned-Concurrency","AWS-Lambda-Provisioned-Concurrency","Concurrency weighted by memory assigned to function over the period for which it is provisioned, measured in GB-s","","AWS Lambda - Provisioned Concurrency - Asia Pacific (Mumbai)","ATX3ZXV9GDMQWKUN","2026-08-01T00:00:00Z","Serverless APS3-Lambda-Provisioned-Concurrency AWS-Lambda-Provisioned-Concurrency Concurrency weighted by memory assigned to function over the period for which it is provisioned, measured in GB-s  AWS Lambda - Provisioned Concurrency - Asia Pacific (Mumbai) Lambda-GB-Second"
"Lambda","0.0780000000","Hours","0","0","Serverless","APS3-Lambda-Managed-Instances-r6i.2xlarge-Management-Hours","","","","$0.078 per Hour for Lambda-Managed-Instances-r6i.2xlarge-Management-Hours in Asia Pacific (Mumbai)","AYP5R96HBYAWVW6Y","2026-08-01T00:00:00Z","Serverless APS3-Lambda-Managed-Instances-r6i.2xlarge-Management-Hours    $0.078 per Hour for Lambda-Managed-Instances-r6i.2xlarge-Management-Hours in Asia Pacific (Mumbai) Hours"
"Lambda","0.0224250000","Hours","0","0","Serverless","APS3-Lambda-Managed-Instances-r6gd.xlarge-Management-Hours","","","","$0.022425 per Hour for Lambda-Managed-Instances-r6gd.xlarge-Management-Hours in Asia Pacific (Mumbai)","AZSNKZB6MD89M2WB","2026-08-01T00:00:00Z","Serverless APS3-Lambda-Managed-Instances-r6gd.xlarge-Management-Hours    $0.022425 per Hour for Lambda-Managed-Instances-r6gd.xlarge-Management-Hours in Asia Pacific (Mumbai) Hours"
"Lambda","0.2702850000","Hours","0","0","Serverless","APS3-Lambda-Managed-Instances-r7g.12xlarge-Management-Hours","","","","$0.270285 per Hour for Lambda-Managed-Instances-r7g.12xlarge-Management-Hours in Asia Pacific (Mumbai)","B9GVYUJDWPSAQE2C","2026-08-01T00:00:00Z","Serverless APS3-Lambda-Managed-Instances-r7g.12xlarge-Management-Hours    $0.270285 per Hour for Lambda-Managed-Instances-r7g.12xlarge-Management-Hours in Asia Pacific (Mumbai) Hours"
"Lambda","0.8352000000","Hours","0","0","Serverless","APS3-Lambda-Managed-Instances-r5dn.16xlarge-Management-Hours","","","","$0.8352 per Hour for Lambda-Managed-Instances-r5dn.16xlarge-Management-Hours in Asia Pacific (Mumbai)","BAADWR47GHB4MY9D","2026-08-01T00:00:00Z","Serverless APS3-Lambda-Managed-Instances-r5dn.16xlarge-Management-Hours    $0.8352 per Hour for Lambda-Managed-Instances-r5dn.16xlarge-Management-Hours in Asia Pacific (Mumbai) Hours"
"Lambda","0.2424000000","Hours","0","0","Serverless","APS3-Lambda-Managed-Instances-m5.8xlarge-Management-Hours","","","","$0.2424 per Hour for Lambda-Managed-Instances-m5.8xlarge-Management-Hours in Asia Pacific (Mumbai)","BB46PHBAEZNJ6RDH","2026-08-01T00:00:00Z","Serverless APS3-Lambda-Managed-Instances-m5.8xlarge-Management-Hours    $0.2424 per Hour for Lambda-Managed-Instances-m5.8xlarge-Management-Hours in Asia Pacific (Mumbai) Hours"
"Lambda","0.0147000000","Hours","0","0","Serverless","APS3-Lambda-Managed-Instances-c6gd.xlarge-Management-Hours","","","","$0.0147 per Hour for Lambda-Managed-Instances-c6gd.xlarge-Management-Hours in Asia Pacific (Mumbai)","BBM39UTGYX8SSYYT","2026-08-01T00:00:00Z","Serverless APS3-Lambda-Managed-Instances-c6gd.xlarge-Management-Hours    $0.0147 per Hour for Lambda-Managed-Instances-c6gd.xlarge-Management-Hours in Asia Pacific (Mumbai) Hours"
"Lambda","0.1038000000","Hours","0","0","Serverless","APS3-Lambda-Managed-Instances-c6gn.4xlarge-Management-Hours","","","","$0.1038 per Hour for Lambda-Managed-Instances-c6gn.4xlarge-Management-Hours in Asia Pacific (Mumbai)","BBYU2W5MTZWCMYVM","2026-08-01T00:00:00Z","Serverless APS3-Lambda-Managed-Instances-c6gn.4xlarge-Management-Hours    $0.1038 per Hour for Lambda-Managed-Instances-c6gn.4xlarge-Management-Hours in Asia Pacific (Mumbai) Hours"
"Lambda","0.6732000000","Hours","0","0","Serverless","APS3-Lambda-Managed-Instances-c6a.48xlarge-Management-Hours","","","","$0.6732 per Hour for Lambda-Managed-Instances-c6a.48xlarge-Management-Hours in Asia Pacific (Mumbai)","BD7573CGS2W2FHEQ","2026-08-01T00:00:00Z","Serverless APS3-Lambda-Managed-Instances-c6a.48xlarge-Management-Hours    $0.6732 per Hour for Lambda-Managed-Instances-c6a.48xlarge-Management-Hours in Asia Pacific (Mumbai) Hours"
"Lambda","0.1399650000","Hours","0","0","Serverless","APS3-Lambda-Managed-Instances-m7g.8xlarge-Management-Hours","","","","$0.139965 per Hour for Lambda-Managed-Instances-m7g.8xlarge-Management-Hours in Asia Pacific (Mumbai)","BED8ZXSYATWWXAT7","2026-08-01T00:00:00Z","Serverless APS3-Lambda-Managed-Instances-m7g.8xlarge-Management-Hours    $0.139965 per Hour for Lambda-Managed-Instances-m7g.8xlarge-Management-Hours in Asia Pacific (Mumbai) Hours"
"Lambda","1.5225600000","Hours","0","0","Serverless","APS3-Lambda-Managed-Instances-r6id.32xlarge-Management-Hours","","","","$1.52256 per Hour for Lambda-Managed-Instances-r6id.32xlarge-Management-Hours in Asia Pacific (Mumbai)","BJF4GEA9ZGRZENUV","2026-08-01T00:00:00Z","Serverless APS3-Lambda-Managed-Instances-r6id.32xlarge-Management-Hours    $1.52256 per Hour for Lambda-Managed-Instances-r6id.32xlarge-Management-Hours in Asia Pacific (Mumbai) Hours"
"Lambda","0.0435300000","Hours","0","0","Serverless","APS3-Lambda-Managed-Instances-m6in.xlarge-Management-Hours","","","","$0.04353 per Hour for Lambda-Managed-Instances-m6in.xlarge-Management-Hours in Asia Pacific (Mumbai)","BJQVQDBNE9735QSU","2026-08-01T00:00:00Z","Serverless APS3-Lambda-Managed-Instances-m6in.xlarge-Management-Hours    $0.04353 per Hour for Lambda-Managed-Instances-m6in.xlarge-Management-Hours in Asia Pacific (Mumbai) Hours"
"Lambda","0.0267750000","Hours","0","0","Serverless","APS3-Lambda-Managed-Instances-c7i.xlarge-Management-Hours","","","","$0.026775 per Hour for Lambda-Managed-Instances-c7i.xlarge-Management-Hours in Asia Pacific (Mumbai)","BNBXUB4PT2FGDHGY","2026-08-01T00:00:00Z","Serverless APS3-Lambda-Managed-Instances-c7i.xlarge-Management-Hours    $0.026775 per Hour for Lambda-Managed-Instances-c7i.xlarge-Management-Hours in Asia Pacific (Mumbai) Hours"
"Lambda","0.0229500000","Hours","0","0","Serverless","APS3-Lambda-Managed-Instances-r5n.large-Management-Hours","","","","$0.02295 per Hour for Lambda-Managed-Instances-r5n.large-Management-Hours in Asia Pacific (Mumbai)","BRTTPEVAHMW7FD44","2026-08-01T00:00:00Z","Serverless APS3-Lambda-Managed-Instances-r5n.large-Management-Hours    $0.02295 per Hour for Lambda-Managed-Instances-r5n.large-Management-Hours in Asia Pacific (Mumbai) Hours"
"Lambda","0.6264000000","Hours","0","0","Serverless","APS3-Lambda-Managed-Instances-r5dn.12xlarge-Management-Hours","","","","$0.6264 per Hour for Lambda-Managed-Instances-r5dn.12xlarge-Management-Hours in Asia Pacific (Mumbai)","BS3TDP37WQEBBGBQ","2026-08-01T00:00:00Z","Serverless APS3-Lambda-Managed-Instances-r5dn.12xlarge-Management-Hours    $0.6264 per Hour for Lambda-Managed-Instances-r5dn.12xlarge-Management-Hours in Asia Pacific (Mumbai) Hours"
"Lambda","0.7635600000","Hours","0","0","Serverless","APS3-Lambda-Managed-Instances-m7i.24xlarge-Management-Hours","","","","$0.76356 per Hour for Lambda-Managed-Instances-m7i.24xlarge-Management-Hours in Asia Pacific (Mumbai)","BTTZARFZXGYJZA92","2026-08-01T00:00:00Z","Serverless APS3-Lambda-Managed-Instances-m7i.24xlarge-Management-Hours    $0.76356 per Hour for Lambda-Managed-Instances-m7i.24xlarge-Management-Hours in Asia Pacific (Mumbai) Hours"
"Lambda","0.8532000000","Hours","0","0","Serverless","APS3-Lambda-Managed-Instances-c8gn.24xlarge-Management-Hours","","","","$0.8532 per Hour for Lambda-Managed-Instances-c8gn.24xlarge-Management-Hours in Asia Pacific (Mumbai)","C2DYWTPX8S8GJVB6","2026-08-01T00:00:00Z","Serverless APS3-Lambda-Managed-Instances-c8gn.24xlarge-Management-Hours    $0.8532 per Hour for Lambda-Managed-Instances-c8gn.24xlarge-Management-Hours in Asia Pacific (Mumbai) Hours"
"Lambda","0.7535100000","Hours","0","0","Serverless","APS3-Lambda-Managed-Instances-r7a.16xlarge-Management-Hours","","","","$0.75351 per Hour for Lambda-Managed-Instances-r7a.16xlarge-Management-Hours in Asia Pacific (Mumbai)","C38MQB46CGA7TK6M","2026-08-01T00:00:00Z","Serverless APS3-Lambda-Managed-Instances-r7a.16xlarge-Management-Hours    $0.75351 per Hour for Lambda-Managed-Instances-r7a.16xlarge-Management-Hours in Asia Pacific (Mumbai) Hours"
"Lambda","0.1017900000","Hours","0","0","Serverless","APS3-Lambda-Managed-Instances-m6idn.2xlarge-Management-Hours","","","","$0.10179 per Hour for Lambda-Managed-Instances-m6idn.2xlarge-Management-Hours in Asia Pacific (Mumbai)","C57MN927W32TDFUF","2026-08-01T00:00:00Z","Serverless APS3-Lambda-Managed-Instances-m6idn.2xlarge-Management-Hours    $0.10179 per Hour for Lambda-Managed-Instances-m6idn.2xlarge-Management-Hours in Asia Pacific (Mumbai) Hours"
"Lambda","0.7272000000","Hours","0","0","Serverless","APS3-Lambda-Managed-Instances-m5.24xlarge-Management-Hours","","","","$0.7272 per Hour for Lambda-Managed-Instances-m5.24xlarge-Management-Hours in Asia Pacific (Mumbai)","C5ZQR42X4T4QGCKF","2026-08-01T00:00:00Z","Serverless APS3-Lambda-Managed-Instances-m5.24xlarge-Management-Hours    $0.7272 per Hour for Lambda-Managed-Instances-m5.24xlarge-Management-Hours in Asia Pacific (Mumbai) Hours"
"Lambda","0.5688000000","Hours","0","0","Serverless","APS3-Lambda-Managed-Instances-c8gn.16xlarge-Management-Hours","","","","$0.5688 per Hour for Lambda-Managed-Instances-c8gn.16xlarge-Management-Hours in Asia Pacific (Mumbai)","C6GZQTZKD69NK7Z4","2026-08-01T00:00:00Z","Serverless APS3-Lambda-Managed-Instances-c8gn.16xlarge-Management-Hours    $0.5688 per Hour for Lambda-Managed-Instances-c8gn.16xlarge-Management-Hours in Asia Pacific (Mumbai) Hours"
"Lambda","0.1999500000","Hours","0","0","Serverless","APS3-Lambda-Managed-Instances-m5a.12xlarge-Management-Hours","","","","$0.19995 per Hour for Lambda-Managed-Instances-m5a.12xlarge-Management-Hours in Asia Pacific (Mumbai)","CAK4YFQZJABAKYW9","2026-08-01T00:00:00Z","Serverless APS3-Lambda-Managed-Instances-m5a.12xlarge-Management-Hours    $0.19995 per Hour for Lambda-Managed-Instances-m5a.12xlarge-Management-Hours in Asia Pacific (Mumbai) Hours"
"Lambda","0.3636000000","Hours","0","0","Serverless","APS3-Lambda-Managed-Instances-m5.12xlarge-Management-Hours","","","","$0.3636 per Hour for Lambda-Managed-Instances-m5.12xlarge-Management-Hours in Asia Pacific (Mumbai)","CAVM7U4EHS29BPKF","2026-08-01T00:00:00Z","Serverless APS3-Lambda-Managed-Instances-m5.12xlarge-Management-Hours    $0.3636 per Hour for Lambda-Managed-Instances-m5.12xlarge-Management-Hours in Asia Pacific (Mumbai) Hours"
"Lambda","0.0535500000","Hours","0","0","Serverless","APS3-Lambda-Managed-Instances-c7i.2xlarge-Management-Hours","","","","$0.05355 per Hour for Lambda-Managed-Instances-c7i.2xlarge-Management-Hours in Asia Pacific (Mumbai)","CE8E4GWCSDRPYJCW","2026-08-01T00:00:00Z","Serverless APS3-Lambda-Managed-Instances-c7i.2xlarge-Management-Hours    $0.05355 per Hour for Lambda-Managed-Instances-c7i.2xlarge-Management-Hours in Asia Pacific (Mumbai) Hours"
"Lambda","0.0519000000","Hours","0","0","Serverless","APS3-Lambda-Managed-Instances-c6gn.2xlarge-Management-Hours","","","","$0.0519 per Hour for Lambda-Managed-Instances-c6gn.2xlarge-Management-Hours in Asia Pacific (Mumbai)","CFGHRJEVZ9WFZPYU","2026-08-01T00:00:00Z","Serverless APS3-Lambda-Managed-Instances-c6gn.2xlarge-Management-Hours    $0.0519 per Hour for Lambda-Managed-Instances-c6gn.2xlarge-Management-Hours in Asia Pacific (Mumbai) Hours"
"Lambda","0.0090600000","Hours","0","0","Serverless","APS3-Lambda-Managed-Instances-m6gd.large-Management-Hours","","","","$0.00906 per Hour for Lambda-Managed-Instances-m6gd.large-Management-Hours in Asia Pacific (Mumbai)","CFJA3Z9ZVM4E5RTU","2026-08-01T00:00:00Z","Serverless APS3-Lambda-Managed-Instances-m6gd.large-Management-Hours    $0.00906 per Hour for Lambda-Managed-Instances-m6gd.large-Management-Hours in Asia Pacific (Mumbai) Hours"
"Lambda","1.0445700000","Hours","0","0","Serverless","APS3-Lambda-Managed-Instances-m6in.24xlarge-Management-Hours","","","","$1.04457 per Hour for Lambda-Managed-Instances-m6in.24xlarge-Management-Hours in Asia Pacific (Mumbai)","CHBNU8PFXVAVKG4G","2026-08-01T00:00:00Z","Serverless APS3-Lambda-Managed-Instances-m6in.24xlarge-Management-Hours    $1.04457 per Hour for Lambda-Managed-Instances-m6in.24xlarge-Management-Hours in Asia Pacific (Mumbai) Hours"
"Lambda","0.0000018058","GB-Seconds","0","0","Serverless","APS3-Lambda-SnapStart-Cached-GB-S","AWS-Lambda-SnapStart-Cache","Duration a snapshot is cached for, weighted by memory and disk assigned to function, measured in GB-S","","$0.0000018058 per GB-Second for Lambda-SnapStart-Cached-GB-S in Asia Pacific (Mumbai)","CQHDGA5WHNG8QXFN","2026-08-01T00:00:00Z","Serverless APS3-Lambda-SnapStart-Cached-GB-S AWS-Lambda-SnapStart-Cache Duration a snapshot is cached for, weighted by memory and disk assigned to function, measured in GB-S  $0.0000018058 per GB-Second for Lambda-SnapStart-Cached-GB-S in Asia Pacific (Mumbai) GB-Seconds"
"Lambda","0.1122000000","Hours","0","0","Serverless","APS3-Lambda-Managed-Instances-c6a.8xlarge-Management-Hours","","","","$0.1122 per Hour for Lambda-Managed-Instances-c6a.8xlarge-Management-Hours in Asia Pacific (Mumbai)","CRMFJS7H4DN3VK9J","2026-08-01T00:00:00Z","Serverless APS3-Lambda-Managed-Instances-c6a.8xlarge-Management-Hours    $0.1122 per Hour for Lambda-Managed-Instances-c6a.8xlarge-Management-Hours in Asia Pacific (Mumbai) Hours"
"Lambda","0.2989500000","Hours","0","0","Serverless","APS3-Lambda-Managed-Instances-r5ad.12xlarge-Management-Hours","","","","$0.29895 per Hour for Lambda-Managed-Instances-r5ad.12xlarge-Management-Hours in Asia Pacific (Mumbai)","CSGWV5W85U9HPCZ7","2026-08-01T00:00:00Z","Serverless APS3-Lambda-Managed-Instances-r5ad.12xlarge-Management-Hours    $0.29895 per Hour for Lambda-Managed-Instances-r5ad.12xlarge-Management-Hours in Asia Pacific (Mumbai) Hours"
"Lambda","0.0768600000","Hours","0","0","Serverless","APS3-Lambda-Managed-Instances-m6id.2xlarge-Management-Hours","","","","$0.07686 per Hour for Lambda-Managed-Instances-m6id.2xlarge-Management-Hours in Asia Pacific (Mumbai)","CWR764NX7UCTET66","2026-08-01T00:00:00Z","Serverless APS3-Lambda-Managed-Instances-m6id.2xlarge-Management-Hours    $0.07686 per Hour for Lambda-Managed-Instances-m6id.2xlarge-Management-Hours in Asia Pacific (Mumbai) Hours"
"Lambda","0.6120000000","Hours","0","0","Serverless","APS3-Lambda-Managed-Instances-c6i.24xlarge-Management-Hours","","","","$0.612 per Hour for Lambda-Managed-Instances-c6i.24xlarge-Management-Hours in Asia Pacific (Mumbai)","CYA5UZB5JNW6M5WK","2026-08-01T00:00:00Z","Serverless APS3-Lambda-Managed-Instances-c6i.24xlarge-Management-Hours    $0.612 per Hour for Lambda-Managed-Instances-c6i.24xlarge-Management-Hours in Asia Pacific (Mumbai) Hours"
"Lambda","0.0852000000","Hours","0","0","Serverless","APS3-Lambda-Managed-Instances-m7gd.4xlarge-Management-Hours","","","","$0.0852 per Hour for Lambda-Managed-Instances-m7gd.4xlarge-Management-Hours in Asia Pacific (Mumbai)","CZKVJ3U5JU4N2ADZ","2026-08-01T00:00:00Z","Serverless APS3-Lambda-Managed-Instances-m7gd.4xlarge-Management-Hours    $0.0852 per Hour for Lambda-Managed-Instances-m7gd.4xlarge-Management-Hours in Asia Pacific (Mumbai) Hours"
"Lambda","0.2764800000","Hours","0","0","Serverless","APS3-Lambda-Managed-Instances-c7gd.16xlarge-Management-Hours","","","","$0.27648 per Hour for Lambda-Managed-Instances-c7gd.16xlarge-Management-Hours in Asia Pacific (Mumbai)","D99XPF5VQGSD6BG6","2026-08-01T00:00:00Z","Serverless APS3-Lambda-Managed-Instances-c7gd.16xlarge-Management-Hours    $0.27648 per Hour for Lambda-Managed-Instances-c7gd.16xlarge-Management-Hours in Asia Pacific (Mumbai) Hours"
"Lambda","0.2591100000","Hours","0","0","Serverless","APS3-Lambda-Managed-Instances-c8g.16xlarge-Management-Hours","","","","$0.25911 per Hour for Lambda-Managed-Instances-c8g.16xlarge-Management-Hours in Asia Pacific (Mumbai)","D9D8WCPT74CWBVVC","2026-08-01T00:00:00Z","Serverless APS3-Lambda-Managed-Instances-c8g.16xlarge-Management-Hours    $0.25911 per Hour for Lambda-Managed-Instances-c8g.16xlarge-Management-Hours in Asia Pacific (Mumbai) Hours"
"Lambda","0.2244000000","Hours","0","0","Serverless","APS3-Lambda-Managed-Instances-c6a.16xlarge-Management-Hours","","","","$0.2244 per Hour for Lambda-Managed-Instances-c6a.16xlarge-Management-Hours in Asia Pacific (Mumbai)","DC4E94HJ3QJ7DWXH","2026-08-01T00:00:00Z","Serverless APS3-Lambda-Managed-Instances-c6a.16xlarge-Management-Hours    $0.2244 per Hour for Lambda-Managed-Instances-c6a.16xlarge-Management-Hours in Asia Pacific (Mumbai) Hours"
"Lambda","0.0996000000","Hours","0","0","Serverless","APS3-Lambda-Managed-Instances-r5ad.4xlarge-Management-Hours","","","","$0.0996 per Hour for Lambda-Managed-Instances-r5ad.4xlarge-Management-Hours in Asia Pacific (Mumbai)","DDXBTA9BVH3DVJBR","2026-08-01T00:00:00Z","Serverless APS3-Lambda-Managed-Instances-r5ad.4xlarge-Management-Hours    $0.0996 per Hour for Lambda-Managed-Instances-r5ad.4xlarge-Management-Hours in Asia Pacific (Mumbai) Hours"
"Lambda","0.1044000000","Hours","0","0","Serverless","APS3-Lambda-Managed-Instances-r5dn.2xlarge-Management-Hours","","","","$0.1044 per Hour for Lambda-Managed-Instances-r5dn.2xlarge-Management-Hours in Asia Pacific (Mumbai)","DFN2KMYE7D2R99B5","2026-08-01T00:00:00Z","Serverless APS3-Lambda-Managed-Instances-r5dn.2xlarge-Management-Hours    $0.1044 per Hour for Lambda-Managed-Instances-r5dn.2xlarge-Management-Hours in Asia Pacific (Mumbai) Hours"
"Lambda","0.1272600000","Hours","0","0","Serverless","APS3-Lambda-Managed-Instances-m7i.4xlarge-Management-Hours","","","","$0.12726 per Hour for Lambda-Managed-Instances-m7i.4xlarge-Management-Hours in Asia Pacific (Mumbai)","DG55UQGTDEZ73YHC","2026-08-01T00:00:00Z","Serverless APS3-Lambda-Managed-Instances-m7i.4xlarge-Management-Hours    $0.12726 per Hour for Lambda-Managed-Instances-m7i.4xlarge-Management-Hours in Asia Pacific (Mumbai) Hours"
"Lambda","0.0475800000","Hours","0","0","Serverless","APS3-Lambda-Managed-Instances-r6id.xlarge-Management-Hours","","","","$0.04758 per Hour for Lambda-Managed-Instances-r6id.xlarge-Management-Hours in Asia Pacific (Mumbai)","DGXNNVFRPR4QFM3P","2026-08-01T00:00:00Z","Serverless APS3-Lambda-Managed-Instances-r6id.xlarge-Management-Hours    $0.04758 per Hour for Lambda-Managed-Instances-r6id.xlarge-Management-Hours in Asia Pacific (Mumbai) Hours"
"Lambda","0.0000083973","Lambda-GB-Second","0","0","Serverless","APS3-Lambda-Provisioned-GB-Second-ARM","AWS-Lambda-Duration-Provisioned-ARM","Invocation duration, during provisioned period, weighted by memory assigned to function, measured in GB-s for ARM","","AWS Lambda - Total Compute (Provisioned) for ARM - Asia Pacific (Mumbai)","DJ9PQGWWXDYSDPXR","2026-08-01T00:00:00Z","Serverless APS3-Lambda-Provisioned-GB-Second-ARM AWS-Lambda-Duration-Provisioned-ARM Invocation duration, during provisioned period, weighted by memory assigned to function, measured in GB-s for ARM  AWS Lambda - Total Compute (Provisioned) for ARM - Asia Pacific (Mumbai) Lambda-GB-Second"
"Lambda","0.7344000000","Hours","0","0","Serverless","APS3-Lambda-Managed-Instances-r5b.16xlarge-Management-Hours","","","","$0.7344 per Hour for Lambda-Managed-Instances-r5b.16xlarge-Management-Hours in Asia Pacific (Mumbai)","DQQXJ4BK4TXKG5Q6","2026-08-01T00:00:00Z","Serverless APS3-Lambda-Managed-Instances-r5b.16xlarge-Management-Hours    $0.7344 per Hour for Lambda-Managed-Instances-r5b.16xlarge-Management-Hours in Asia Pacific (Mumbai) Hours"
"Lambda","0.2076000000","Hours","0","0","Serverless","APS3-Lambda-Managed-Instances-c6gn.8xlarge-Management-Hours","","","","$0.2076 per Hour for Lambda-Managed-Instances-c6gn.8xlarge-Management-Hours in Asia Pacific (Mumbai)","DR2Q6X2WEHU6BC9M","2026-08-01T00:00:00Z","Serverless APS3-Lambda-Managed-Instances-c6gn.8xlarge-Management-Hours    $0.2076 per Hour for Lambda-Managed-Instances-c6gn.8xlarge-Management-Hours in Asia Pacific (Mumbai) Hours"
"Lambda","0.5651250000","Hours","0","0","Serverless","APS3-Lambda-Managed-Instances-r7a.12xlarge-Management-Hours","","","","$0.565125 per Hour for Lambda-Managed-Instances-r7a.12xlarge-Management-Hours in Asia Pacific (Mumbai)","DSE926VJBEAWXEXT","2026-08-01T00:00:00Z","Serverless APS3-Lambda-Managed-Instances-r7a.12xlarge-Management-Hours    $0.565125 per Hour for Lambda-Managed-Instances-r7a.12xlarge-Management-Hours in Asia Pacific (Mumbai) Hours"
"Lambda","0.5856000000","Hours","0","0","Serverless","APS3-Lambda-Managed-Instances-m5d.16xlarge-Management-Hours","","","","$0.5856 per Hour for Lambda-Managed-Instances-m5d.16xlarge-Management-Hours in Asia Pacific (Mumbai)","DV8UUE2HS5JVMPNK","2026-08-01T00:00:00Z","Serverless APS3-Lambda-Managed-Instances-m5d.16xlarge-Management-Hours    $0.5856 per Hour for Lambda-Managed-Instances-m5d.16xlarge-Management-Hours in Asia Pacific (Mumbai) Hours"
"Lambda","0.0225300000","Hours","0","0","Serverless","APS3-Lambda-Managed-Instances-r7g.xlarge-Management-Hours","","","","$0.02253 per Hour for Lambda-Managed-Instances-r7g.xlarge-Management-Hours in Asia Pacific (Mumbai)","DZYRSXURK7N6QNWZ","2026-08-01T00:00:00Z","Serverless APS3-Lambda-Managed-Instances-r7g.xlarge-Management-Hours    $0.02253 per Hour for Lambda-Managed-Instances-r7g.xlarge-Management-Hours in Asia Pacific (Mumbai) Hours"
"Lambda","0.0166500000","Hours","0","0","Serverless","APS3-Lambda-Managed-Instances-m5a.xlarge-Management-Hours","","","","$0.01665 per Hour for Lambda-Managed-Instances-m5a.xlarge-Management-Hours in Asia Pacific (Mumbai)","E2RAG5NAQGT4DE5P","2026-08-01T00:00:00Z","Serverless APS3-Lambda-Managed-Instances-m5a.xlarge-Management-Hours    $0.01665 per Hour for Lambda-Managed-Instances-m5a.xlarge-Management-Hours in Asia Pacific (Mumbai) Hours"
"Lambda","0.1533600000","Hours","0","0","Serverless","APS3-Lambda-Managed-Instances-c6g.12xlarge-Management-Hours","","","","$0.15336 per Hour for Lambda-Managed-Instances-c6g.12xlarge-Management-Hours in Asia Pacific (Mumbai)","E2RMV9MHCDSG4NEG","2026-08-01T00:00:00Z","Serverless APS3-Lambda-Managed-Instances-c6g.12xlarge-Management-Hours    $0.15336 per Hour for Lambda-Managed-Instances-c6g.12xlarge-Management-Hours in Asia Pacific (Mumbai) Hours"
"Lambda","0.0297000000","Hours","0","0","Serverless","APS3-Lambda-Managed-Instances-c5d.xlarge-Management-Hours","","","","$0.0297 per Hour for Lambda-Managed-Instances-c5d.xlarge-Management-Hours in Asia Pacific (Mumbai)","E7DUY6SGUXX89D8Q","2026-08-01T00:00:00Z","Serverless APS3-Lambda-Managed-Instances-c5d.xlarge-Management-Hours    $0.0297 per Hour for Lambda-Managed-Instances-c5d.xlarge-Management-Hours in Asia Pacific (Mumbai) Hours"
"Lambda","2.2605150000","Hours","0","0","Serverless","APS3-Lambda-Managed-Instances-r7a.48xlarge-Management-Hours","","","","$2.260515 per Hour for Lambda-Managed-Instances-r7a.48xlarge-Management-Hours in Asia Pacific (Mumbai)","E7EFWS8SXD92TGCD","2026-08-01T00:00:00Z","Serverless APS3-Lambda-Managed-Instances-r7a.48xlarge-Management-Hours    $2.260515 per Hour for Lambda-Managed-Instances-r7a.48xlarge-Management-Hours in Asia Pacific (Mumbai) Hours"
"Lambda","0.1836000000","Hours","0","0","Serverless","APS3-Lambda-Managed-Instances-r5b.4xlarge-Management-Hours","","","","$0.1836 per Hour for Lambda-Managed-Instances-r5b.4xlarge-Management-Hours in Asia Pacific (Mumbai)","E9VTYVE4KB6EZD3N","2026-08-01T00:00:00Z","Serverless APS3-Lambda-Managed-Instances-r5b.4xlarge-Management-Hours    $0.1836 per Hour for Lambda-Managed-Instances-r5b.4xlarge-Management-Hours in Asia Pacific (Mumbai) Hours"
"Lambda","0.0384300000","Hours","0","0","Serverless","APS3-Lambda-Managed-Instances-m6id.xlarge-Management-Hours","","","","$0.03843 per Hour for Lambda-Managed-Instances-m6id.xlarge-Management-Hours in Asia Pacific (Mumbai)","EAXBV76CERUD6A89","2026-08-01T00:00:00Z","Serverless APS3-Lambda-Managed-Instances-m6id.xlarge-Management-Hours    $0.03843 per Hour for Lambda-Managed-Instances-m6id.xlarge-Management-Hours in Asia Pacific (Mumbai) Hours"
"Lambda","0.0107250000","Hours","0","0","Serverless","APS3-Lambda-Managed-Instances-r6a.large-Management-Hours","","","","$0.010725 per Hour for Lambda-Managed-Instances-r6a.large-Management-Hours in Asia Pacific (Mumbai)","ECGUG327RBU9FZQX","2026-08-01T00:00:00Z","Serverless APS3-Lambda-Managed-Instances-r6a.large-Management-Hours    $0.010725 per Hour for Lambda-Managed-Instances-r6a.large-Management-Hours in Asia Pacific (Mumbai) Hours"
"Lambda","0.3074400000","Hours","0","0","Serverless","APS3-Lambda-Managed-Instances-m6id.8xlarge-Management-Hours","","","","$0.30744 per Hour for Lambda-Managed-Instances-m6id.8xlarge-Management-Hours in Asia Pacific (Mumbai)","EJ872YN9RTMHHF3J","2026-08-01T00:00:00Z","Serverless APS3-Lambda-Managed-Instances-m6id.8xlarge-Management-Hours    $0.30744 per Hour for Lambda-Managed-Instances-m6id.8xlarge-Management-Hours in Asia Pacific (Mumbai) Hours"
"Lambda","0.3276000000","Hours","0","0","Serverless","APS3-Lambda-Managed-Instances-r7i.8xlarge-Management-Hours","","","","$0.3276 per Hour for Lambda-Managed-Instances-r7i.8xlarge-Management-Hours in Asia Pacific (Mumbai)","ENMQTB99HWGZBXT8","2026-08-01T00:00:00Z","Serverless APS3-Lambda-Managed-Instances-r7i.8xlarge-Management-Hours    $0.3276 per Hour for Lambda-Managed-Instances-r7i.8xlarge-Management-Hours in Asia Pacific (Mumbai) Hours"
"Lambda","0.0906000000","Hours","0","0","Serverless","APS3-Lambda-Managed-Instances-r5d.2xlarge-Management-Hours","","","","$0.0906 per Hour for Lambda-Managed-Instances-r5d.2xlarge-Management-Hours in Asia Pacific (Mumbai)","EQYTU3XF3WNXSBCV","2026-08-01T00:00:00Z","Serverless APS3-Lambda-Managed-Instances-r5d.2xlarge-Management-Hours    $0.0906 per Hour for Lambda-Managed-Instances-r5d.2xlarge-Management-Hours in Asia Pacific (Mumbai) Hours"
"Lambda","0.2040000000","Hours","0","0","Serverless","APS3-Lambda-Managed-Instances-c6i.8xlarge-Management-Hours","","","","$0.204 per Hour for Lambda-Managed-Instances-c6i.8xlarge-Management-Hours in Asia Pacific (Mumbai)","ERH738AG2VDF3YKJ","2026-08-01T00:00:00Z","Serverless APS3-Lambda-Managed-Instances-c6i.8xlarge-Management-Hours    $0.204 per Hour for Lambda-Managed-Instances-c6i.8xlarge-Management-Hours in Asia Pacific (Mumbai) Hours"
"Lambda","0.0390000000","Hours","0","0","Serverless","APS3-Lambda-Managed-Instances-r6g.2xlarge-Management-Hours","","","","$0.039 per Hour for Lambda-Managed-Instances-r6g.2xlarge-Management-Hours in Asia Pacific (Mumbai)","EV5487VCDHBENPZ5","2026-08-01T00:00:00Z","Serverless APS3-Lambda-Managed-Instances-r6g.2xlarge-Management-Hours    $0.039 per Hour for Lambda-Managed-Instances-r6g.2xlarge-Management-Hours in Asia Pacific (Mumbai) Hours"
"Lambda","0.0237900000","Hours","0","0","Serverless","APS3-Lambda-Managed-Instances-r6id.large-Management-Hours","","","","$0.02379 per Hour for Lambda-Managed-Instances-r6id.large-Management-Hours in Asia Pacific (Mumbai)","EY8ZN773EQSZWECY","2026-08-01T00:00:00Z","Serverless APS3-Lambda-Managed-Instances-r6id.large-Management-Hours    $0.02379 per Hour for Lambda-Managed-Instances-r6id.large-Management-Hours in Asia Pacific (Mumbai) Hours"
"Lambda","0.2799300000","Hours","0","0","Serverless","APS3-Lambda-Managed-Instances-m7g.16xlarge-Management-Hours","","","","$0.27993 per Hour for Lambda-Managed-Instances-m7g.16xlarge-Management-Hours in Asia Pacific (Mumbai)","EY98BCK4Y8PYZJHC","2026-08-01T00:00:00Z","Serverless APS3-Lambda-Managed-Instances-m7g.16xlarge-Management-Hours    $0.27993 per Hour for Lambda-Managed-Instances-m7g.16xlarge-Management-Hours in Asia Pacific (Mumbai) Hours"
"Lambda","0.0356000000","Hours","0","0","Serverless","APS3-Lambda-Managed-Instances-c8gn.xlarge-Management-Hours","","","","$0.0356 per Hour for Lambda-Managed-Instances-c8gn.xlarge-Management-Hours in Asia Pacific (Mumbai)","F2592EV63NYYFA2N","2026-08-01T00:00:00Z","Serverless APS3-Lambda-Managed-Instances-c8gn.xlarge-Management-Hours    $0.0356 per Hour for Lambda-Managed-Instances-c8gn.xlarge-Management-Hours in Asia Pacific (Mumbai) Hours"
"Lambda","0.6240000000","Hours","0","0","Serverless","APS3-Lambda-Managed-Instances-r6i.16xlarge-Management-Hours","","","","$0.624 per Hour for Lambda-Managed-Instances-r6i.16xlarge-Management-Hours in Asia Pacific (Mumbai)","F2V3HF743JRB2PEB","2026-08-01T00:00:00Z","Serverless APS3-Lambda-Managed-Instances-r6i.16xlarge-Management-Hours    $0.624 per Hour for Lambda-Managed-Instances-r6i.16xlarge-Management-Hours in Asia Pacific (Mumbai) Hours"
"Lambda","0.3384000000","Hours","0","0","Serverless","APS3-Lambda-Managed-Instances-c5a.24xlarge-Management-Hours","","","","$0.3384 per Hour for Lambda-Managed-Instances-c5a.24xlarge-Management-Hours in Asia Pacific (Mumbai)","F32WWGA38DJZP5CK","2026-08-01T00:00:00Z","Serverless APS3-Lambda-Managed-Instances-c5a.24xlarge-Management-Hours    $0.3384 per Hour for Lambda-Managed-Instances-c5a.24xlarge-Management-Hours in Asia Pacific (Mumbai) Hours"
"Lambda","0.0255000000","Hours","0","0","Serverless","APS3-Lambda-Managed-Instances-c5.xlarge-Management-Hours","","","","$0.0255 per Hour for Lambda-Managed-Instances-c5.xlarge-Management-Hours in Asia Pacific (Mumbai)","F6GTKFRKVVCTSJJA","2026-08-01T00:00:00Z","Serverless APS3-Lambda-Managed-Instances-c5.xlarge-Management-Hours    $0.0255 per Hour for Lambda-Managed-Instances-c5.xlarge-Management-Hours in Asia Pacific (Mumbai) Hours"
"Lambda","0.1296000000","Hours","0","0","Serverless","APS3-Lambda-Managed-Instances-c5n.4xlarge-Management-Hours","","","","$0.1296 per Hour for Lambda-Managed-Instances-c5n.4xlarge-Management-Hours in Asia Pacific (Mumbai)","FB343MFUDQ7F5EWX","2026-08-01T00:00:00Z","Serverless APS3-Lambda-Managed-Instances-c5n.4xlarge-Management-Hours    $0.1296 per Hour for Lambda-Managed-Instances-c5n.4xlarge-Management-Hours in Asia Pacific (Mumbai) Hours"
"Lambda","0.3120000000","Hours","0","0","Serverless","APS3-Lambda-Managed-Instances-r5.8xlarge-Management-Hours","","","","$0.312 per Hour for Lambda-Managed-Instances-r5.8xlarge-Management-Hours in Asia Pacific (Mumbai)","FKG99J5J5V5NEJ9K","2026-08-01T00:00:00Z","Serverless APS3-Lambda-Managed-Instances-r5.8xlarge-Management-Hours    $0.312 per Hour for Lambda-Managed-Instances-r5.8xlarge-Management-Hours in Asia Pacific (Mumbai) Hours"
"Lambda","0.2415000000","Hours","0","0","Serverless","APS3-Lambda-Managed-Instances-m5ad.12xlarge-Management-Hours","","","","$0.2415 per Hour for Lambda-Managed-Instances-m5ad.12xlarge-Management-Hours in Asia Pacific (Mumbai)","FSCMK3BR7RP6GZHS","2026-08-01T00:00:00Z","Serverless APS3-Lambda-Managed-Instances-m5ad.12xlarge-Management-Hours    $0.2415 per Hour for Lambda-Managed-Instances-m5ad.12xlarge-Management-Hours in Asia Pacific (Mumbai) Hours"
"Lambda","1.7064000000","Hours","0","0","Serverless","APS3-Lambda-Managed-Instances-c8gn.48xlarge-Management-Hours","","","","$1.7064 per Hour for Lambda-Managed-Instances-c8gn.48xlarge-Management-Hours in Asia Pacific (Mumbai)","FU3RGJ69BJP9RKBY","2026-08-01T00:00:00Z","Serverless APS3-Lambda-Managed-Instances-c8gn.48xlarge-Management-Hours    $1.7064 per Hour for Lambda-Managed-Instances-c8gn.48xlarge-Management-Hours in Asia Pacific (Mumbai) Hours"
"Lambda","0.0450450000","Hours","0","0","Serverless","APS3-Lambda-Managed-Instances-r7g.2xlarge-Management-Hours","","","","$0.045045 per Hour for Lambda-Managed-Instances-r7g.2xlarge-Management-Hours in Asia Pacific (Mumbai)","FY84EMNKPRW29CUT","2026-08-01T00:00:00Z","Serverless APS3-Lambda-Managed-Instances-r7g.2xlarge-Management-Hours    $0.045045 per Hour for Lambda-Managed-Instances-r7g.2xlarge-Management-Hours in Asia Pacific (Mumbai) Hours"
"Lambda","0.9360000000","Hours","0","0","Serverless","APS3-Lambda-Managed-Instances-r6i.24xlarge-Management-Hours","","","","$0.936 per Hour for Lambda-Managed-Instances-r6i.24xlarge-Management-Hours in Asia Pacific (Mumbai)","FY8EJG8DZHU568QV","2026-08-01T00:00:00Z","Serverless APS3-Lambda-Managed-Instances-r6i.24xlarge-Management-Hours    $0.936 per Hour for Lambda-Managed-Instances-r6i.24xlarge-Management-Hours in Asia Pacific (Mumbai) Hours"
"Lambda","0.0426000000","Hours","0","0","Serverless","APS3-Lambda-Managed-Instances-m7gd.2xlarge-Management-Hours","","","","$0.0426 per Hour for Lambda-Managed-Instances-m7gd.2xlarge-Management-Hours in Asia Pacific (Mumbai)","FY9DFGQTVZ6JW3WJ","2026-08-01T00:00:00Z","Serverless APS3-Lambda-Managed-Instances-m7gd.2xlarge-Management-Hours    $0.0426 per Hour for Lambda-Managed-Instances-m7gd.2xlarge-Management-Hours in Asia Pacific (Mumbai) Hours"
"Lambda","0.3564000000","Hours","0","0","Serverless","APS3-Lambda-Managed-Instances-c5d.12xlarge-Management-Hours","","","","$0.3564 per Hour for Lambda-Managed-Instances-c5d.12xlarge-Management-Hours in Asia Pacific (Mumbai)","G5Q3VJS9PXHCPJ73","2026-08-01T00:00:00Z","Serverless APS3-Lambda-Managed-Instances-c5d.12xlarge-Management-Hours    $0.3564 per Hour for Lambda-Managed-Instances-c5d.12xlarge-Management-Hours in Asia Pacific (Mumbai) Hours"
"Lambda","0.7344000000","Hours","0","0","Serverless","APS3-Lambda-Managed-Instances-r5n.16xlarge-Management-Hours","","","","$0.7344 per Hour for Lambda-Managed-Instances-r5n.16xlarge-Management-Hours in Asia Pacific (Mumbai)","G6MWCNZURKP7QEWW","2026-08-01T00:00:00Z","Serverless APS3-Lambda-Managed-Instances-r5n.16xlarge-Management-Hours    $0.7344 per Hour for Lambda-Managed-Instances-r5n.16xlarge-Management-Hours in Asia Pacific (Mumbai) Hours"
"Lambda","0.0990900000","Hours","0","0","Serverless","APS3-Lambda-Managed-Instances-r8g.4xlarge-Management-Hours","","","","$0.09909 per Hour for Lambda-Managed-Instances-r8g.4xlarge-Management-Hours in Asia Pacific (Mumbai)","G92JPXYMH56U7VJA","2026-08-01T00:00:00Z","Serverless APS3-Lambda-Managed-Instances-r8g.4xlarge-Management-Hours    $0.09909 per Hour for Lambda-Managed-Instances-r8g.4xlarge-Management-Hours in Asia Pacific (Mumbai) Hours"
"Lambda","0.2256000000","Hours","0","0","Serverless","APS3-Lambda-Managed-Instances-c5a.16xlarge-Management-Hours","","","","$0.2256 per Hour for Lambda-Managed-Instances-c5a.16xlarge-Management-Hours in Asia Pacific (Mumbai)","G9ADGPV58XPNH9UK","2026-08-01T00:00:00Z","Serverless APS3-Lambda-Managed-Instances-c5a.16xlarge-Management-Hours    $0.2256 per Hour for Lambda-Managed-Instances-c5a.16xlarge-Management-Hours in Asia Pacific (Mumbai) Hours"
"Lambda","0.3168000000","Hours","0","0","Serverless","APS3-Lambda-Managed-Instances-r7gd.12xlarge-Management-Hours","","","","$0.3168 per Hour for Lambda-Managed-Instances-r7gd.12xlarge-Management-Hours in Asia Pacific (Mumbai)","G9DK2HHRWMNJAPQX","2026-08-01T00:00:00Z","Serverless APS3-Lambda-Managed-Instances-r7gd.12xlarge-Management-Hours    $0.3168 per Hour for Lambda-Managed-Instances-r7gd.12xlarge-Management-Hours in Asia Pacific (Mumbai) Hours"
"Lambda","0.0000086000","DurableOperations","0","0","Serverless","APS3-Lambda-Durable-Execution-Operations","AWS-Lambda-Durable-Execution-Operations","Durable operations performed by durable executions of Durable Functions, measured in DurableOperations","","$0.0000086 per DurableOperation for Lambda-Durable-Execution-Operations in Asia Pacific (Mumbai)","GBEUK4MERP3AZM6E","2026-08-01T00:00:00Z","Serverless APS3-Lambda-Durable-Execution-Operations AWS-Lambda-Durable-Execution-Operations Durable operations performed by durable executions of Durable Functions, measured in DurableOperations  $0.0000086 per DurableOperation for Lambda-Durable-Execution-Operations in Asia Pacific (Mumbai) DurableOperations"
"Lambda","0.0112650000","Hours","0","0","Serverless","APS3-Lambda-Managed-Instances-r7g.large-Management-Hours","","","","$0.011265 per Hour for Lambda-Managed-Instances-r7g.large-Management-Hours in Asia Pacific (Mumbai)","GMRH3JD4R6CF96MN","2026-08-01T00:00:00Z","Serverless APS3-Lambda-Managed-Instances-r7g.large-Management-Hours    $0.011265 per Hour for Lambda-Managed-Instances-r7g.large-Management-Hours in Asia Pacific (Mumbai) Hours"
"Lambda","0.1764000000","Hours","0","0","Serverless","APS3-Lambda-Managed-Instances-c6gd.12xlarge-Management-Hours","","","","$0.1764 per Hour for Lambda-Managed-Instances-c6gd.12xlarge-Management-Hours in Asia Pacific (Mumbai)","GQ4YGYTSKTW9DWU8","2026-08-01T00:00:00Z","Serverless APS3-Lambda-Managed-Instances-c6gd.12xlarge-Management-Hours    $0.1764 per Hour for Lambda-Managed-Instances-c6gd.12xlarge-Management-Hours in Asia Pacific (Mumbai) Hours"
"Lambda","0.1214400000","Hours","0","0","Serverless","APS3-Lambda-Managed-Instances-m6g.8xlarge-Management-Hours","","","","$0.12144 per Hour for Lambda-Managed-Instances-m6g.8xlarge-Management-Hours in Asia Pacific (Mumbai)","GSQAF3WPJTN6JMMC","2026-08-01T00:00:00Z","Serverless APS3-Lambda-Managed-Instances-m6g.8xlarge-Management-Hours    $0.12144 per Hour for Lambda-Managed-Instances-m6g.8xlarge-Management-Hours in Asia Pacific (Mumbai) Hours"
"Lambda","0.2355900000","Hours","0","0","Serverless","APS3-Lambda-Managed-Instances-c7g.16xlarge-Management-Hours","","","","$0.23559 per Hour for Lambda-Managed-Instances-c7g.16xlarge-Management-Hours in Asia Pacific (Mumbai)","GTC9BS37RH4C8QHA","2026-08-01T00:00:00Z","Serverless APS3-Lambda-Managed-Instances-c7g.16xlarge-Management-Hours    $0.23559 per Hour for Lambda-Managed-Instances-c7g.16xlarge-Management-Hours in Asia Pacific (Mumbai) Hours"
"Lambda","0.4680000000","Hours","0","0","Serverless","APS3-Lambda-Managed-Instances-r6i.12xlarge-Management-Hours","","","","$0.468 per Hour for Lambda-Managed-Instances-r6i.12xlarge-Management-Hours in Asia Pacific (Mumbai)","GYJ4FFC9A2KZXH5E","2026-08-01T00:00:00Z","Serverless APS3-Lambda-Managed-Instances-r6i.12xlarge-Management-Hours    $0.468 per Hour for Lambda-Managed-Instances-r6i.12xlarge-Management-Hours in Asia Pacific (Mumbai) Hours"
"Lambda","0.3624000000","Hours","0","0","Serverless","APS3-Lambda-Managed-Instances-r5d.8xlarge-Management-Hours","","","","$0.3624 per Hour for Lambda-Managed-Instances-r5d.8xlarge-Management-Hours in Asia Pacific (Mumbai)","GZ94ZGTZTWYKQAGE","2026-08-01T00:00:00Z","Serverless APS3-Lambda-Managed-Instances-r5d.8xlarge-Management-Hours    $0.3624 per Hour for Lambda-Managed-Instances-r5d.8xlarge-Management-Hours in Asia Pacific (Mumbai) Hours"
"Lambda","0.2340000000","Hours","0","0","Serverless","APS3-Lambda-Managed-Instances-r6g.12xlarge-Management-Hours","","","","$0.234 per Hour for Lambda-Managed-Instances-r6g.12xlarge-Management-Hours in Asia Pacific (Mumbai)","GZA6KN3CC48EFKJG","2026-08-01T00:00:00Z","Serverless APS3-Lambda-Managed-Instances-r6g.12xlarge-Management-Hours    $0.234 per Hour for Lambda-Managed-Instances-r6g.12xlarge-Management-Hours in Asia Pacific (Mumbai) Hours"
"Lambda","0.0181200000","Hours","0","0","Serverless","APS3-Lambda-Managed-Instances-m6gd.xlarge-Management-Hours","","","","$0.01812 per Hour for Lambda-Managed-Instances-m6gd.xlarge-Management-Hours in Asia Pacific (Mumbai)","H2MJWR9VU7MXXNQA","2026-08-01T00:00:00Z","Serverless APS3-Lambda-Managed-Instances-m6gd.xlarge-Management-Hours    $0.01812 per Hour for Lambda-Managed-Instances-m6gd.xlarge-Management-Hours in Asia Pacific (Mumbai) Hours"
"Lambda","0.4590000000","Hours","0","0","Serverless","APS3-Lambda-Managed-Instances-c5.18xlarge-Management-Hours","","","","$0.459 per Hour for Lambda-Managed-Instances-c5.18xlarge-Management-Hours in Asia Pacific (Mumbai)","H4B3Q3E3BMHE2WTN","2026-08-01T00:00:00Z","Serverless APS3-Lambda-Managed-Instances-c5.18xlarge-Management-Hours    $0.459 per Hour for Lambda-Managed-Instances-c5.18xlarge-Management-Hours in Asia Pacific (Mumbai) Hours"
"Lambda","1.1419200000","Hours","0","0","Serverless","APS3-Lambda-Managed-Instances-r6id.24xlarge-Management-Hours","","","","$1.14192 per Hour for Lambda-Managed-Instances-r6id.24xlarge-Management-Hours in Asia Pacific (Mumbai)","H5RRGXD3ZC2JYNCP","2026-08-01T00:00:00Z","Serverless APS3-Lambda-Managed-Instances-r6id.24xlarge-Management-Hours    $1.14192 per Hour for Lambda-Managed-Instances-r6id.24xlarge-Management-Hours in Asia Pacific (Mumbai) Hours"
"Lambda","0.9360000000","Hours","0","0","Serverless","APS3-Lambda-Managed-Instances-r5.24xlarge-Management-Hours","","","","$0.936 per Hour for Lambda-Managed-Instances-r5.24xlarge-Management-Hours in Asia Pacific (Mumbai)","H7KPAH7WVWMBGWGX","2026-08-01T00:00:00Z","Serverless APS3-Lambda-Managed-Instances-r5.24xlarge-Management-Hours    $0.936 per Hour for Lambda-Managed-Instances-r5.24xlarge-Management-Hours in Asia Pacific (Mumbai) Hours"
"Lambda","0.0217650000","Hours","0","0","Serverless","APS3-Lambda-Managed-Instances-m6in.large-Management-Hours","","","","$0.021765 per Hour for Lambda-Managed-Instances-m6in.large-Management-Hours in Asia Pacific (Mumbai)","HBCXBWA2JR6QBBFQ","2026-08-01T00:00:00Z","Serverless APS3-Lambda-Managed-Instances-m6in.large-Management-Hours    $0.021765 per Hour for Lambda-Managed-Instances-m6in.large-Management-Hours in Asia Pacific (Mumbai) Hours"
"Lambda","0.7999200000","Hours","0","0","Serverless","APS3-Lambda-Managed-Instances-m6a.48xlarge-Management-Hours","","","","$0.79992 per Hour for Lambda-Managed-Instances-m6a.48xlarge-Management-Hours in Asia Pacific (Mumbai)","HEE5CM5M99RW5PMX","2026-08-01T00:00:00Z","Serverless APS3-Lambda-Managed-Instances-m6a.48xlarge-Management-Hours    $0.79992 per Hour for Lambda-Managed-Instances-m6a.48xlarge-Management-Hours in Asia Pacific (Mumbai) Hours"
"Lambda","0.0453000000","Hours","0","0","Serverless","APS3-Lambda-Managed-Instances-r5d.xlarge-Management-Hours","","","","$0.0453 per Hour for Lambda-Managed-Instances-r5d.xlarge-Management-Hours in Asia Pacific (Mumbai)","HFRPRAGFQHWP97CG","2026-08-01T00:00:00Z","Serverless APS3-Lambda-Managed-Instances-r5d.xlarge-Management-Hours    $0.0453 per Hour for Lambda-Managed-Instances-r5d.xlarge-Management-Hours in Asia Pacific (Mumbai) Hours"
"Lambda","0.1537200000","Hours","0","0","Serverless","APS3-Lambda-Managed-Instances-m6id.4xlarge-Management-Hours","","","","$0.15372 per Hour for Lambda-Managed-Instances-m6id.4xlarge-Management-Hours in Asia Pacific (Mumbai)","HGUZ7ZP582YJ3KHM","2026-08-01T00:00:00Z","Serverless APS3-Lambda-Managed-Instances-m6id.4xlarge-Management-Hours    $0.15372 per Hour for Lambda-Managed-Instances-m6id.4xlarge-Management-Hours in Asia Pacific (Mumbai) Hours"
"Lambda","0.0780000000","Hours","0","0","Serverless","APS3-Lambda-Managed-Instances-r6g.4xlarge-Management-Hours","","","","$0.078 per Hour for Lambda-Managed-Instances-r6g.4xlarge-Management-Hours in Asia Pacific (Mumbai)","HHH5CMPUYB6V9CCR","2026-08-01T00:00:00Z","Serverless APS3-Lambda-Managed-Instances-r6g.4xlarge-Management-Hours    $0.078 per Hour for Lambda-Managed-Instances-r6g.4xlarge-Management-Hours in Asia Pacific (Mumbai) Hours"
"Lambda","0.0084000000","Hours","0","0","Serverless","APS3-Lambda-Managed-Instances-m5a.large-Management-Hours","","","","$0.0084 per Hour for Lambda-Managed-Instances-m5a.large-Management-Hours in Asia Pacific (Mumbai)","HP2GP6J528992G29","2026-08-01T00:00:00Z","Serverless APS3-Lambda-Managed-Instances-m5a.large-Management-Hours    $0.0084 per Hour for Lambda-Managed-Instances-m5a.large-Management-Hours in Asia Pacific (Mumbai) Hours"
"Lambda","0.0000002000","Requests","0","0","Serverless","APS3-Lambda-Managed-Instances-Request-ARM","","","","$0.0000002 per Request for Lambda-Managed-Instances-Request-ARM in Asia Pacific (Mumbai)","HQ8ESB5T28H5J7PQ","2026-08-01T00:00:00Z","Serverless APS3-Lambda-Managed-Instances-Request-ARM    $0.0000002 per Request for Lambda-Managed-Instances-Request-ARM in Asia Pacific (Mumbai) Requests"
"Lambda","1.2528000000","Hours","0","0","Serverless","APS3-Lambda-Managed-Instances-r5dn.24xlarge-Management-Hours","","","","$1.2528 per Hour for Lambda-Managed-Instances-r5dn.24xlarge-Management-Hours in Asia Pacific (Mumbai)","HQFC4GRV6533XMHG","2026-08-01T00:00:00Z","Serverless APS3-Lambda-Managed-Instances-r5dn.24xlarge-Management-Hours    $1.2528 per Hour for Lambda-Managed-Instances-r5dn.24xlarge-Management-Hours in Asia Pacific (Mumbai) Hours"
"Lambda","0.5952000000","Hours","0","0","Serverless","APS3-Lambda-Managed-Instances-m5n.16xlarge-Management-Hours","","","","$0.5952 per Hour for Lambda-Managed-Instances-m5n.16xlarge-Management-Hours in Asia Pacific (Mumbai)","HSM3CUSNVB28MM85","2026-08-01T00:00:00Z","Serverless APS3-Lambda-Managed-Instances-m5n.16xlarge-Management-Hours    $0.5952 per Hour for Lambda-Managed-Instances-m5n.16xlarge-Management-Hours in Asia Pacific (Mumbai) Hours"
"Lambda","0.3587550000","Hours","0","0","Serverless","APS3-Lambda-Managed-Instances-r6gd.16xlarge-Management-Hours","","","","$0.358755 per Hour for Lambda-Managed-Instances-r6gd.16xlarge-Management-Hours in Asia Pacific (Mumbai)","HVU3432RDGWE4DSD","2026-08-01T00:00:00Z","Serverless APS3-Lambda-Managed-Instances-r6gd.16xlarge-Management-Hours    $0.358755 per Hour for Lambda-Managed-Instances-r6gd.16xlarge-Management-Hours in Asia Pacific (Mumbai) Hours"
"Lambda","0.0195000000","Hours","0","0","Serverless","APS3-Lambda-Managed-Instances-r5.large-Management-Hours","","","","$0.0195 per Hour for Lambda-Managed-Instances-r5.large-Management-Hours in Asia Pacific (Mumbai)","HXB6NDBA7CQEHBZY","2026-08-01T00:00:00Z","Serverless APS3-Lambda-Managed-Instances-r5.large-Management-Hours    $0.0195 per Hour for Lambda-Managed-Instances-r5.large-Management-Hours in Asia Pacific (Mumbai) Hours"
"Lambda","0.9239100000","Hours","0","0","Serverless","APS3-Lambda-Managed-Instances-m8g.48xlarge-Management-Hours","","","","$0.92391 per Hour for Lambda-Managed-Instances-m8g.48xlarge-Management-Hours in Asia Pacific (Mumbai)","HZ3UTY586NZMK25X","2026-08-01T00:00:00Z","Serverless APS3-Lambda-Managed-Instances-m8g.48xlarge-Management-Hours    $0.92391 per Hour for Lambda-Managed-Instances-m8g.48xlarge-Management-Hours in Asia Pacific (Mumbai) Hours"
"Lambda","0.0001665590","GB","0","0","Serverless","APS3-Lambda-SnapStart-Restored-GB","AWS-Lambda-SnapStart-Restore","Snapshot GB restored, measured in GB of memory and disk assigned to function","","$0.000166559 per GB for Lambda-SnapStart-Restored-GB in Asia Pacific (Mumbai)","HZ8PHG23BSGZSURV","2026-08-01T00:00:00Z","Serverless APS3-Lambda-SnapStart-Restored-GB AWS-Lambda-SnapStart-Restore Snapshot GB restored, measured in GB of memory and disk assigned to function  $0.000166559 per GB for Lambda-SnapStart-Restored-GB in Asia Pacific (Mumbai) GB"
"Lambda","0.0141000000","Hours","0","0","Serverless","APS3-Lambda-Managed-Instances-c5a.xlarge-Management-Hours","","","","$0.0141 per Hour for Lambda-Managed-Instances-c5a.xlarge-Management-Hours in Asia Pacific (Mumbai)","J49F8EW9CWJ7FQNS","2026-08-01T00:00:00Z","Serverless APS3-Lambda-Managed-Instances-c5a.xlarge-Management-Hours    $0.0141 per Hour for Lambda-Managed-Instances-c5a.xlarge-Management-Hours in Asia Pacific (Mumbai) Hours"
"Lambda","0.0123900000","Hours","0","0","Serverless","APS3-Lambda-Managed-Instances-r8g.large-Management-Hours","","","","$0.01239 per Hour for Lambda-Managed-Instances-r8g.large-Management-Hours in Asia Pacific (Mumbai)","J4SGGGW8V8UCZNKF","2026-08-01T00:00:00Z","Serverless APS3-Lambda-Managed-Instances-r8g.large-Management-Hours    $0.01239 per Hour for Lambda-Managed-Instances-r8g.large-Management-Hours in Asia Pacific (Mumbai) Hours"
"Lambda","0.2174400000","Hours","0","0","Serverless","APS3-Lambda-Managed-Instances-m6gd.12xlarge-Management-Hours","","","","$0.21744 per Hour for Lambda-Managed-Instances-m6gd.12xlarge-Management-Hours in Asia Pacific (Mumbai)","J6DEKZ3RCQAKCBAM","2026-08-01T00:00:00Z","Serverless APS3-Lambda-Managed-Instances-m6gd.12xlarge-Management-Hours    $0.21744 per Hour for Lambda-Managed-Instances-m6gd.12xlarge-Management-Hours in Asia Pacific (Mumbai) Hours"
"Lambda","1.2480000000","Hours","0","0","Serverless","APS3-Lambda-Managed-Instances-r6i.32xlarge-Management-Hours","","","","$1.248 per Hour for Lambda-Managed-Instances-r6i.32xlarge-Management-Hours in Asia Pacific (Mumbai)","J8FV5JDKVB2QQPN2","2026-08-01T00:00:00Z","Serverless APS3-Lambda-Managed-Instances-r6i.32xlarge-Management-Hours    $1.248 per Hour for Lambda-Managed-Instances-r6i.32xlarge-Management-Hours in Asia Pacific (Mumbai) Hours"
"Lambda","0.0680400000","Hours","0","0","Serverless","APS3-Lambda-Managed-Instances-c6in.2xlarge-Management-Hours","","","","$0.06804 per Hour for Lambda-Managed-Instances-c6in.2xlarge-Management-Hours in Asia Pacific (Mumbai)","JCX8YN8AD3GHKGFS","2026-08-01T00:00:00Z","Serverless APS3-Lambda-Managed-Instances-c6in.2xlarge-Management-Hours    $0.06804 per Hour for Lambda-Managed-Instances-c6in.2xlarge-Management-Hours in Asia Pacific (Mumbai) Hours"
"Lambda","0.0000500100","Lambda-GB-Second","0","0","Serverless","APS3-Lambda-Edge-GB-Second","AWS-Lambda-Edge-Duration","Invocation duration weighted by memory assigned to function, measured in GB-s","","AWS Lambda Edge - Total Compute - Asia Pacific (Mumbai)","JFE6W9M2DWP8GPD5","2026-08-01T00:00:00Z","Serverless APS3-Lambda-Edge-GB-Second AWS-Lambda-Edge-Duration Invocation duration weighted by memory assigned to function, measured in GB-s  AWS Lambda Edge - Total Compute - Asia Pacific (Mumbai) Lambda-GB-Second"
"Lambda","1.1302500000","Hours","0","0","Serverless","APS3-Lambda-Managed-Instances-r7a.24xlarge-Management-Hours","","","","$1.13025 per Hour for Lambda-Managed-Instances-r7a.24xlarge-Management-Hours in Asia Pacific (Mumbai)","JKEPEKHMB7Q589UB","2026-08-01T00:00:00Z","Serverless APS3-Lambda-Managed-Instances-r7a.24xlarge-Management-Hours    $1.13025 per Hour for Lambda-Managed-Instances-r7a.24xlarge-Management-Hours in Asia Pacific (Mumbai) Hours"
"Lambda","0.2574000000","Hours","0","0","Serverless","APS3-Lambda-Managed-Instances-r6a.12xlarge-Management-Hours","","","","$0.2574 per Hour for Lambda-Managed-Instances-r6a.12xlarge-Management-Hours in Asia Pacific (Mumbai)","JQ5UD349DMGYV38V","2026-08-01T00:00:00Z","Serverless APS3-Lambda-Managed-Instances-r6a.12xlarge-Management-Hours    $0.2574 per Hour for Lambda-Managed-Instances-r6a.12xlarge-Management-Hours in Asia Pacific (Mumbai) Hours"
"Lambda","0.9979200000","Hours","0","0","Serverless","APS3-Lambda-Managed-Instances-c6id.32xlarge-Management-Hours","","","","$0.99792 per Hour for Lambda-Managed-Instances-c6id.32xlarge-Management-Hours in Asia Pacific (Mumbai)","JQZ4FX3S6YKX97PU","2026-08-01T00:00:00Z","Serverless APS3-Lambda-Managed-Instances-c6id.32xlarge-Management-Hours    $0.99792 per Hour for Lambda-Managed-Instances-c6id.32xlarge-Management-Hours in Asia Pacific (Mumbai) Hours"
"Lambda","0.1422000000","Hours","0","0","Serverless","APS3-Lambda-Managed-Instances-c8gn.4xlarge-Management-Hours","","","","$0.1422 per Hour for Lambda-Managed-Instances-c8gn.4xlarge-Management-Hours in Asia Pacific (Mumbai)","JR92S64JYEZZCQF3","2026-08-01T00:00:00Z","Serverless APS3-Lambda-Managed-Instances-c8gn.4xlarge-Management-Hours    $0.1422 per Hour for Lambda-Managed-Instances-c8gn.4xlarge-Management-Hours in Asia Pacific (Mumbai) Hours"
"Lambda","0.0303000000","Hours","0","0","Serverless","APS3-Lambda-Managed-Instances-m5.xlarge-Management-Hours","","","","$0.0303 per Hour for Lambda-Managed-Instances-m5.xlarge-Management-Hours in Asia Pacific (Mumbai)","JRBQJ2E93W6P4FXP","2026-08-01T00:00:00Z","Serverless APS3-Lambda-Managed-Instances-m5.xlarge-Management-Hours    $0.0303 per Hour for Lambda-Managed-Instances-m5.xlarge-Management-Hours in Asia Pacific (Mumbai) Hours"
"Lambda","0.0636300000","Hours","0","0","Serverless","APS3-Lambda-Managed-Instances-m7i.2xlarge-Management-Hours","","","","$0.06363 per Hour for Lambda-Managed-Instances-m7i.2xlarge-Management-Hours in Asia Pacific (Mumbai)","JV9R8GBMXV3RW79E","2026-08-01T00:00:00Z","Serverless APS3-Lambda-Managed-Instances-m7i.2xlarge-Management-Hours    $0.06363 per Hour for Lambda-Managed-Instances-m7i.2xlarge-Management-Hours in Asia Pacific (Mumbai) Hours"
"Lambda","0.3213000000","Hours","0","0","Serverless","APS3-Lambda-Managed-Instances-c7i.12xlarge-Management-Hours","","","","$0.3213 per Hour for Lambda-Managed-Instances-c7i.12xlarge-Management-Hours in Asia Pacific (Mumbai)","JZKHQ32CB3BMTQ8P","2026-08-01T00:00:00Z","Serverless APS3-Lambda-Managed-Instances-c7i.12xlarge-Management-Hours    $0.3213 per Hour for Lambda-Managed-Instances-c7i.12xlarge-Management-Hours in Asia Pacific (Mumbai) Hours"
"Lambda","0.0594000000","Hours","0","0","Serverless","APS3-Lambda-Managed-Instances-c5d.2xlarge-Management-Hours","","","","$0.0594 per Hour for Lambda-Managed-Instances-c5d.2xlarge-Management-Hours in Asia Pacific (Mumbai)","K4QVXRJXD848SY3Z","2026-08-01T00:00:00Z","Serverless APS3-Lambda-Managed-Instances-c5d.2xlarge-Management-Hours    $0.0594 per Hour for Lambda-Managed-Instances-c5d.2xlarge-Management-Hours in Asia Pacific (Mumbai) Hours"
"Lambda","0.1539900000","Hours","0","0","Serverless","APS3-Lambda-Managed-Instances-m8g.8xlarge-Management-Hours","","","","$0.15399 per Hour for Lambda-Managed-Instances-m8g.8xlarge-Management-Hours in Asia Pacific (Mumbai)","K82UDV9EQW2UDKVT","2026-08-01T00:00:00Z","Serverless APS3-Lambda-Managed-Instances-m8g.8xlarge-Management-Hours    $0.15399 per Hour for Lambda-Managed-Instances-m8g.8xlarge-Management-Hours in Asia Pacific (Mumbai) Hours"
"Lambda","0.0918000000","Hours","0","0","Serverless","APS3-Lambda-Managed-Instances-r5b.2xlarge-Management-Hours","","","","$0.0918 per Hour for Lambda-Managed-Instances-r5b.2xlarge-Management-Hours in Asia Pacific (Mumbai)","K8NTNGJHWESK7S3C","2026-08-01T00:00:00Z","Serverless APS3-Lambda-Managed-Instances-r5b.2xlarge-Management-Hours    $0.0918 per Hour for Lambda-Managed-Instances-r5b.2xlarge-Management-Hours in Asia Pacific (Mumbai) Hours"
"Lambda","0.4848000000","Hours","0","0","Serverless","APS3-Lambda-Managed-Instances-m5.16xlarge-Management-Hours","","","","$0.4848 per Hour for Lambda-Managed-Instances-m5.16xlarge-Management-Hours in Asia Pacific (Mumbai)","KDCUM6U27N6PMHWR","2026-08-01T00:00:00Z","Serverless APS3-Lambda-Managed-Instances-m5.16xlarge-Management-Hours    $0.4848 per Hour for Lambda-Managed-Instances-m5.16xlarge-Management-Hours in Asia Pacific (Mumbai) Hours"
"Lambda","0.2673000000","Hours","0","0","Serverless","APS3-Lambda-Managed-Instances-c5d.9xlarge-Management-Hours","","","","$0.2673 per Hour for Lambda-Managed-Instances-c5d.9xlarge-Management-Hours in Asia Pacific (Mumbai)","KFUTQCK7X4VNB5FY","2026-08-01T00:00:00Z","Serverless APS3-Lambda-Managed-Instances-c5d.9xlarge-Management-Hours    $0.2673 per Hour for Lambda-Managed-Instances-c5d.9xlarge-Management-Hours in Asia Pacific (Mumbai) Hours"
"Lambda","0.1993500000","Hours","0","0","Serverless","APS3-Lambda-Managed-Instances-r5ad.8xlarge-Management-Hours","","","","$0.19935 per Hour for Lambda-Managed-Instances-r5ad.8xlarge-Management-Hours in Asia Pacific (Mumbai)","KMY2B62BRT4XYGF5","2026-08-01T00:00:00Z","Serverless APS3-Lambda-Managed-Instances-r5ad.8xlarge-Management-Hours    $0.19935 per Hour for Lambda-Managed-Instances-r5ad.8xlarge-Management-Hours in Asia Pacific (Mumbai) Hours"
"Lambda","0.1177950000","Hours","0","0","Serverless","APS3-Lambda-Managed-Instances-c7g.8xlarge-Management-Hours","","","","$0.117795 per Hour for Lambda-Managed-Instances-c7g.8xlarge-Management-Hours in Asia Pacific (Mumbai)","KNMS7SK9YWSECG54","2026-08-01T00:00:00Z","Serverless APS3-Lambda-Managed-Instances-c7g.8xlarge-Management-Hours    $0.117795 per Hour for Lambda-Managed-Instances-c7g.8xlarge-Management-Hours in Asia Pacific (Mumbai) Hours"
"Lambda","0.0459000000","Hours","0","0","Serverless","APS3-Lambda-Managed-Instances-r5n.xlarge-Management-Hours","","","","$0.0459 per Hour for Lambda-Managed-Instances-r5n.xlarge-Management-Hours in Asia Pacific (Mumbai)","KQQGDSTJTQ7UZ7K3","2026-08-01T00:00:00Z","Serverless APS3-Lambda-Managed-Instances-r5n.xlarge-Management-Hours    $0.0459 per Hour for Lambda-Managed-Instances-r5n.xlarge-Management-Hours in Asia Pacific (Mumbai) Hours"
"Lambda","0.2916000000","Hours","0","0","Serverless","APS3-Lambda-Managed-Instances-c5n.9xlarge-Management-Hours","","","","$0.2916 per Hour for Lambda-Managed-Instances-c5n.9xlarge-Management-Hours in Asia Pacific (Mumbai)","KQTMZF5UHZ4NBHA9","2026-08-01T00:00:00Z","Serverless APS3-Lambda-Managed-Instances-c5n.9xlarge-Management-Hours    $0.2916 per Hour for Lambda-Managed-Instances-c5n.9xlarge-Management-Hours in Asia Pacific (Mumbai) Hours"
"Lambda","0.6426000000","Hours","0","0","Serverless","APS3-Lambda-Managed-Instances-c7i.24xlarge-Management-Hours","","","","$0.6426 per Hour for Lambda-Managed-Instances-c7i.24xlarge-Management-Hours in Asia Pacific (Mumbai)","KUPM6VN44AWZNXCQ","2026-08-01T00:00:00Z","Serverless APS3-Lambda-Managed-Instances-c7i.24xlarge-Management-Hours    $0.6426 per Hour for Lambda-Managed-Instances-c7i.24xlarge-Management-Hours in Asia Pacific (Mumbai) Hours"
"Lambda","0.3636000000","Hours","0","0","Serverless","APS3-Lambda-Managed-Instances-m6i.12xlarge-Management-Hours","","","","$0.3636 per Hour for Lambda-Managed-Instances-m6i.12xlarge-Management-Hours in Asia Pacific (Mumbai)","M2TBWYV4YBASUXPB","2026-08-01T00:00:00Z","Serverless APS3-Lambda-Managed-Instances-m6i.12xlarge-Management-Hours    $0.3636 per Hour for Lambda-Managed-Instances-m6i.12xlarge-Management-Hours in Asia Pacific (Mumbai) Hours"
"Lambda","0.8160000000","Hours","0","0","Serverless","APS3-Lambda-Managed-Instances-c6i.32xlarge-Management-Hours","","","","$0.816 per Hour for Lambda-Managed-Instances-c6i.32xlarge-Management-Hours in Asia Pacific (Mumbai)","M8XGTPVG2C2NTFM2","2026-08-01T00:00:00Z","Serverless APS3-Lambda-Managed-Instances-c6i.32xlarge-Management-Hours    $0.816 per Hour for Lambda-Managed-Instances-c6i.32xlarge-Management-Hours in Asia Pacific (Mumbai) Hours"
"Lambda","0.1020000000","Hours","0","0","Serverless","APS3-Lambda-Managed-Instances-c5.4xlarge-Management-Hours","","","","$0.102 per Hour for Lambda-Managed-Instances-c5.4xlarge-Management-Hours in Asia Pacific (Mumbai)","MA2HWZHHZM39DVCM","2026-08-01T00:00:00Z","Serverless APS3-Lambda-Managed-Instances-c5.4xlarge-Management-Hours    $0.102 per Hour for Lambda-Managed-Instances-c5.4xlarge-Management-Hours in Asia Pacific (Mumbai) Hours"
"Lambda","0.5508000000","Hours","0","0","Serverless","APS3-Lambda-Managed-Instances-r5n.12xlarge-Management-Hours","","","","$0.5508 per Hour for Lambda-Managed-Instances-r5n.12xlarge-Management-Hours in Asia Pacific (Mumbai)","MAMF3UYZE5JYWVUZ","2026-08-01T00:00:00Z","Serverless APS3-Lambda-Managed-Instances-r5n.12xlarge-Management-Hours    $0.5508 per Hour for Lambda-Managed-Instances-r5n.12xlarge-Management-Hours in Asia Pacific (Mumbai) Hours"
"Lambda","0.0858000000","Hours","0","0","Serverless","APS3-Lambda-Managed-Instances-r6a.4xlarge-Management-Hours","","","","$0.0858 per Hour for Lambda-Managed-Instances-r6a.4xlarge-Management-Hours in Asia Pacific (Mumbai)","MD8FHP2SJH3VWZC5","2026-08-01T00:00:00Z","Serverless APS3-Lambda-Managed-Instances-r6a.4xlarge-Management-Hours    $0.0858 per Hour for Lambda-Managed-Instances-r6a.4xlarge-Management-Hours in Asia Pacific (Mumbai) Hours"
"Lambda","0.1692000000","Hours","0","0","Serverless","APS3-Lambda-Managed-Instances-c5a.12xlarge-Management-Hours","","","","$0.1692 per Hour for Lambda-Managed-Instances-c5a.12xlarge-Management-Hours in Asia Pacific (Mumbai)","MEVRBWEPM9EPETPW","2026-08-01T00:00:00Z","Serverless APS3-Lambda-Managed-Instances-c5a.12xlarge-Management-Hours    $0.1692 per Hour for Lambda-Managed-Instances-c5a.12xlarge-Management-Hours in Asia Pacific (Mumbai) Hours"
"Lambda","0.7128000000","Hours","0","0","Serverless","APS3-Lambda-Managed-Instances-c5d.24xlarge-Management-Hours","","","","$0.7128 per Hour for Lambda-Managed-Instances-c5d.24xlarge-Management-Hours in Asia Pacific (Mumbai)","MF2J637NWKPN2TGM","2026-08-01T00:00:00Z","Serverless APS3-Lambda-Managed-Instances-c5d.24xlarge-Management-Hours    $0.7128 per Hour for Lambda-Managed-Instances-c5d.24xlarge-Management-Hours in Asia Pacific (Mumbai) Hours"
"Lambda","0.0362400000","Hours","0","0","Serverless","APS3-Lambda-Managed-Instances-m6gd.2xlarge-Management-Hours","","","","$0.03624 per Hour for Lambda-Managed-Instances-m6gd.2xlarge-Management-Hours in Asia Pacific (Mumbai)","MGWGUHPP59QWHDFJ","2026-08-01T00:00:00Z","Serverless APS3-Lambda-Managed-Instances-m6gd.2xlarge-Management-Hours    $0.03624 per Hour for Lambda-Managed-Instances-m6gd.2xlarge-Management-Hours in Asia Pacific (Mumbai) Hours"
"Lambda","0.5508000000","Hours","0","0","Serverless","APS3-Lambda-Managed-Instances-r5b.12xlarge-Management-Hours","","","","$0.5508 per Hour for Lambda-Managed-Instances-r5b.12xlarge-Management-Hours in Asia Pacific (Mumbai)","MHFXFG34YZBNB5S2","2026-08-01T00:00:00Z","Serverless APS3-Lambda-Managed-Instances-r5b.12xlarge-Management-Hours    $0.5508 per Hour for Lambda-Managed-Instances-r5b.12xlarge-Management-Hours in Asia Pacific (Mumbai) Hours"
"Lambda","0.0001333330","GB","0","0","Serverless","APS3-Lambda-Tenant-Isolated-Environment-Memory-GB-ARM","AWS-Lambda-Tenant-Isolated-Environment-Memory-GB-ARM","Tenant isolated execution environments weighted by memory assigned to function, for ARM","","$0.000133333 per GB for Lambda-Tenant-Isolated-Environment-Memory-GB-ARM in Asia Pacific (Mumbai)","MHKQJUZEXYTKNAG8","2026-08-01T00:00:00Z","Serverless APS3-Lambda-Tenant-Isolated-Environment-Memory-GB-ARM AWS-Lambda-Tenant-Isolated-Environment-Memory-GB-ARM Tenant isolated execution environments weighted by memory assigned to function, for ARM  $0.000133333 per GB for Lambda-Tenant-Isolated-Environment-Memory-GB-ARM in Asia Pacific (Mumbai) GB"
"Lambda","0.0409500000","Hours","0","0","Serverless","APS3-Lambda-Managed-Instances-r7i.xlarge-Management-Hours","","","","$0.04095 per Hour for Lambda-Managed-Instances-r7i.xlarge-Management-Hours in Asia Pacific (Mumbai)","MR36BVVTWSYTG72F","2026-08-01T00:00:00Z","Serverless APS3-Lambda-Managed-Instances-r7i.xlarge-Management-Hours    $0.04095 per Hour for Lambda-Managed-Instances-r7i.xlarge-Management-Hours in Asia Pacific (Mumbai) Hours"
"Lambda","0.1812000000","Hours","0","0","Serverless","APS3-Lambda-Managed-Instances-r5d.4xlarge-Management-Hours","","","","$0.1812 per Hour for Lambda-Managed-Instances-r5d.4xlarge-Management-Hours in Asia Pacific (Mumbai)","MSPJADRTJ73HQX6H","2026-08-01T00:00:00Z","Serverless APS3-Lambda-Managed-Instances-r5d.4xlarge-Management-Hours    $0.1812 per Hour for Lambda-Managed-Instances-r5d.4xlarge-Management-Hours in Asia Pacific (Mumbai) Hours"
"Lambda","0.4080000000","Hours","0","0","Serverless","APS3-Lambda-Managed-Instances-c6i.16xlarge-Management-Hours","","","","$0.408 per Hour for Lambda-Managed-Instances-c6i.16xlarge-Management-Hours in Asia Pacific (Mumbai)","MSWMZHQF9RKQEMUP","2026-08-01T00:00:00Z","Serverless APS3-Lambda-Managed-Instances-c6i.16xlarge-Management-Hours    $0.408 per Hour for Lambda-Managed-Instances-c6i.16xlarge-Management-Hours in Asia Pacific (Mumbai) Hours"
"Lambda","0.0303000000","Hours","0","0","Serverless","APS3-Lambda-Managed-Instances-m6i.xlarge-Management-Hours","","","","$0.0303 per Hour for Lambda-Managed-Instances-m6i.xlarge-Management-Hours in Asia Pacific (Mumbai)","MT67GSMTHJD2GGZA","2026-08-01T00:00:00Z","Serverless APS3-Lambda-Managed-Instances-m6i.xlarge-Management-Hours    $0.0303 per Hour for Lambda-Managed-Instances-m6i.xlarge-Management-Hours in Asia Pacific (Mumbai) Hours"
"Lambda","0.0372000000","Hours","0","0","Serverless","APS3-Lambda-Managed-Instances-m5n.xlarge-Management-Hours","","","","$0.0372 per Hour for Lambda-Managed-Instances-m5n.xlarge-Management-Hours in Asia Pacific (Mumbai)","MVFZAP3KSCF83FGD","2026-08-01T00:00:00Z","Serverless APS3-Lambda-Managed-Instances-m5n.xlarge-Management-Hours    $0.0372 per Hour for Lambda-Managed-Instances-m5n.xlarge-Management-Hours in Asia Pacific (Mumbai) Hours"
"Lambda","0.0510000000","Hours","0","0","Serverless","APS3-Lambda-Managed-Instances-c6i.2xlarge-Management-Hours","","","","$0.051 per Hour for Lambda-Managed-Instances-c6i.2xlarge-Management-Hours in Asia Pacific (Mumbai)","N2YM5MRDV6FUF5AJ","2026-08-01T00:00:00Z","Serverless APS3-Lambda-Managed-Instances-c6i.2xlarge-Management-Hours    $0.051 per Hour for Lambda-Managed-Instances-c6i.2xlarge-Management-Hours in Asia Pacific (Mumbai) Hours"
"Lambda","0.5436000000","Hours","0","0","Serverless","APS3-Lambda-Managed-Instances-r5d.12xlarge-Management-Hours","","","","$0.5436 per Hour for Lambda-Managed-Instances-r5d.12xlarge-Management-Hours in Asia Pacific (Mumbai)","NA7VDJDJBCV2AWH5","2026-08-01T00:00:00Z","Serverless APS3-Lambda-Managed-Instances-r5d.12xlarge-Management-Hours    $0.5436 per Hour for Lambda-Managed-Instances-r5d.12xlarge-Management-Hours in Asia Pacific (Mumbai) Hours"
"Lambda","1.6286400000","Hours","0","0","Serverless","APS3-Lambda-Managed-Instances-m6idn.32xlarge-Management-Hours","","","","$1.62864 per Hour for Lambda-Managed-Instances-m6idn.32xlarge-Management-Hours in Asia Pacific (Mumbai)","NB6JQ94KXTWS6558","2026-08-01T00:00:00Z","Serverless APS3-Lambda-Managed-Instances-m6idn.32xlarge-Management-Hours    $1.62864 per Hour for Lambda-Managed-Instances-m6idn.32xlarge-Management-Hours in Asia Pacific (Mumbai) Hours"
"Lambda","0.0448500000","Hours","0","0","Serverless","APS3-Lambda-Managed-Instances-r6gd.2xlarge-Management-Hours","","","","$0.04485 per Hour for Lambda-Managed-Instances-r6gd.2xlarge-Management-Hours in Asia Pacific (Mumbai)","NGKRFYA3H9WFNB8E","2026-08-01T00:00:00Z","Serverless APS3-Lambda-Managed-Instances-r6gd.2xlarge-Management-Hours    $0.04485 per Hour for Lambda-Managed-Instances-r6gd.2xlarge-Management-Hours in Asia Pacific (Mumbai) Hours"
"Lambda","0.0254550000","Hours","0","0","Serverless","APS3-Lambda-Managed-Instances-m6idn.large-Management-Hours","","","","$0.025455 per Hour for Lambda-Managed-Instances-m6idn.large-Management-Hours in Asia Pacific (Mumbai)","NMPP84UCVJRA9R8D","2026-08-01T00:00:00Z","Serverless APS3-Lambda-Managed-Instances-m6idn.large-Management-Hours    $0.025455 per Hour for Lambda-Managed-Instances-m6idn.large-Management-Hours in Asia Pacific (Mumbai) Hours"
"Lambda","0.0340200000","Hours","0","0","Serverless","APS3-Lambda-Managed-Instances-c6in.xlarge-Management-Hours","","","","$0.03402 per Hour for Lambda-Managed-Instances-c6in.xlarge-Management-Hours in Asia Pacific (Mumbai)","NRMSNX9SNSAENHG3","2026-08-01T00:00:00Z","Serverless APS3-Lambda-Managed-Instances-c6in.xlarge-Management-Hours    $0.03402 per Hour for Lambda-Managed-Instances-c6in.xlarge-Management-Hours in Asia Pacific (Mumbai) Hours"
"Lambda","0.1220000000","Event-Poller-Unit-Hours","0","0","Serverless","APS3-Lambda-Event-Poller-Unit-Hour","AWS-Lambda-Event-Poller-Unit-Duration","Duration weighted by Event Poller Units consumed by Provisioned mode for ESM, measured in Event-Poller-Unit-Hours","","$0.122 per Event-Poller-Unit-Hour for Lambda-Event-Poller-Unit-Hour in Asia Pacific (Mumbai)","NRSN88NN564X5K5G","2026-08-01T00:00:00Z","Serverless APS3-Lambda-Event-Poller-Unit-Hour AWS-Lambda-Event-Poller-Unit-Duration Duration weighted by Event Poller Units consumed by Provisioned mode for ESM, measured in Event-Poller-Unit-Hours  $0.122 per Event-Poller-Unit-Hour for Lambda-Event-Poller-Unit-Hour in Asia Pacific (Mumbai) Event-Poller-Unit-Hours"
"Lambda","0.0691200000","Hours","0","0","Serverless","APS3-Lambda-Managed-Instances-c7gd.4xlarge-Management-Hours","","","","$0.06912 per Hour for Lambda-Managed-Instances-c7gd.4xlarge-Management-Hours in Asia Pacific (Mumbai)","NTYGKFFSJ29TG5AB","2026-08-01T00:00:00Z","Serverless APS3-Lambda-Managed-Instances-c7gd.4xlarge-Management-Hours    $0.06912 per Hour for Lambda-Managed-Instances-c7gd.4xlarge-Management-Hours in Asia Pacific (Mumbai) Hours"
"Lambda","0.2666400000","Hours","0","0","Serverless","APS3-Lambda-Managed-Instances-m6a.16xlarge-Management-Hours","","","","$0.26664 per Hour for Lambda-Managed-Instances-m6a.16xlarge-Management-Hours in Asia Pacific (Mumbai)","PEPYKUXSR9QPR53S","2026-08-01T00:00:00Z","Serverless APS3-Lambda-Managed-Instances-m6a.16xlarge-Management-Hours    $0.26664 per Hour for Lambda-Managed-Instances-m6a.16xlarge-Management-Hours in Asia Pacific (Mumbai) Hours"
"Lambda","0.0000166667","Lambda-GB-Second","0","0","Serverless","APS3-Lambda-GB-Second","AWS-Lambda-Duration","Invocation duration weighted by memory assigned to function, measured in GB-s","","AWS Lambda - Total Compute - Asia Pacific (Mumbai)-Tier-1","PHDF9YNAFR3HDSR8","2026-08-01T00:00:00Z","Serverless APS3-Lambda-GB-Second AWS-Lambda-Duration Invocation duration weighted by memory assigned to function, measured in GB-s  AWS Lambda - Total Compute - Asia Pacific (Mumbai)-Tier-1 Lambda-GB-Second"
"Lambda","0.0000133334","Lambda-GB-Second","15000000000","15000000000","Serverless","APS3-Lambda-GB-Second","AWS-Lambda-Duration","Invocation duration weighted by memory assigned to function, measured in GB-s","","AWS Lambda - Total Compute - Asia Pacific (Mumbai)-Tier-3","PHDF9YNAFR3HDSR8","2026-08-01T00:00:00Z","Serverless APS3-Lambda-GB-Second AWS-Lambda-Duration Invocation duration weighted by memory assigned to function, measured in GB-s  AWS Lambda - Total Compute - Asia Pacific (Mumbai)-Tier-3 Lambda-GB-Second"
"Lambda","0.0000150000","Lambda-GB-Second","6000000000","6000000000","Serverless","APS3-Lambda-GB-Second","AWS-Lambda-Duration","Invocation duration weighted by memory assigned to function, measured in GB-s","","AWS Lambda - Total Compute - Asia Pacific (Mumbai)-Tier-2","PHDF9YNAFR3HDSR8","2026-08-01T00:00:00Z","Serverless APS3-Lambda-GB-Second AWS-Lambda-Duration Invocation duration weighted by memory assigned to function, measured in GB-s  AWS Lambda - Total Compute - Asia Pacific (Mumbai)-Tier-2 Lambda-GB-Second"
"Lambda","0.0106500000","Hours","0","0","Serverless","APS3-Lambda-Managed-Instances-m7gd.large-Management-Hours","","","","$0.01065 per Hour for Lambda-Managed-Instances-m7gd.large-Management-Hours in Asia Pacific (Mumbai)","PN2N6CM9KACVHJNJ","2026-08-01T00:00:00Z","Serverless APS3-Lambda-Managed-Instances-m7gd.large-Management-Hours    $0.01065 per Hour for Lambda-Managed-Instances-m7gd.large-Management-Hours in Asia Pacific (Mumbai) Hours"
"Lambda","1.2852000000","Hours","0","0","Serverless","APS3-Lambda-Managed-Instances-c7i.48xlarge-Management-Hours","","","","$1.2852 per Hour for Lambda-Managed-Instances-c7i.48xlarge-Management-Hours in Asia Pacific (Mumbai)","PNUJBV8WA6FA56ZJ","2026-08-01T00:00:00Z","Serverless APS3-Lambda-Managed-Instances-c7i.48xlarge-Management-Hours    $1.2852 per Hour for Lambda-Managed-Instances-c7i.48xlarge-Management-Hours in Asia Pacific (Mumbai) Hours"
"Lambda","1.1016000000","Hours","0","0","Serverless","APS3-Lambda-Managed-Instances-r5b.24xlarge-Management-Hours","","","","$1.1016 per Hour for Lambda-Managed-Instances-r5b.24xlarge-Management-Hours in Asia Pacific (Mumbai)","PSZE764ZHTMF243F","2026-08-01T00:00:00Z","Serverless APS3-Lambda-Managed-Instances-r5b.24xlarge-Management-Hours    $1.1016 per Hour for Lambda-Managed-Instances-r5b.24xlarge-Management-Hours in Asia Pacific (Mumbai) Hours"
"Lambda","0.8784000000","Hours","0","0","Serverless","APS3-Lambda-Managed-Instances-m5d.24xlarge-Management-Hours","","","","$0.8784 per Hour for Lambda-Managed-Instances-m5d.24xlarge-Management-Hours in Asia Pacific (Mumbai)","PT6HFEMH4MCYDA5A","2026-08-01T00:00:00Z","Serverless APS3-Lambda-Managed-Instances-m5d.24xlarge-Management-Hours    $0.8784 per Hour for Lambda-Managed-Instances-m5d.24xlarge-Management-Hours in Asia Pacific (Mumbai) Hours"
"Lambda","0.1801950000","Hours","0","0","Serverless","APS3-Lambda-Managed-Instances-r7g.8xlarge-Management-Hours","","","","$0.180195 per Hour for Lambda-Managed-Instances-r7g.8xlarge-Management-Hours in Asia Pacific (Mumbai)","PUS92HDHF5BCJTY9","2026-08-01T00:00:00Z","Serverless APS3-Lambda-Managed-Instances-r7g.8xlarge-Management-Hours    $0.180195 per Hour for Lambda-Managed-Instances-r7g.8xlarge-Management-Hours in Asia Pacific (Mumbai) Hours"
"Lambda","0.0647700000","Hours","0","0","Serverless","APS3-Lambda-Managed-Instances-c8g.4xlarge-Management-Hours","","","","$0.06477 per Hour for Lambda-Managed-Instances-c8g.4xlarge-Management-Hours in Asia Pacific (Mumbai)","PW6XBTEBN5UB2MWV","2026-08-01T00:00:00Z","Serverless APS3-Lambda-Managed-Instances-c8g.4xlarge-Management-Hours    $0.06477 per Hour for Lambda-Managed-Instances-c8g.4xlarge-Management-Hours in Asia Pacific (Mumbai) Hours"
"Lambda","0.0096300000","Hours","0","0","Serverless","APS3-Lambda-Managed-Instances-m8g.large-Management-Hours","","","","$0.00963 per Hour for Lambda-Managed-Instances-m8g.large-Management-Hours in Asia Pacific (Mumbai)","PXAAH3AU52CBHTW3","2026-08-01T00:00:00Z","Serverless APS3-Lambda-Managed-Instances-m8g.large-Management-Hours    $0.00963 per Hour for Lambda-Managed-Instances-m8g.large-Management-Hours in Asia Pacific (Mumbai) Hours"
"Lambda","0.3079650000","Hours","0","0","Serverless","APS3-Lambda-Managed-Instances-m8g.16xlarge-Management-Hours","","","","$0.307965 per Hour for Lambda-Managed-Instances-m8g.16xlarge-Management-Hours in Asia Pacific (Mumbai)","PXNYPZ6GAH2X57FM","2026-08-01T00:00:00Z","Serverless APS3-Lambda-Managed-Instances-m8g.16xlarge-Management-Hours    $0.307965 per Hour for Lambda-Managed-Instances-m8g.16xlarge-Management-Hours in Asia Pacific (Mumbai) Hours"
"Lambda","0.0780000000","Hours","0","0","Serverless","APS3-Lambda-Managed-Instances-r5.2xlarge-Management-Hours","","","","$0.078 per Hour for Lambda-Managed-Instances-r5.2xlarge-Management-Hours in Asia Pacific (Mumbai)","PXS4E43BSKF4F34Y","2026-08-01T00:00:00Z","Serverless APS3-Lambda-Managed-Instances-r5.2xlarge-Management-Hours    $0.078 per Hour for Lambda-Managed-Instances-r5.2xlarge-Management-Hours in Asia Pacific (Mumbai) Hours"
"Lambda","0.0522000000","Hours","0","0","Serverless","APS3-Lambda-Managed-Instances-r5dn.xlarge-Management-Hours","","","","$0.0522 per Hour for Lambda-Managed-Instances-r5dn.xlarge-Management-Hours in Asia Pacific (Mumbai)","Q3DHYGXXRR4SX367","2026-08-01T00:00:00Z","Serverless APS3-Lambda-Managed-Instances-r5dn.xlarge-Management-Hours    $0.0522 per Hour for Lambda-Managed-Instances-r5dn.xlarge-Management-Hours in Asia Pacific (Mumbai) Hours"
"Lambda","0.1683000000","Hours","0","0","Serverless","APS3-Lambda-Managed-Instances-c6a.12xlarge-Management-Hours","","","","$0.1683 per Hour for Lambda-Managed-Instances-c6a.12xlarge-Management-Hours in Asia Pacific (Mumbai)","Q53DUA3P7UV5UUG3","2026-08-01T00:00:00Z","Serverless APS3-Lambda-Managed-Instances-c6a.12xlarge-Management-Hours    $0.1683 per Hour for Lambda-Managed-Instances-c6a.12xlarge-Management-Hours in Asia Pacific (Mumbai) Hours"
"Lambda","0.2545200000","Hours","0","0","Serverless","APS3-Lambda-Managed-Instances-m7i.8xlarge-Management-Hours","","","","$0.25452 per Hour for Lambda-Managed-Instances-m7i.8xlarge-Management-Hours in Asia Pacific (Mumbai)","QAUTDM95NAAHDGW3","2026-08-01T00:00:00Z","Serverless APS3-Lambda-Managed-Instances-m7i.8xlarge-Management-Hours    $0.25452 per Hour for Lambda-Managed-Instances-m7i.8xlarge-Management-Hours in Asia Pacific (Mumbai) Hours"
"Lambda","0.0349950000","Hours","0","0","Serverless","APS3-Lambda-Managed-Instances-m7g.2xlarge-Management-Hours","","","","$0.034995 per Hour for Lambda-Managed-Instances-m7g.2xlarge-Management-Hours in Asia Pacific (Mumbai)","QBGEH7C4YMERTZK3","2026-08-01T00:00:00Z","Serverless APS3-Lambda-Managed-Instances-m7g.2xlarge-Management-Hours    $0.034995 per Hour for Lambda-Managed-Instances-m7g.2xlarge-Management-Hours in Asia Pacific (Mumbai) Hours"
"Lambda","0.4266000000","Hours","0","0","Serverless","APS3-Lambda-Managed-Instances-c8gn.12xlarge-Management-Hours","","","","$0.4266 per Hour for Lambda-Managed-Instances-c8gn.12xlarge-Management-Hours in Asia Pacific (Mumbai)","QCKB78W5USR7MMX7","2026-08-01T00:00:00Z","Serverless APS3-Lambda-Managed-Instances-c8gn.12xlarge-Management-Hours    $0.4266 per Hour for Lambda-Managed-Instances-c8gn.12xlarge-Management-Hours in Asia Pacific (Mumbai) Hours"
"Lambda","0.4488000000","Hours","0","0","Serverless","APS3-Lambda-Managed-Instances-c6a.32xlarge-Management-Hours","","","","$0.4488 per Hour for Lambda-Managed-Instances-c6a.32xlarge-Management-Hours in Asia Pacific (Mumbai)","QD5CXJRVKPF4GXKP","2026-08-01T00:00:00Z","Serverless APS3-Lambda-Managed-Instances-c6a.32xlarge-Management-Hours    $0.4488 per Hour for Lambda-Managed-Instances-c6a.32xlarge-Management-Hours in Asia Pacific (Mumbai) Hours"
"Lambda","0.0711000000","Hours","0","0","Serverless","APS3-Lambda-Managed-Instances-c8gn.2xlarge-Management-Hours","","","","$0.0711 per Hour for Lambda-Managed-Instances-c8gn.2xlarge-Management-Hours in Asia Pacific (Mumbai)","QEZAGK5SCGZPN4YX","2026-08-01T00:00:00Z","Serverless APS3-Lambda-Managed-Instances-c8gn.2xlarge-Management-Hours    $0.0711 per Hour for Lambda-Managed-Instances-c8gn.2xlarge-Management-Hours in Asia Pacific (Mumbai) Hours"
"Lambda","0.0000000352","GB-Seconds","0","0","Serverless","APS3-Lambda-Storage-GB-Second","AWS-Lambda-Storage-Duration","Invocation duration weighted by ephemeral storage assigned to function, measured in GB-s","","AWS Lambda - Ephemeral Storage - Asia Pacific (Mumbai)","QHWU5Q6JSUS532X2","2026-08-01T00:00:00Z","Serverless APS3-Lambda-Storage-GB-Second AWS-Lambda-Storage-Duration Invocation duration weighted by ephemeral storage assigned to function, measured in GB-s  AWS Lambda - Ephemeral Storage - Asia Pacific (Mumbai) GB-Seconds"
"Lambda","0.2972850000","Hours","0","0","Serverless","APS3-Lambda-Managed-Instances-r8g.12xlarge-Management-Hours","","","","$0.297285 per Hour for Lambda-Managed-Instances-r8g.12xlarge-Management-Hours in Asia Pacific (Mumbai)","QK3THRTTM4EFGW8F","2026-08-01T00:00:00Z","Serverless APS3-Lambda-Managed-Instances-r8g.12xlarge-Management-Hours    $0.297285 per Hour for Lambda-Managed-Instances-r8g.12xlarge-Management-Hours in Asia Pacific (Mumbai) Hours"
"Lambda","0.0183000000","Hours","0","0","Serverless","APS3-Lambda-Managed-Instances-m5d.large-Management-Hours","","","","$0.0183 per Hour for Lambda-Managed-Instances-m5d.large-Management-Hours in Asia Pacific (Mumbai)","QK9KR6NBVPJ6QJUP","2026-08-01T00:00:00Z","Serverless APS3-Lambda-Managed-Instances-m5d.large-Management-Hours    $0.0183 per Hour for Lambda-Managed-Instances-m5d.large-Management-Hours in Asia Pacific (Mumbai) Hours"
"Lambda","0.0000104966","Lambda-GB-Second","0","0","Serverless","APS3-Lambda-Provisioned-GB-Second","AWS-Lambda-Duration-Provisioned","Invocation duration, during provisioned period, weighted by memory assigned to function, measured in GB-s","","AWS Lambda - Total Compute (Provisioned) - Asia Pacific (Mumbai)","QKVFMCSDP4AVPEE7","2026-08-01T00:00:00Z","Serverless APS3-Lambda-Provisioned-GB-Second AWS-Lambda-Duration-Provisioned Invocation duration, during provisioned period, weighted by memory assigned to function, measured in GB-s  AWS Lambda - Total Compute (Provisioned) - Asia Pacific (Mumbai) Lambda-GB-Second"
"Lambda","0.3767550000","Hours","0","0","Serverless","APS3-Lambda-Managed-Instances-r7a.8xlarge-Management-Hours","","","","$0.376755 per Hour for Lambda-Managed-Instances-r7a.8xlarge-Management-Hours in Asia Pacific (Mumbai)","QM7DSG9QRATPNM7Q","2026-08-01T00:00:00Z","Serverless APS3-Lambda-Managed-Instances-r7a.8xlarge-Management-Hours    $0.376755 per Hour for Lambda-Managed-Instances-r7a.8xlarge-Management-Hours in Asia Pacific (Mumbai) Hours"
"Lambda","0.2700000000","GigaBytes","0","0","Serverless","APS3-Lambda-Durable-Execution-Written-Bytes","AWS-Lambda-Durable-Execution-Written-Bytes","Data written during durable executions of Durable Functions, measured in GigaBytes","","$0.27 per GigaByte for Lambda-Durable-Execution-Written-Bytes in Asia Pacific (Mumbai)","QR9UHM5EFKTUSMQG","2026-08-01T00:00:00Z","Serverless APS3-Lambda-Durable-Execution-Written-Bytes AWS-Lambda-Durable-Execution-Written-Bytes Data written during durable executions of Durable Functions, measured in GigaBytes  $0.27 per GigaByte for Lambda-Durable-Execution-Written-Bytes in Asia Pacific (Mumbai) GigaBytes"
"Lambda","0.1611000000","Hours","0","0","Serverless","APS3-Lambda-Managed-Instances-m5ad.8xlarge-Management-Hours","","","","$0.1611 per Hour for Lambda-Managed-Instances-m5ad.8xlarge-Management-Hours in Asia Pacific (Mumbai)","QTSDKEBMKFJRKFUF","2026-08-01T00:00:00Z","Serverless APS3-Lambda-Managed-Instances-m5ad.8xlarge-Management-Hours    $0.1611 per Hour for Lambda-Managed-Instances-m5ad.8xlarge-Management-Hours in Asia Pacific (Mumbai) Hours"
"Lambda","0.0294450000","Hours","0","0","Serverless","APS3-Lambda-Managed-Instances-c7g.2xlarge-Management-Hours","","","","$0.029445 per Hour for Lambda-Managed-Instances-c7g.2xlarge-Management-Hours in Asia Pacific (Mumbai)","QV82KHJQFU9RA4EK","2026-08-01T00:00:00Z","Serverless APS3-Lambda-Managed-Instances-c7g.2xlarge-Management-Hours    $0.029445 per Hour for Lambda-Managed-Instances-c7g.2xlarge-Management-Hours in Asia Pacific (Mumbai) Hours"
"Lambda","0.3987000000","Hours","0","0","Serverless","APS3-Lambda-Managed-Instances-r5ad.16xlarge-Management-Hours","","","","$0.3987 per Hour for Lambda-Managed-Instances-r5ad.16xlarge-Management-Hours in Asia Pacific (Mumbai)","QY2BGYN8HEF79SS4","2026-08-01T00:00:00Z","Serverless APS3-Lambda-Managed-Instances-r5ad.16xlarge-Management-Hours    $0.3987 per Hour for Lambda-Managed-Instances-r5ad.16xlarge-Management-Hours in Asia Pacific (Mumbai) Hours"
"Lambda","0.0080000000","Processed-Gigabytes","0","0","Serverless","APS3-Lambda-Streaming-Response-Processed-Bytes-ARM","AWS-Lambda-Processed-Bytes-ARM","Processed bytes for a streamed response from a Lambda function invocation for ARM","","$0.008 per GiB for Lambda-Streaming-Response-Processed-Bytes-ARM in Asia Pacific (Mumbai)","QY86472AJ63KPC55","2026-08-01T00:00:00Z","Serverless APS3-Lambda-Streaming-Response-Processed-Bytes-ARM AWS-Lambda-Processed-Bytes-ARM Processed bytes for a streamed response from a Lambda function invocation for ARM  $0.008 per GiB for Lambda-Streaming-Response-Processed-Bytes-ARM in Asia Pacific (Mumbai) Processed-Gigabytes"
"Lambda","0.0097500000","Hours","0","0","Serverless","APS3-Lambda-Managed-Instances-r6g.large-Management-Hours","","","","$0.00975 per Hour for Lambda-Managed-Instances-r6g.large-Management-Hours in Asia Pacific (Mumbai)","R23AYKKMUAUM2PVF","2026-08-01T00:00:00Z","Serverless APS3-Lambda-Managed-Instances-r6g.large-Management-Hours    $0.00975 per Hour for Lambda-Managed-Instances-r6g.large-Management-Hours in Asia Pacific (Mumbai) Hours"
"Lambda","0.1943250000","Hours","0","0","Serverless","APS3-Lambda-Managed-Instances-c8g.12xlarge-Management-Hours","","","","$0.194325 per Hour for Lambda-Managed-Instances-c8g.12xlarge-Management-Hours in Asia Pacific (Mumbai)","R4DQWJWKBKQZYXTA","2026-08-01T00:00:00Z","Serverless APS3-Lambda-Managed-Instances-c8g.12xlarge-Management-Hours    $0.194325 per Hour for Lambda-Managed-Instances-c8g.12xlarge-Management-Hours in Asia Pacific (Mumbai) Hours"
"Lambda","0.6552000000","Hours","0","0","Serverless","APS3-Lambda-Managed-Instances-r7i.16xlarge-Management-Hours","","","","$0.6552 per Hour for Lambda-Managed-Instances-r7i.16xlarge-Management-Hours in Asia Pacific (Mumbai)","R5A7X3ZZUNQJMSBU","2026-08-01T00:00:00Z","Serverless APS3-Lambda-Managed-Instances-r7i.16xlarge-Management-Hours    $0.6552 per Hour for Lambda-Managed-Instances-r7i.16xlarge-Management-Hours in Asia Pacific (Mumbai) Hours"
"Lambda","0.3220500000","Hours","0","0","Serverless","APS3-Lambda-Managed-Instances-m5ad.16xlarge-Management-Hours","","","","$0.32205 per Hour for Lambda-Managed-Instances-m5ad.16xlarge-Management-Hours in Asia Pacific (Mumbai)","R73T2DQX8YA7BJTB","2026-08-01T00:00:00Z","Serverless APS3-Lambda-Managed-Instances-m5ad.16xlarge-Management-Hours    $0.32205 per Hour for Lambda-Managed-Instances-m5ad.16xlarge-Management-Hours in Asia Pacific (Mumbai) Hours"
"Lambda","0.0201000000","Hours","0","0","Serverless","APS3-Lambda-Managed-Instances-m5ad.xlarge-Management-Hours","","","","$0.0201 per Hour for Lambda-Managed-Instances-m5ad.xlarge-Management-Hours in Asia Pacific (Mumbai)","R9RTZ5NF3BEYBRTS","2026-08-01T00:00:00Z","Serverless APS3-Lambda-Managed-Instances-m5ad.xlarge-Management-Hours    $0.0201 per Hour for Lambda-Managed-Instances-m5ad.xlarge-Management-Hours in Asia Pacific (Mumbai) Hours"
"Lambda","0.0195000000","Hours","0","0","Serverless","APS3-Lambda-Managed-Instances-r6g.xlarge-Management-Hours","","","","$0.0195 per Hour for Lambda-Managed-Instances-r6g.xlarge-Management-Hours in Asia Pacific (Mumbai)","REPSSTNNJQ8D9Q48","2026-08-01T00:00:00Z","Serverless APS3-Lambda-Managed-Instances-r6g.xlarge-Management-Hours    $0.0195 per Hour for Lambda-Managed-Instances-r6g.xlarge-Management-Hours in Asia Pacific (Mumbai) Hours"
"Lambda","0.0819000000","Hours","0","0","Serverless","APS3-Lambda-Managed-Instances-r7i.2xlarge-Management-Hours","","","","$0.0819 per Hour for Lambda-Managed-Instances-r7i.2xlarge-Management-Hours in Asia Pacific (Mumbai)","RH3P3SPBJGBS3K8A","2026-08-01T00:00:00Z","Serverless APS3-Lambda-Managed-Instances-r7i.2xlarge-Management-Hours    $0.0819 per Hour for Lambda-Managed-Instances-r7i.2xlarge-Management-Hours in Asia Pacific (Mumbai) Hours"
"Lambda","0.6148800000","Hours","0","0","Serverless","APS3-Lambda-Managed-Instances-m6id.16xlarge-Management-Hours","","","","$0.61488 per Hour for Lambda-Managed-Instances-m6id.16xlarge-Management-Hours in Asia Pacific (Mumbai)","RNMCT95QR9DBF228","2026-08-01T00:00:00Z","Serverless APS3-Lambda-Managed-Instances-m6id.16xlarge-Management-Hours    $0.61488 per Hour for Lambda-Managed-Instances-m6id.16xlarge-Management-Hours in Asia Pacific (Mumbai) Hours"
"Lambda","0.3060000000","Hours","0","0","Serverless","APS3-Lambda-Managed-Instances-c5.12xlarge-Management-Hours","","","","$0.306 per Hour for Lambda-Managed-Instances-c5.12xlarge-Management-Hours in Asia Pacific (Mumbai)","RNPFZFQDC52F7R3E","2026-08-01T00:00:00Z","Serverless APS3-Lambda-Managed-Instances-c5.12xlarge-Management-Hours    $0.306 per Hour for Lambda-Managed-Instances-c5.12xlarge-Management-Hours in Asia Pacific (Mumbai) Hours"
"Lambda","0.1333200000","Hours","0","0","Serverless","APS3-Lambda-Managed-Instances-m6a.8xlarge-Management-Hours","","","","$0.13332 per Hour for Lambda-Managed-Instances-m6a.8xlarge-Management-Hours in Asia Pacific (Mumbai)","RP8HU5N9H6NPR5BD","2026-08-01T00:00:00Z","Serverless APS3-Lambda-Managed-Instances-m6a.8xlarge-Management-Hours    $0.13332 per Hour for Lambda-Managed-Instances-m6a.8xlarge-Management-Hours in Asia Pacific (Mumbai) Hours"
"Lambda","0.1212000000","Hours","0","0","Serverless","APS3-Lambda-Managed-Instances-m6i.4xlarge-Management-Hours","","","","$0.1212 per Hour for Lambda-Managed-Instances-m6i.4xlarge-Management-Hours in Asia Pacific (Mumbai)","RRP3VM2JRN6DGVTU","2026-08-01T00:00:00Z","Serverless APS3-Lambda-Managed-Instances-m6i.4xlarge-Management-Hours    $0.1212 per Hour for Lambda-Managed-Instances-m6i.4xlarge-Management-Hours in Asia Pacific (Mumbai) Hours"
"Lambda","0.4176000000","Hours","0","0","Serverless","APS3-Lambda-Managed-Instances-r5dn.8xlarge-Management-Hours","","","","$0.4176 per Hour for Lambda-Managed-Instances-r5dn.8xlarge-Management-Hours in Asia Pacific (Mumbai)","RRUHX4ESR97CNP2P","2026-08-01T00:00:00Z","Serverless APS3-Lambda-Managed-Instances-r5dn.8xlarge-Management-Hours    $0.4176 per Hour for Lambda-Managed-Instances-r5dn.8xlarge-Management-Hours in Asia Pacific (Mumbai) Hours"
"Lambda","0.7612800000","Hours","0","0","Serverless","APS3-Lambda-Managed-Instances-r6id.16xlarge-Management-Hours","","","","$0.76128 per Hour for Lambda-Managed-Instances-r6id.16xlarge-Management-Hours in Asia Pacific (Mumbai)","RT3NFTSWU2FBKA5B","2026-08-01T00:00:00Z","Serverless APS3-Lambda-Managed-Instances-r6id.16xlarge-Management-Hours    $0.76128 per Hour for Lambda-Managed-Instances-r6id.16xlarge-Management-Hours in Asia Pacific (Mumbai) Hours"
"Lambda","0.1128000000","Hours","0","0","Serverless","APS3-Lambda-Managed-Instances-c5a.8xlarge-Management-Hours","","","","$0.1128 per Hour for Lambda-Managed-Instances-c5a.8xlarge-Management-Hours in Asia Pacific (Mumbai)","RUVU6Z67KXH9EZN6","2026-08-01T00:00:00Z","Serverless APS3-Lambda-Managed-Instances-c5a.8xlarge-Management-Hours    $0.1128 per Hour for Lambda-Managed-Instances-c5a.8xlarge-Management-Hours in Asia Pacific (Mumbai) Hours"
"Lambda","0.1793700000","Hours","0","0","Serverless","APS3-Lambda-Managed-Instances-r6gd.8xlarge-Management-Hours","","","","$0.17937 per Hour for Lambda-Managed-Instances-r6gd.8xlarge-Management-Hours in Asia Pacific (Mumbai)","RWVXPFYQK45KUH3J","2026-08-01T00:00:00Z","Serverless APS3-Lambda-Managed-Instances-r6gd.8xlarge-Management-Hours    $0.17937 per Hour for Lambda-Managed-Instances-r6gd.8xlarge-Management-Hours in Asia Pacific (Mumbai) Hours"
"Lambda","0.0151500000","Hours","0","0","Serverless","APS3-Lambda-Managed-Instances-m6i.large-Management-Hours","","","","$0.01515 per Hour for Lambda-Managed-Instances-m6i.large-Management-Hours in Asia Pacific (Mumbai)","RX9KBFFF58C2TJSU","2026-08-01T00:00:00Z","Serverless APS3-Lambda-Managed-Instances-m6i.large-Management-Hours    $0.01515 per Hour for Lambda-Managed-Instances-m6i.large-Management-Hours in Asia Pacific (Mumbai) Hours"
"Lambda","0.6107400000","Hours","0","0","Serverless","APS3-Lambda-Managed-Instances-m6idn.12xlarge-Management-Hours","","","","$0.61074 per Hour for Lambda-Managed-Instances-m6idn.12xlarge-Management-Hours in Asia Pacific (Mumbai)","RY4V2RF7DNXGSA25","2026-08-01T00:00:00Z","Serverless APS3-Lambda-Managed-Instances-m6idn.12xlarge-Management-Hours    $0.61074 per Hour for Lambda-Managed-Instances-m6idn.12xlarge-Management-Hours in Asia Pacific (Mumbai) Hours"
"Lambda","0.0000002000","Requests","0","0","Serverless","APS3-Request-ARM","AWS-Lambda-Requests-ARM","Invocation call for a Lambda function for ARM","","AWS Lambda - Total Requests for ARM - Asia Pacific (Mumbai)","RYFSQRRXQ4R9CK7A","2026-08-01T00:00:00Z","Serverless APS3-Request-ARM AWS-Lambda-Requests-ARM Invocation call for a Lambda function for ARM  AWS Lambda - Total Requests for ARM - Asia Pacific (Mumbai) Requests"
"Lambda","0.0384900000","Hours","0","0","Serverless","APS3-Lambda-Managed-Instances-m8g.2xlarge-Management-Hours","","","","$0.03849 per Hour for Lambda-Managed-Instances-m8g.2xlarge-Management-Hours in Asia Pacific (Mumbai)","RYMA7QG329NEE6C9","2026-08-01T00:00:00Z","Serverless APS3-Lambda-Managed-Instances-m8g.2xlarge-Management-Hours    $0.03849 per Hour for Lambda-Managed-Instances-m8g.2xlarge-Management-Hours in Asia Pacific (Mumbai) Hours"
"Lambda","0.9223200000","Hours","0","0","Serverless","APS3-Lambda-Managed-Instances-m6id.24xlarge-Management-Hours","","","","$0.92232 per Hour for Lambda-Managed-Instances-m6id.24xlarge-Management-Hours in Asia Pacific (Mumbai)","S25QQ34WQC3C6WTV","2026-08-01T00:00:00Z","Serverless APS3-Lambda-Managed-Instances-m6id.24xlarge-Management-Hours    $0.92232 per Hour for Lambda-Managed-Instances-m6id.24xlarge-Management-Hours in Asia Pacific (Mumbai) Hours"
"Lambda","0.0087450000","Hours","0","0","Serverless","APS3-Lambda-Managed-Instances-m7g.large-Management-Hours","","","","$0.008745 per Hour for Lambda-Managed-Instances-m7g.large-Management-Hours in Asia Pacific (Mumbai)","S6WEZGXZTGSD9S99","2026-08-01T00:00:00Z","Serverless APS3-Lambda-Managed-Instances-m7g.large-Management-Hours    $0.008745 per Hour for Lambda-Managed-Instances-m7g.large-Management-Hours in Asia Pacific (Mumbai) Hours"
"Lambda","0.1560000000","Hours","0","0","Serverless","APS3-Lambda-Managed-Instances-r6i.4xlarge-Management-Hours","","","","$0.156 per Hour for Lambda-Managed-Instances-r6i.4xlarge-Management-Hours in Asia Pacific (Mumbai)","SEK4H73P8DFGVE63","2026-08-01T00:00:00Z","Serverless APS3-Lambda-Managed-Instances-r6i.4xlarge-Management-Hours    $0.156 per Hour for Lambda-Managed-Instances-r6i.4xlarge-Management-Hours in Asia Pacific (Mumbai) Hours"
"Lambda","0.5709600000","Hours","0","0","Serverless","APS3-Lambda-Managed-Instances-r6id.12xlarge-Management-Hours","","","","$0.57096 per Hour for Lambda-Managed-Instances-r6id.12xlarge-Management-Hours in Asia Pacific (Mumbai)","SJYK98EBRQCYT2G6","2026-08-01T00:00:00Z","Serverless APS3-Lambda-Managed-Instances-r6id.12xlarge-Management-Hours    $0.57096 per Hour for Lambda-Managed-Instances-r6id.12xlarge-Management-Hours in Asia Pacific (Mumbai) Hours"
"Lambda","0.4224000000","Hours","0","0","Serverless","APS3-Lambda-Managed-Instances-r7gd.16xlarge-Management-Hours","","","","$0.4224 per Hour for Lambda-Managed-Instances-r7gd.16xlarge-Management-Hours in Asia Pacific (Mumbai)","SKGNNYGMEYJBUJK3","2026-08-01T00:00:00Z","Serverless APS3-Lambda-Managed-Instances-r7gd.16xlarge-Management-Hours    $0.4224 per Hour for Lambda-Managed-Instances-r7gd.16xlarge-Management-Hours in Asia Pacific (Mumbai) Hours"
"Lambda","1.5271200000","Hours","0","0","Serverless","APS3-Lambda-Managed-Instances-m7i.48xlarge-Management-Hours","","","","$1.52712 per Hour for Lambda-Managed-Instances-m7i.48xlarge-Management-Hours in Asia Pacific (Mumbai)","SNH76EW8P3P7JUUV","2026-08-01T00:00:00Z","Serverless APS3-Lambda-Managed-Instances-m7i.48xlarge-Management-Hours    $1.52712 per Hour for Lambda-Managed-Instances-m7i.48xlarge-Management-Hours in Asia Pacific (Mumbai) Hours"
"Lambda","0.0001666670","GB","0","0","Serverless","APS3-Lambda-Tenant-Isolated-Environment-Memory-GB","AWS-Lambda-Tenant-Isolated-Environment-Memory-GB","Tenant isolated execution environments weighted by memory assigned to function","","$0.000166667 per GB for Lambda-Tenant-Isolated-Environment-Memory-GB in Asia Pacific (Mumbai)","SNYB3RFCRDHE5F6X","2026-08-01T00:00:00Z","Serverless APS3-Lambda-Tenant-Isolated-Environment-Memory-GB AWS-Lambda-Tenant-Isolated-Environment-Memory-GB Tenant isolated execution environments weighted by memory assigned to function  $0.000166667 per GB for Lambda-Tenant-Isolated-Environment-Memory-GB in Asia Pacific (Mumbai) GB"
"Lambda","0.5945700000","Hours","0","0","Serverless","APS3-Lambda-Managed-Instances-r8g.24xlarge-Management-Hours","","","","$0.59457 per Hour for Lambda-Managed-Instances-r8g.24xlarge-Management-Hours in Asia Pacific (Mumbai)","SPXNDYWNSRVQ2E6V","2026-08-01T00:00:00Z","Serverless APS3-Lambda-Managed-Instances-r8g.24xlarge-Management-Hours    $0.59457 per Hour for Lambda-Managed-Instances-r8g.24xlarge-Management-Hours in Asia Pacific (Mumbai) Hours"
"Lambda","0.5090400000","Hours","0","0","Serverless","APS3-Lambda-Managed-Instances-m7i.16xlarge-Management-Hours","","","","$0.50904 per Hour for Lambda-Managed-Instances-m7i.16xlarge-Management-Hours in Asia Pacific (Mumbai)","SQ3Z3BPQZAND33JJ","2026-08-01T00:00:00Z","Serverless APS3-Lambda-Managed-Instances-m7i.16xlarge-Management-Hours    $0.50904 per Hour for Lambda-Managed-Instances-m7i.16xlarge-Management-Hours in Asia Pacific (Mumbai) Hours"
"Lambda","0.0769950000","Hours","0","0","Serverless","APS3-Lambda-Managed-Instances-m8g.4xlarge-Management-Hours","","","","$0.076995 per Hour for Lambda-Managed-Instances-m8g.4xlarge-Management-Hours in Asia Pacific (Mumbai)","SSYGVFN5VXV7EUGN","2026-08-01T00:00:00Z","Serverless APS3-Lambda-Managed-Instances-m8g.4xlarge-Management-Hours    $0.076995 per Hour for Lambda-Managed-Instances-m8g.4xlarge-Management-Hours in Asia Pacific (Mumbai) Hours"
"Lambda","0.0606000000","Hours","0","0","Serverless","APS3-Lambda-Managed-Instances-m5.2xlarge-Management-Hours","","","","$0.0606 per Hour for Lambda-Managed-Instances-m5.2xlarge-Management-Hours in Asia Pacific (Mumbai)","SZKZM4Y4XA287NJE","2026-08-01T00:00:00Z","Serverless APS3-Lambda-Managed-Instances-m5.2xlarge-Management-Hours    $0.0606 per Hour for Lambda-Managed-Instances-m5.2xlarge-Management-Hours in Asia Pacific (Mumbai) Hours"
"Lambda","0.0564000000","Hours","0","0","Serverless","APS3-Lambda-Managed-Instances-c5a.4xlarge-Management-Hours","","","","$0.0564 per Hour for Lambda-Managed-Instances-c5a.4xlarge-Management-Hours in Asia Pacific (Mumbai)","T2HJJ385P35EDGDH","2026-08-01T00:00:00Z","Serverless APS3-Lambda-Managed-Instances-c5a.4xlarge-Management-Hours    $0.0564 per Hour for Lambda-Managed-Instances-c5a.4xlarge-Management-Hours in Asia Pacific (Mumbai) Hours"
"Lambda","1.0296000000","Hours","0","0","Serverless","APS3-Lambda-Managed-Instances-r6a.48xlarge-Management-Hours","","","","$1.0296 per Hour for Lambda-Managed-Instances-r6a.48xlarge-Management-Hours in Asia Pacific (Mumbai)","T6BVUBRHK82ESFRF","2026-08-01T00:00:00Z","Serverless APS3-Lambda-Managed-Instances-r6a.48xlarge-Management-Hours    $1.0296 per Hour for Lambda-Managed-Instances-r6a.48xlarge-Management-Hours in Asia Pacific (Mumbai) Hours"
"Lambda","0.0510000000","Hours","0","0","Serverless","APS3-Lambda-Managed-Instances-c5.2xlarge-Management-Hours","","","","$0.051 per Hour for Lambda-Managed-Instances-c5.2xlarge-Management-Hours in Asia Pacific (Mumbai)","T7DRS9V6N6EJDEWA","2026-08-01T00:00:00Z","Serverless APS3-Lambda-Managed-Instances-c5.2xlarge-Management-Hours    $0.051 per Hour for Lambda-Managed-Instances-c5.2xlarge-Management-Hours in Asia Pacific (Mumbai) Hours"
"Lambda","0.3120000000","Hours","0","0","Serverless","APS3-Lambda-Managed-Instances-r6i.8xlarge-Management-Hours","","","","$0.312 per Hour for Lambda-Managed-Instances-r6i.8xlarge-Management-Hours in Asia Pacific (Mumbai)","T7RA8JNYRBFEA7MH","2026-08-01T00:00:00Z","Serverless APS3-Lambda-Managed-Instances-r6i.8xlarge-Management-Hours    $0.312 per Hour for Lambda-Managed-Instances-r6i.8xlarge-Management-Hours in Asia Pacific (Mumbai) Hours"
"Lambda","0.0896850000","Hours","0","0","Serverless","APS3-Lambda-Managed-Instances-r6gd.4xlarge-Management-Hours","","","","$0.089685 per Hour for Lambda-Managed-Instances-r6gd.4xlarge-Management-Hours in Asia Pacific (Mumbai)","T8S8V65J5BT4QNKW","2026-08-01T00:00:00Z","Serverless APS3-Lambda-Managed-Instances-r6gd.4xlarge-Management-Hours    $0.089685 per Hour for Lambda-Managed-Instances-r6gd.4xlarge-Management-Hours in Asia Pacific (Mumbai) Hours"
"Lambda","0.2690700000","Hours","0","0","Serverless","APS3-Lambda-Managed-Instances-r6gd.12xlarge-Management-Hours","","","","$0.26907 per Hour for Lambda-Managed-Instances-r6gd.12xlarge-Management-Hours in Asia Pacific (Mumbai)","TAJ48XDDW28B5KS4","2026-08-01T00:00:00Z","Serverless APS3-Lambda-Managed-Instances-r6gd.12xlarge-Management-Hours    $0.26907 per Hour for Lambda-Managed-Instances-r6gd.12xlarge-Management-Hours in Asia Pacific (Mumbai) Hours"
"Lambda","0.0390000000","Hours","0","0","Serverless","APS3-Lambda-Managed-Instances-r5.xlarge-Management-Hours","","","","$0.039 per Hour for Lambda-Managed-Instances-r5.xlarge-Management-Hours in Asia Pacific (Mumbai)","TD4ZUM72QAFDZURT","2026-08-01T00:00:00Z","Serverless APS3-Lambda-Managed-Instances-r5.xlarge-Management-Hours    $0.039 per Hour for Lambda-Managed-Instances-r5.xlarge-Management-Hours in Asia Pacific (Mumbai) Hours"
"Lambda","0.5832000000","Hours","0","0","Serverless","APS3-Lambda-Managed-Instances-c5n.18xlarge-Management-Hours","","","","$0.5832 per Hour for Lambda-Managed-Instances-c5n.18xlarge-Management-Hours in Asia Pacific (Mumbai)","TD6QSPEGWUETVUY9","2026-08-01T00:00:00Z","Serverless APS3-Lambda-Managed-Instances-c5n.18xlarge-Management-Hours    $0.5832 per Hour for Lambda-Managed-Instances-c5n.18xlarge-Management-Hours in Asia Pacific (Mumbai) Hours"
"Lambda","0.0941850000","Hours","0","0","Serverless","APS3-Lambda-Managed-Instances-r7a.2xlarge-Management-Hours","","","","$0.094185 per Hour for Lambda-Managed-Instances-r7a.2xlarge-Management-Hours in Asia Pacific (Mumbai)","TF9FZ5TPENGQJ624","2026-08-01T00:00:00Z","Serverless APS3-Lambda-Managed-Instances-r7a.2xlarge-Management-Hours    $0.094185 per Hour for Lambda-Managed-Instances-r7a.2xlarge-Management-Hours in Asia Pacific (Mumbai) Hours"
"Lambda","0.0097000000","Event-Poller-Unit-Hours","0","0","Serverless","APS3-Lambda-SQS-Event-Poller-Unit-Hour","AWS-Lambda-SQS-Event-Poller-Unit-Duration","Duration weighted by Event Poller Units consumed by Provisioned mode for SQS ESM, measured in Event-Poller-Unit-Hours","","$0.0097 per Event-Poller-Unit-Hour for Lambda-SQS-Event-Poller-Unit-Hour in Asia Pacific (Mumbai)","TFE554P2JZNCGT5E","2026-08-01T00:00:00Z","Serverless APS3-Lambda-SQS-Event-Poller-Unit-Hour AWS-Lambda-SQS-Event-Poller-Unit-Duration Duration weighted by Event Poller Units consumed by Provisioned mode for SQS ESM, measured in Event-Poller-Unit-Hours  $0.0097 per Event-Poller-Unit-Hour for Lambda-SQS-Event-Poller-Unit-Hour in Asia Pacific (Mumbai) Event-Poller-Unit-Hours"
"Lambda","0.2352000000","Hours","0","0","Serverless","APS3-Lambda-Managed-Instances-c6gd.16xlarge-Management-Hours","","","","$0.2352 per Hour for Lambda-Managed-Instances-c6gd.16xlarge-Management-Hours in Asia Pacific (Mumbai)","TSY836ZQFTXZQHRH","2026-08-01T00:00:00Z","Serverless APS3-Lambda-Managed-Instances-c6gd.16xlarge-Management-Hours    $0.2352 per Hour for Lambda-Managed-Instances-c6gd.16xlarge-Management-Hours in Asia Pacific (Mumbai) Hours"
"Lambda","0.5443200000","Hours","0","0","Serverless","APS3-Lambda-Managed-Instances-c6in.16xlarge-Management-Hours","","","","$0.54432 per Hour for Lambda-Managed-Instances-c6in.16xlarge-Management-Hours in Asia Pacific (Mumbai)","TVSK395KFKP6M4XD","2026-08-01T00:00:00Z","Serverless APS3-Lambda-Managed-Instances-c6in.16xlarge-Management-Hours    $0.54432 per Hour for Lambda-Managed-Instances-c6in.16xlarge-Management-Hours in Asia Pacific (Mumbai) Hours"
"Lambda","0.0724800000","Hours","0","0","Serverless","APS3-Lambda-Managed-Instances-m6gd.4xlarge-Management-Hours","","","","$0.07248 per Hour for Lambda-Managed-Instances-m6gd.4xlarge-Management-Hours in Asia Pacific (Mumbai)","TZWKUQ6RG7QT5JES","2026-08-01T00:00:00Z","Serverless APS3-Lambda-Managed-Instances-m6gd.4xlarge-Management-Hours    $0.07248 per Hour for Lambda-Managed-Instances-m6gd.4xlarge-Management-Hours in Asia Pacific (Mumbai) Hours"
"Lambda","0.3366000000","Hours","0","0","Serverless","APS3-Lambda-Managed-Instances-c6a.24xlarge-Management-Hours","","","","$0.3366 per Hour for Lambda-Managed-Instances-c6a.24xlarge-Management-Hours in Asia Pacific (Mumbai)","U4QP5X87Q2DZEVN7","2026-08-01T00:00:00Z","Serverless APS3-Lambda-Managed-Instances-c6a.24xlarge-Management-Hours    $0.3366 per Hour for Lambda-Managed-Instances-c6a.24xlarge-Management-Hours in Asia Pacific (Mumbai) Hours"
"Lambda","0.1836000000","Hours","0","0","Serverless","APS3-Lambda-Managed-Instances-r5n.4xlarge-Management-Hours","","","","$0.1836 per Hour for Lambda-Managed-Instances-r5n.4xlarge-Management-Hours in Asia Pacific (Mumbai)","U4YUM2PSRPB28BP6","2026-08-01T00:00:00Z","Serverless APS3-Lambda-Managed-Instances-r5n.4xlarge-Management-Hours    $0.1836 per Hour for Lambda-Managed-Instances-r5n.4xlarge-Management-Hours in Asia Pacific (Mumbai) Hours"
"Lambda","0.0588000000","Hours","0","0","Serverless","APS3-Lambda-Managed-Instances-c6gd.4xlarge-Management-Hours","","","","$0.0588 per Hour for Lambda-Managed-Instances-c6gd.4xlarge-Management-Hours in Asia Pacific (Mumbai)","U5UBVDVUS4M2WAYV","2026-08-01T00:00:00Z","Serverless APS3-Lambda-Managed-Instances-c6gd.4xlarge-Management-Hours    $0.0588 per Hour for Lambda-Managed-Instances-c6gd.4xlarge-Management-Hours in Asia Pacific (Mumbai) Hours"
"Lambda","0.7248000000","Hours","0","0","Serverless","APS3-Lambda-Managed-Instances-r5d.16xlarge-Management-Hours","","","","$0.7248 per Hour for Lambda-Managed-Instances-r5d.16xlarge-Management-Hours in Asia Pacific (Mumbai)","U6K28MH2PPB8PDN3","2026-08-01T00:00:00Z","Serverless APS3-Lambda-Managed-Instances-r5d.16xlarge-Management-Hours    $0.7248 per Hour for Lambda-Managed-Instances-r5d.16xlarge-Management-Hours in Asia Pacific (Mumbai) Hours"
"Lambda","0.0151800000","Hours","0","0","Serverless","APS3-Lambda-Managed-Instances-m6g.xlarge-Management-Hours","","","","$0.01518 per Hour for Lambda-Managed-Instances-m6g.xlarge-Management-Hours in Asia Pacific (Mumbai)","U96SWM4BVQJ6P49U","2026-08-01T00:00:00Z","Serverless APS3-Lambda-Managed-Instances-m6g.xlarge-Management-Hours    $0.01518 per Hour for Lambda-Managed-Instances-m6g.xlarge-Management-Hours in Asia Pacific (Mumbai) Hours"
"Lambda","1.2297600000","Hours","0","0","Serverless","APS3-Lambda-Managed-Instances-m6id.32xlarge-Management-Hours","","","","$1.22976 per Hour for Lambda-Managed-Instances-m6id.32xlarge-Management-Hours in Asia Pacific (Mumbai)","UF8A5UC9N58NUBPT","2026-08-01T00:00:00Z","Serverless APS3-Lambda-Managed-Instances-m6id.32xlarge-Management-Hours    $1.22976 per Hour for Lambda-Managed-Instances-m6id.32xlarge-Management-Hours in Asia Pacific (Mumbai) Hours"
"Lambda","0.1464000000","Hours","0","0","Serverless","APS3-Lambda-Managed-Instances-m5d.4xlarge-Management-Hours","","","","$0.1464 per Hour for Lambda-Managed-Instances-m5d.4xlarge-Management-Hours in Asia Pacific (Mumbai)","UGUJDUQ5QCFXPJKB","2026-08-01T00:00:00Z","Serverless APS3-Lambda-Managed-Instances-m5d.4xlarge-Management-Hours    $0.1464 per Hour for Lambda-Managed-Instances-m5d.4xlarge-Management-Hours in Asia Pacific (Mumbai) Hours"
"Lambda","0.3672000000","Hours","0","0","Serverless","APS3-Lambda-Managed-Instances-r5n.8xlarge-Management-Hours","","","","$0.3672 per Hour for Lambda-Managed-Instances-r5n.8xlarge-Management-Hours in Asia Pacific (Mumbai)","UKMJC4R8SN56FVCV","2026-08-01T00:00:00Z","Serverless APS3-Lambda-Managed-Instances-r5n.8xlarge-Management-Hours    $0.3672 per Hour for Lambda-Managed-Instances-r5n.8xlarge-Management-Hours in Asia Pacific (Mumbai) Hours"
"Lambda","0.4680000000","Hours","0","0","Serverless","APS3-Lambda-Managed-Instances-r5.12xlarge-Management-Hours","","","","$0.468 per Hour for Lambda-Managed-Instances-r5.12xlarge-Management-Hours in Asia Pacific (Mumbai)","UR5793ZAE2NAEYRQ","2026-08-01T00:00:00Z","Serverless APS3-Lambda-Managed-Instances-r5.12xlarge-Management-Hours    $0.468 per Hour for Lambda-Managed-Instances-r5.12xlarge-Management-Hours in Asia Pacific (Mumbai) Hours"
"Lambda","0.3817800000","Hours","0","0","Serverless","APS3-Lambda-Managed-Instances-m7i.12xlarge-Management-Hours","","","","$0.38178 per Hour for Lambda-Managed-Instances-m7i.12xlarge-Management-Hours in Asia Pacific (Mumbai)","UR9CEWJ6REAWC886","2026-08-01T00:00:00Z","Serverless APS3-Lambda-Managed-Instances-m7i.12xlarge-Management-Hours    $0.38178 per Hour for Lambda-Managed-Instances-m7i.12xlarge-Management-Hours in Asia Pacific (Mumbai) Hours"
"Lambda","0.7272000000","Hours","0","0","Serverless","APS3-Lambda-Managed-Instances-m6i.24xlarge-Management-Hours","","","","$0.7272 per Hour for Lambda-Managed-Instances-m6i.24xlarge-Management-Hours in Asia Pacific (Mumbai)","URRX2C4EV2RMS73T","2026-08-01T00:00:00Z","Serverless APS3-Lambda-Managed-Instances-m6i.24xlarge-Management-Hours    $0.7272 per Hour for Lambda-Managed-Instances-m6i.24xlarge-Management-Hours in Asia Pacific (Mumbai) Hours"
"Lambda","0.3999000000","Hours","0","0","Serverless","APS3-Lambda-Managed-Instances-m5a.24xlarge-Management-Hours","","","","$0.3999 per Hour for Lambda-Managed-Instances-m5a.24xlarge-Management-Hours in Asia Pacific (Mumbai)","UV3EVMZAYT2STJRY","2026-08-01T00:00:00Z","Serverless APS3-Lambda-Managed-Instances-m5a.24xlarge-Management-Hours    $0.3999 per Hour for Lambda-Managed-Instances-m5a.24xlarge-Management-Hours in Asia Pacific (Mumbai) Hours"
"Lambda","0.2667000000","Hours","0","0","Serverless","APS3-Lambda-Managed-Instances-m5a.16xlarge-Management-Hours","","","","$0.2667 per Hour for Lambda-Managed-Instances-m5a.16xlarge-Management-Hours in Asia Pacific (Mumbai)","UV6EKAPZYAZCMQ9N","2026-08-01T00:00:00Z","Serverless APS3-Lambda-Managed-Instances-m5a.16xlarge-Management-Hours    $0.2667 per Hour for Lambda-Managed-Instances-m5a.16xlarge-Management-Hours in Asia Pacific (Mumbai) Hours"
"Lambda","0.0528000000","Hours","0","0","Serverless","APS3-Lambda-Managed-Instances-r7gd.2xlarge-Management-Hours","","","","$0.0528 per Hour for Lambda-Managed-Instances-r7gd.2xlarge-Management-Hours in Asia Pacific (Mumbai)","UVY3MRJMTGKYWMH5","2026-08-01T00:00:00Z","Serverless APS3-Lambda-Managed-Instances-r7gd.2xlarge-Management-Hours    $0.0528 per Hour for Lambda-Managed-Instances-r7gd.2xlarge-Management-Hours in Asia Pacific (Mumbai) Hours"
"Lambda","0.0132000000","Hours","0","0","Serverless","APS3-Lambda-Managed-Instances-r7gd.large-Management-Hours","","","","$0.0132 per Hour for Lambda-Managed-Instances-r7gd.large-Management-Hours in Asia Pacific (Mumbai)","V49Y3F6WMB66TM9K","2026-08-01T00:00:00Z","Serverless APS3-Lambda-Managed-Instances-r7gd.large-Management-Hours    $0.0132 per Hour for Lambda-Managed-Instances-r7gd.large-Management-Hours in Asia Pacific (Mumbai) Hours"
"Lambda","0.1449600000","Hours","0","0","Serverless","APS3-Lambda-Managed-Instances-m6gd.8xlarge-Management-Hours","","","","$0.14496 per Hour for Lambda-Managed-Instances-m6gd.8xlarge-Management-Hours in Asia Pacific (Mumbai)","V99CVXSANHUARRS7","2026-08-01T00:00:00Z","Serverless APS3-Lambda-Managed-Instances-m6gd.8xlarge-Management-Hours    $0.14496 per Hour for Lambda-Managed-Instances-m6gd.8xlarge-Management-Hours in Asia Pacific (Mumbai) Hours"
"Lambda","0.2295000000","Hours","0","0","Serverless","APS3-Lambda-Managed-Instances-c5.9xlarge-Management-Hours","","","","$0.2295 per Hour for Lambda-Managed-Instances-c5.9xlarge-Management-Hours in Asia Pacific (Mumbai)","VBJGQ6YQSW4HXDEM","2026-08-01T00:00:00Z","Serverless APS3-Lambda-Managed-Instances-c5.9xlarge-Management-Hours    $0.2295 per Hour for Lambda-Managed-Instances-c5.9xlarge-Management-Hours in Asia Pacific (Mumbai) Hours"
"Lambda","0.5346000000","Hours","0","0","Serverless","APS3-Lambda-Managed-Instances-c5d.18xlarge-Management-Hours","","","","$0.5346 per Hour for Lambda-Managed-Instances-c5d.18xlarge-Management-Hours in Asia Pacific (Mumbai)","VCM6QSWGG8CP2HF9","2026-08-01T00:00:00Z","Serverless APS3-Lambda-Managed-Instances-c5d.18xlarge-Management-Hours    $0.5346 per Hour for Lambda-Managed-Instances-c5d.18xlarge-Management-Hours in Asia Pacific (Mumbai) Hours"
"Lambda","0.3742200000","Hours","0","0","Serverless","APS3-Lambda-Managed-Instances-c6id.12xlarge-Management-Hours","","","","$0.37422 per Hour for Lambda-Managed-Instances-c6id.12xlarge-Management-Hours in Asia Pacific (Mumbai)","VD38SY9XZW64EEZU","2026-08-01T00:00:00Z","Serverless APS3-Lambda-Managed-Instances-c6id.12xlarge-Management-Hours    $0.37422 per Hour for Lambda-Managed-Instances-c6id.12xlarge-Management-Hours in Asia Pacific (Mumbai) Hours"
"Lambda","0.3408000000","Hours","0","0","Serverless","APS3-Lambda-Managed-Instances-m7gd.16xlarge-Management-Hours","","","","$0.3408 per Hour for Lambda-Managed-Instances-m7gd.16xlarge-Management-Hours in Asia Pacific (Mumbai)","VF29ZHZW56S9U2FJ","2026-08-01T00:00:00Z","Serverless APS3-Lambda-Managed-Instances-m7gd.16xlarge-Management-Hours    $0.3408 per Hour for Lambda-Managed-Instances-m7gd.16xlarge-Management-Hours in Asia Pacific (Mumbai) Hours"
"Lambda","0.0166650000","Hours","0","0","Serverless","APS3-Lambda-Managed-Instances-m6a.xlarge-Management-Hours","","","","$0.016665 per Hour for Lambda-Managed-Instances-m6a.xlarge-Management-Hours in Asia Pacific (Mumbai)","VFJVRUR3VM5M8EAC","2026-08-01T00:00:00Z","Serverless APS3-Lambda-Managed-Instances-m6a.xlarge-Management-Hours    $0.016665 per Hour for Lambda-Managed-Instances-m6a.xlarge-Management-Hours in Asia Pacific (Mumbai) Hours"
"Lambda","0.0390000000","Hours","0","0","Serverless","APS3-Lambda-Managed-Instances-r6i.xlarge-Management-Hours","","","","$0.039 per Hour for Lambda-Managed-Instances-r6i.xlarge-Management-Hours in Asia Pacific (Mumbai)","VFZJRB7EQDYHEABY","2026-08-01T00:00:00Z","Serverless APS3-Lambda-Managed-Instances-r6i.xlarge-Management-Hours    $0.039 per Hour for Lambda-Managed-Instances-r6i.xlarge-Management-Hours in Asia Pacific (Mumbai) Hours"
"Lambda","1.2214800000","Hours","0","0","Serverless","APS3-Lambda-Managed-Instances-m6idn.24xlarge-Management-Hours","","","","$1.22148 per Hour for Lambda-Managed-Instances-m6idn.24xlarge-Management-Hours in Asia Pacific (Mumbai)","VPB2QAUB3JJZ6Y7G","2026-08-01T00:00:00Z","Serverless APS3-Lambda-Managed-Instances-m6idn.24xlarge-Management-Hours    $1.22148 per Hour for Lambda-Managed-Instances-m6idn.24xlarge-Management-Hours in Asia Pacific (Mumbai) Hours"
"Lambda","0.0000002000","Request","0","0","Serverless","APS3-Request","AWS-Lambda-Requests","Invocation call for a Lambda function","","AWS Lambda - Total Requests - Asia Pacific (Mumbai)","VPGUBFQ4KNZKMKGJ","2026-08-01T00:00:00Z","Serverless APS3-Request AWS-Lambda-Requests Invocation call for a Lambda function  AWS Lambda - Total Requests - Asia Pacific (Mumbai) Request"
"Lambda","0.8928000000","Hours","0","0","Serverless","APS3-Lambda-Managed-Instances-m5n.24xlarge-Management-Hours","","","","$0.8928 per Hour for Lambda-Managed-Instances-m5n.24xlarge-Management-Hours in Asia Pacific (Mumbai)","VPTHCH2R9HKWARST","2026-08-01T00:00:00Z","Serverless APS3-Lambda-Managed-Instances-m5n.24xlarge-Management-Hours    $0.8928 per Hour for Lambda-Managed-Instances-m5n.24xlarge-Management-Hours in Asia Pacific (Mumbai) Hours"
"Lambda","0.1981950000","Hours","0","0","Serverless","APS3-Lambda-Managed-Instances-r8g.8xlarge-Management-Hours","","","","$0.198195 per Hour for Lambda-Managed-Instances-r8g.8xlarge-Management-Hours in Asia Pacific (Mumbai)","VVYA8U5MZPV7KKJ4","2026-08-01T00:00:00Z","Serverless APS3-Lambda-Managed-Instances-r8g.8xlarge-Management-Hours    $0.198195 per Hour for Lambda-Managed-Instances-r8g.8xlarge-Management-Hours in Asia Pacific (Mumbai) Hours"
"Lambda","0.1821600000","Hours","0","0","Serverless","APS3-Lambda-Managed-Instances-m6g.12xlarge-Management-Hours","","","","$0.18216 per Hour for Lambda-Managed-Instances-m6g.12xlarge-Management-Hours in Asia Pacific (Mumbai)","VXWYXN2EUTFAHX8H","2026-08-01T00:00:00Z","Serverless APS3-Lambda-Managed-Instances-m6g.12xlarge-Management-Hours    $0.18216 per Hour for Lambda-Managed-Instances-m6g.12xlarge-Management-Hours in Asia Pacific (Mumbai) Hours"
"Lambda","0.2088000000","Hours","0","0","Serverless","APS3-Lambda-Managed-Instances-r5dn.4xlarge-Management-Hours","","","","$0.2088 per Hour for Lambda-Managed-Instances-r5dn.4xlarge-Management-Hours in Asia Pacific (Mumbai)","VXYBUKGRNC2YQP9Y","2026-08-01T00:00:00Z","Serverless APS3-Lambda-Managed-Instances-r5dn.4xlarge-Management-Hours    $0.2088 per Hour for Lambda-Managed-Instances-r5dn.4xlarge-Management-Hours in Asia Pacific (Mumbai) Hours"
"Lambda","1.5070050000","Hours","0","0","Serverless","APS3-Lambda-Managed-Instances-r7a.32xlarge-Management-Hours","","","","$1.507005 per Hour for Lambda-Managed-Instances-r7a.32xlarge-Management-Hours in Asia Pacific (Mumbai)","VY752WAA99PECCDJ","2026-08-01T00:00:00Z","Serverless APS3-Lambda-Managed-Instances-r7a.32xlarge-Management-Hours    $1.507005 per Hour for Lambda-Managed-Instances-r7a.32xlarge-Management-Hours in Asia Pacific (Mumbai) Hours"
"Lambda","0.2494800000","Hours","0","0","Serverless","APS3-Lambda-Managed-Instances-c6id.8xlarge-Management-Hours","","","","$0.24948 per Hour for Lambda-Managed-Instances-c6id.8xlarge-Management-Hours in Asia Pacific (Mumbai)","VYDW7UZQ3DEU5PN5","2026-08-01T00:00:00Z","Serverless APS3-Lambda-Managed-Instances-c6id.8xlarge-Management-Hours    $0.24948 per Hour for Lambda-Managed-Instances-c6id.8xlarge-Management-Hours in Asia Pacific (Mumbai) Hours"
"Lambda","0.6240000000","Hours","0","0","Serverless","APS3-Lambda-Managed-Instances-r5.16xlarge-Management-Hours","","","","$0.624 per Hour for Lambda-Managed-Instances-r5.16xlarge-Management-Hours in Asia Pacific (Mumbai)","W3XBNGURD69DBTHS","2026-08-01T00:00:00Z","Serverless APS3-Lambda-Managed-Instances-r5.16xlarge-Management-Hours    $0.624 per Hour for Lambda-Managed-Instances-r5.16xlarge-Management-Hours in Asia Pacific (Mumbai) Hours"
"Lambda","0.0623700000","Hours","0","0","Serverless","APS3-Lambda-Managed-Instances-c6id.2xlarge-Management-Hours","","","","$0.06237 per Hour for Lambda-Managed-Instances-c6id.2xlarge-Management-Hours in Asia Pacific (Mumbai)","W4T7ENCQEXSBW9M2","2026-08-01T00:00:00Z","Serverless APS3-Lambda-Managed-Instances-c6id.2xlarge-Management-Hours    $0.06237 per Hour for Lambda-Managed-Instances-c6id.2xlarge-Management-Hours in Asia Pacific (Mumbai) Hours"
"Lambda","0.1488000000","Hours","0","0","Serverless","APS3-Lambda-Managed-Instances-m5n.4xlarge-Management-Hours","","","","$0.1488 per Hour for Lambda-Managed-Instances-m5n.4xlarge-Management-Hours in Asia Pacific (Mumbai)","W6FMAMK6R2PW7YTR","2026-08-01T00:00:00Z","Serverless APS3-Lambda-Managed-Instances-m5n.4xlarge-Management-Hours    $0.1488 per Hour for Lambda-Managed-Instances-m5n.4xlarge-Management-Hours in Asia Pacific (Mumbai) Hours"
"Lambda","0.0951600000","Hours","0","0","Serverless","APS3-Lambda-Managed-Instances-r6id.2xlarge-Management-Hours","","","","$0.09516 per Hour for Lambda-Managed-Instances-r6id.2xlarge-Management-Hours in Asia Pacific (Mumbai)","W8DWUDSHA36C6R3K","2026-08-01T00:00:00Z","Serverless APS3-Lambda-Managed-Instances-r6id.2xlarge-Management-Hours    $0.09516 per Hour for Lambda-Managed-Instances-r6id.2xlarge-Management-Hours in Asia Pacific (Mumbai) Hours"
"Lambda","0.0311850000","Hours","0","0","Serverless","APS3-Lambda-Managed-Instances-c6id.xlarge-Management-Hours","","","","$0.031185 per Hour for Lambda-Managed-Instances-c6id.xlarge-Management-Hours in Asia Pacific (Mumbai)","W9MFSMQZVN8YEPA4","2026-08-01T00:00:00Z","Serverless APS3-Lambda-Managed-Instances-c6id.xlarge-Management-Hours    $0.031185 per Hour for Lambda-Managed-Instances-c6id.xlarge-Management-Hours in Asia Pacific (Mumbai) Hours"
"Lambda","0.0732000000","Hours","0","0","Serverless","APS3-Lambda-Managed-Instances-m5d.2xlarge-Management-Hours","","","","$0.0732 per Hour for Lambda-Managed-Instances-m5d.2xlarge-Management-Hours in Asia Pacific (Mumbai)","WCEH8WAB4QHCH8Z8","2026-08-01T00:00:00Z","Serverless APS3-Lambda-Managed-Instances-m5d.2xlarge-Management-Hours    $0.0732 per Hour for Lambda-Managed-Instances-m5d.2xlarge-Management-Hours in Asia Pacific (Mumbai) Hours"
"Lambda","0.3999600000","Hours","0","0","Serverless","APS3-Lambda-Managed-Instances-m6a.24xlarge-Management-Hours","","","","$0.39996 per Hour for Lambda-Managed-Instances-m6a.24xlarge-Management-Hours in Asia Pacific (Mumbai)","WE6MWYJT8TAV6DX3","2026-08-01T00:00:00Z","Serverless APS3-Lambda-Managed-Instances-m6a.24xlarge-Management-Hours    $0.39996 per Hour for Lambda-Managed-Instances-m6a.24xlarge-Management-Hours in Asia Pacific (Mumbai) Hours"
"Lambda","0.7773150000","Hours","0","0","Serverless","APS3-Lambda-Managed-Instances-c8g.48xlarge-Management-Hours","","","","$0.777315 per Hour for Lambda-Managed-Instances-c8g.48xlarge-Management-Hours in Asia Pacific (Mumbai)","WJJZEHT7CGZNXK3F","2026-08-01T00:00:00Z","Serverless APS3-Lambda-Managed-Instances-c8g.48xlarge-Management-Hours    $0.777315 per Hour for Lambda-Managed-Instances-c8g.48xlarge-Management-Hours in Asia Pacific (Mumbai) Hours"
"Lambda","0.0303600000","Hours","0","0","Serverless","APS3-Lambda-Managed-Instances-m6g.2xlarge-Management-Hours","","","","$0.03036 per Hour for Lambda-Managed-Instances-m6g.2xlarge-Management-Hours in Asia Pacific (Mumbai)","WJPBBNTJ54XQQ35V","2026-08-01T00:00:00Z","Serverless APS3-Lambda-Managed-Instances-m6g.2xlarge-Management-Hours    $0.03036 per Hour for Lambda-Managed-Instances-m6g.2xlarge-Management-Hours in Asia Pacific (Mumbai) Hours"
"Lambda","0.1999800000","Hours","0","0","Serverless","APS3-Lambda-Managed-Instances-m6a.12xlarge-Management-Hours","","","","$0.19998 per Hour for Lambda-Managed-Instances-m6a.12xlarge-Management-Hours in Asia Pacific (Mumbai)","WJVW4B4T2NHQXA5B","2026-08-01T00:00:00Z","Serverless APS3-Lambda-Managed-Instances-m6a.12xlarge-Management-Hours    $0.19998 per Hour for Lambda-Managed-Instances-m6a.12xlarge-Management-Hours in Asia Pacific (Mumbai) Hours"
"Lambda","0.1295550000","Hours","0","0","Serverless","APS3-Lambda-Managed-Instances-c8g.8xlarge-Management-Hours","","","","$0.129555 per Hour for Lambda-Managed-Instances-c8g.8xlarge-Management-Hours in Asia Pacific (Mumbai)","WPK7723FCBH4TJJQ","2026-08-01T00:00:00Z","Serverless APS3-Lambda-Managed-Instances-c8g.8xlarge-Management-Hours    $0.129555 per Hour for Lambda-Managed-Instances-c8g.8xlarge-Management-Hours in Asia Pacific (Mumbai) Hours"
"Lambda","0.0366000000","Hours","0","0","Serverless","APS3-Lambda-Managed-Instances-m5d.xlarge-Management-Hours","","","","$0.0366 per Hour for Lambda-Managed-Instances-m5d.xlarge-Management-Hours in Asia Pacific (Mumbai)","WPXM8A25798TK9MW","2026-08-01T00:00:00Z","Serverless APS3-Lambda-Managed-Instances-m5d.xlarge-Management-Hours    $0.0366 per Hour for Lambda-Managed-Instances-m5d.xlarge-Management-Hours in Asia Pacific (Mumbai) Hours"
"Lambda","0.6120000000","Hours","0","0","Serverless","APS3-Lambda-Managed-Instances-c5.24xlarge-Management-Hours","","","","$0.612 per Hour for Lambda-Managed-Instances-c5.24xlarge-Management-Hours in Asia Pacific (Mumbai)","WS5NWXJNJ5QHWFK8","2026-08-01T00:00:00Z","Serverless APS3-Lambda-Managed-Instances-c5.24xlarge-Management-Hours    $0.612 per Hour for Lambda-Managed-Instances-c5.24xlarge-Management-Hours in Asia Pacific (Mumbai) Hours"
"Lambda","0.0333000000","Hours","0","0","Serverless","APS3-Lambda-Managed-Instances-m5a.2xlarge-Management-Hours","","","","$0.0333 per Hour for Lambda-Managed-Instances-m5a.2xlarge-Management-Hours in Asia Pacific (Mumbai)","WYEXB9MPD45VJS7X","2026-08-01T00:00:00Z","Serverless APS3-Lambda-Managed-Instances-m5a.2xlarge-Management-Hours    $0.0333 per Hour for Lambda-Managed-Instances-m5a.2xlarge-Management-Hours in Asia Pacific (Mumbai) Hours"
"Lambda","0.0648000000","Hours","0","0","Serverless","APS3-Lambda-Managed-Instances-c5n.2xlarge-Management-Hours","","","","$0.0648 per Hour for Lambda-Managed-Instances-c5n.2xlarge-Management-Hours in Asia Pacific (Mumbai)","WYWVRYPGHW8AYMG5","2026-08-01T00:00:00Z","Serverless APS3-Lambda-Managed-Instances-c5n.2xlarge-Management-Hours    $0.0648 per Hour for Lambda-Managed-Instances-c5n.2xlarge-Management-Hours in Asia Pacific (Mumbai) Hours"
"Lambda","0.4831500000","Hours","0","0","Serverless","APS3-Lambda-Managed-Instances-m5ad.24xlarge-Management-Hours","","","","$0.48315 per Hour for Lambda-Managed-Instances-m5ad.24xlarge-Management-Hours in Asia Pacific (Mumbai)","X2QH32GPYJ9NU47U","2026-08-01T00:00:00Z","Serverless APS3-Lambda-Managed-Instances-m5ad.24xlarge-Management-Hours    $0.48315 per Hour for Lambda-Managed-Instances-m5ad.24xlarge-Management-Hours in Asia Pacific (Mumbai) Hours"
"Lambda","0.1176000000","Hours","0","0","Serverless","APS3-Lambda-Managed-Instances-c6gd.8xlarge-Management-Hours","","","","$0.1176 per Hour for Lambda-Managed-Instances-c6gd.8xlarge-Management-Hours in Asia Pacific (Mumbai)","X3EVRKX8GD47P8YJ","2026-08-01T00:00:00Z","Serverless APS3-Lambda-Managed-Instances-c6gd.8xlarge-Management-Hours    $0.1176 per Hour for Lambda-Managed-Instances-c6gd.8xlarge-Management-Hours in Asia Pacific (Mumbai) Hours"
"Lambda","0.1212000000","Hours","0","0","Serverless","APS3-Lambda-Managed-Instances-m5.4xlarge-Management-Hours","","","","$0.1212 per Hour for Lambda-Managed-Instances-m5.4xlarge-Management-Hours in Asia Pacific (Mumbai)","X4KEGU3ECNGXE7UA","2026-08-01T00:00:00Z","Serverless APS3-Lambda-Managed-Instances-m5.4xlarge-Management-Hours    $0.1212 per Hour for Lambda-Managed-Instances-m5.4xlarge-Management-Hours in Asia Pacific (Mumbai) Hours"
"Lambda","0.3432000000","Hours","0","0","Serverless","APS3-Lambda-Managed-Instances-r6a.16xlarge-Management-Hours","","","","$0.3432 per Hour for Lambda-Managed-Instances-r6a.16xlarge-Management-Hours in Asia Pacific (Mumbai)","X4P8DMQDZCQDHXT8","2026-08-01T00:00:00Z","Serverless APS3-Lambda-Managed-Instances-r6a.16xlarge-Management-Hours    $0.3432 per Hour for Lambda-Managed-Instances-r6a.16xlarge-Management-Hours in Asia Pacific (Mumbai) Hours"
"Lambda","0.0214500000","Hours","0","0","Serverless","APS3-Lambda-Managed-Instances-r6a.xlarge-Management-Hours","","","","$0.02145 per Hour for Lambda-Managed-Instances-r6a.xlarge-Management-Hours in Asia Pacific (Mumbai)","X5GHBGQMSTBCC96R","2026-08-01T00:00:00Z","Serverless APS3-Lambda-Managed-Instances-r6a.xlarge-Management-Hours    $0.02145 per Hour for Lambda-Managed-Instances-r6a.xlarge-Management-Hours in Asia Pacific (Mumbai) Hours"
"Lambda","0.0495450000","Hours","0","0","Serverless","APS3-Lambda-Managed-Instances-r8g.2xlarge-Management-Hours","","","","$0.049545 per Hour for Lambda-Managed-Instances-r8g.2xlarge-Management-Hours in Asia Pacific (Mumbai)","X9J8RR2W5AGEJUXP","2026-08-01T00:00:00Z","Serverless APS3-Lambda-Managed-Instances-r8g.2xlarge-Management-Hours    $0.049545 per Hour for Lambda-Managed-Instances-r8g.2xlarge-Management-Hours in Asia Pacific (Mumbai) Hours"
"Lambda","0.2035800000","Hours","0","0","Serverless","APS3-Lambda-Managed-Instances-m6idn.4xlarge-Management-Hours","","","","$0.20358 per Hour for Lambda-Managed-Instances-m6idn.4xlarge-Management-Hours in Asia Pacific (Mumbai)","XASSNXBDP67DE973","2026-08-01T00:00:00Z","Serverless APS3-Lambda-Managed-Instances-m6idn.4xlarge-Management-Hours    $0.20358 per Hour for Lambda-Managed-Instances-m6idn.4xlarge-Management-Hours in Asia Pacific (Mumbai) Hours"
"Lambda","0.0162000000","Hours","0","0","Serverless","APS3-Lambda-Managed-Instances-c8g.xlarge-Management-Hours","","","","$0.0162 per Hour for Lambda-Managed-Instances-c8g.xlarge-Management-Hours in Asia Pacific (Mumbai)","XDQSKAA23AAWC7HK","2026-08-01T00:00:00Z","Serverless APS3-Lambda-Managed-Instances-c8g.xlarge-Management-Hours    $0.0162 per Hour for Lambda-Managed-Instances-c8g.xlarge-Management-Hours in Asia Pacific (Mumbai) Hours"
"Lambda","0.1247400000","Hours","0","0","Serverless","APS3-Lambda-Managed-Instances-c6id.4xlarge-Management-Hours","","","","$0.12474 per Hour for Lambda-Managed-Instances-c6id.4xlarge-Management-Hours in Asia Pacific (Mumbai)","XH546R2U69KDMVTM","2026-08-01T00:00:00Z","Serverless APS3-Lambda-Managed-Instances-c6id.4xlarge-Management-Hours    $0.12474 per Hour for Lambda-Managed-Instances-c6id.4xlarge-Management-Hours in Asia Pacific (Mumbai) Hours"
"Lambda","0.0000035988","Lambda-GB-Second","0","0","Serverless","APS3-Lambda-Provisioned-Concurrency-ARM","AWS-Lambda-Provisioned-Concurrency-ARM","Concurrency weighted by memory assigned to function over the period for which it is provisioned, measured in GB-s for ARM","","AWS Lambda - Provisioned Concurrency for ARM - Asia Pacific (Mumbai)","XKQC3XMVE4VHF68H","2026-08-01T00:00:00Z","Serverless APS3-Lambda-Provisioned-Concurrency-ARM AWS-Lambda-Provisioned-Concurrency-ARM Concurrency weighted by memory assigned to function over the period for which it is provisioned, measured in GB-s for ARM  AWS Lambda - Provisioned Concurrency for ARM - Asia Pacific (Mumbai) Lambda-GB-Second"
"Lambda","0.0588900000","Hours","0","0","Serverless","APS3-Lambda-Managed-Instances-c7g.4xlarge-Management-Hours","","","","$0.05889 per Hour for Lambda-Managed-Instances-c7g.4xlarge-Management-Hours in Asia Pacific (Mumbai)","XKV2SAN879UAPRFQ","2026-08-01T00:00:00Z","Serverless APS3-Lambda-Managed-Instances-c7g.4xlarge-Management-Hours    $0.05889 per Hour for Lambda-Managed-Instances-c7g.4xlarge-Management-Hours in Asia Pacific (Mumbai) Hours"
"Lambda","0.9828000000","Hours","0","0","Serverless","APS3-Lambda-Managed-Instances-r7i.24xlarge-Management-Hours","","","","$0.9828 per Hour for Lambda-Managed-Instances-r7i.24xlarge-Management-Hours in Asia Pacific (Mumbai)","XMU2AYTASFEE7DSH","2026-08-01T00:00:00Z","Serverless APS3-Lambda-Managed-Instances-r7i.24xlarge-Management-Hours    $0.9828 per Hour for Lambda-Managed-Instances-r7i.24xlarge-Management-Hours in Asia Pacific (Mumbai) Hours"
"Lambda","0.0744000000","Hours","0","0","Serverless","APS3-Lambda-Managed-Instances-m5n.2xlarge-Management-Hours","","","","$0.0744 per Hour for Lambda-Managed-Instances-m5n.2xlarge-Management-Hours in Asia Pacific (Mumbai)","XMXU4BSZCNAJAPTK","2026-08-01T00:00:00Z","Serverless APS3-Lambda-Managed-Instances-m5n.2xlarge-Management-Hours    $0.0744 per Hour for Lambda-Managed-Instances-m5n.2xlarge-Management-Hours in Asia Pacific (Mumbai) Hours"
"Lambda","0.0606000000","Hours","0","0","Serverless","APS3-Lambda-Managed-Instances-m6i.2xlarge-Management-Hours","","","","$0.0606 per Hour for Lambda-Managed-Instances-m6i.2xlarge-Management-Hours in Asia Pacific (Mumbai)","XN85DWDCY8HE3S5Z","2026-08-01T00:00:00Z","Serverless APS3-Lambda-Managed-Instances-m6i.2xlarge-Management-Hours    $0.0606 per Hour for Lambda-Managed-Instances-m6i.2xlarge-Management-Hours in Asia Pacific (Mumbai) Hours"
"Lambda","0.2099550000","Hours","0","0","Serverless","APS3-Lambda-Managed-Instances-m7g.12xlarge-Management-Hours","","","","$0.209955 per Hour for Lambda-Managed-Instances-m7g.12xlarge-Management-Hours in Asia Pacific (Mumbai)","XQEZ4X7GGS423HV9","2026-08-01T00:00:00Z","Serverless APS3-Lambda-Managed-Instances-m7g.12xlarge-Management-Hours    $0.209955 per Hour for Lambda-Managed-Instances-m7g.12xlarge-Management-Hours in Asia Pacific (Mumbai) Hours"
"Lambda","0.8143200000","Hours","0","0","Serverless","APS3-Lambda-Managed-Instances-m6idn.16xlarge-Management-Hours","","","","$0.81432 per Hour for Lambda-Managed-Instances-m6idn.16xlarge-Management-Hours in Asia Pacific (Mumbai)","XZNF6WCA8ACDYY7F","2026-08-01T00:00:00Z","Serverless APS3-Lambda-Managed-Instances-m6idn.16xlarge-Management-Hours    $0.81432 per Hour for Lambda-Managed-Instances-m6idn.16xlarge-Management-Hours in Asia Pacific (Mumbai) Hours"
"Lambda","0.0247800000","Hours","0","0","Serverless","APS3-Lambda-Managed-Instances-r8g.xlarge-Management-Hours","","","","$0.02478 per Hour for Lambda-Managed-Instances-r8g.xlarge-Management-Hours in Asia Pacific (Mumbai)","YCNHEDW4PSCNUM5P","2026-08-01T00:00:00Z","Serverless APS3-Lambda-Managed-Instances-r8g.xlarge-Management-Hours    $0.02478 per Hour for Lambda-Managed-Instances-r8g.xlarge-Management-Hours in Asia Pacific (Mumbai) Hours"
"Lambda","1.9656000000","Hours","0","0","Serverless","APS3-Lambda-Managed-Instances-r7i.48xlarge-Management-Hours","","","","$1.9656 per Hour for Lambda-Managed-Instances-r7i.48xlarge-Management-Hours in Asia Pacific (Mumbai)","YE77U673JQEC53MF","2026-08-01T00:00:00Z","Serverless APS3-Lambda-Managed-Instances-r7i.48xlarge-Management-Hours    $1.9656 per Hour for Lambda-Managed-Instances-r7i.48xlarge-Management-Hours in Asia Pacific (Mumbai) Hours"
"Lambda","0.0459000000","Hours","0","0","Serverless","APS3-Lambda-Managed-Instances-r5b.xlarge-Management-Hours","","","","$0.0459 per Hour for Lambda-Managed-Instances-r5b.xlarge-Management-Hours in Asia Pacific (Mumbai)","YG66EUM2A65BK9K8","2026-08-01T00:00:00Z","Serverless APS3-Lambda-Managed-Instances-r5b.xlarge-Management-Hours    $0.0459 per Hour for Lambda-Managed-Instances-r5b.xlarge-Management-Hours in Asia Pacific (Mumbai) Hours"
"Lambda","0.0870450000","Hours","0","0","Serverless","APS3-Lambda-Managed-Instances-m6in.2xlarge-Management-Hours","","","","$0.087045 per Hour for Lambda-Managed-Instances-m6in.2xlarge-Management-Hours in Asia Pacific (Mumbai)","YHFRUKHM65965J3N","2026-08-01T00:00:00Z","Serverless APS3-Lambda-Managed-Instances-m6in.2xlarge-Management-Hours    $0.087045 per Hour for Lambda-Managed-Instances-m6in.2xlarge-Management-Hours in Asia Pacific (Mumbai) Hours"
"Lambda","0.0229500000","Hours","0","0","Serverless","APS3-Lambda-Managed-Instances-r5b.large-Management-Hours","","","","$0.02295 per Hour for Lambda-Managed-Instances-r5b.large-Management-Hours in Asia Pacific (Mumbai)","YHWSACU5ECEKAQ2S","2026-08-01T00:00:00Z","Serverless APS3-Lambda-Managed-Instances-r5b.large-Management-Hours    $0.02295 per Hour for Lambda-Managed-Instances-r5b.large-Management-Hours in Asia Pacific (Mumbai) Hours"
"Lambda","0.1188000000","Hours","0","0","Serverless","APS3-Lambda-Managed-Instances-c5d.4xlarge-Management-Hours","","","","$0.1188 per Hour for Lambda-Managed-Instances-c5d.4xlarge-Management-Hours in Asia Pacific (Mumbai)","YQUEFN63Z95CZG4C","2026-08-01T00:00:00Z","Serverless APS3-Lambda-Managed-Instances-c5d.4xlarge-Management-Hours    $0.1188 per Hour for Lambda-Managed-Instances-c5d.4xlarge-Management-Hours in Asia Pacific (Mumbai) Hours"
"Lambda","0.5148000000","Hours","0","0","Serverless","APS3-Lambda-Managed-Instances-r6a.24xlarge-Management-Hours","","","","$0.5148 per Hour for Lambda-Managed-Instances-r6a.24xlarge-Management-Hours in Asia Pacific (Mumbai)","YTQUDF8FHJRVW223","2026-08-01T00:00:00Z","Serverless APS3-Lambda-Managed-Instances-r6a.24xlarge-Management-Hours    $0.5148 per Hour for Lambda-Managed-Instances-r6a.24xlarge-Management-Hours in Asia Pacific (Mumbai) Hours"
"Lambda","0.0900900000","Hours","0","0","Serverless","APS3-Lambda-Managed-Instances-r7g.4xlarge-Management-Hours","","","","$0.09009 per Hour for Lambda-Managed-Instances-r7g.4xlarge-Management-Hours in Asia Pacific (Mumbai)","YUE3WN48QST8MPSC","2026-08-01T00:00:00Z","Serverless APS3-Lambda-Managed-Instances-r7g.4xlarge-Management-Hours    $0.09009 per Hour for Lambda-Managed-Instances-r7g.4xlarge-Management-Hours in Asia Pacific (Mumbai) Hours"
"Lambda","0.0127800000","Hours","0","0","Serverless","APS3-Lambda-Managed-Instances-c6g.xlarge-Management-Hours","","","","$0.01278 per Hour for Lambda-Managed-Instances-c6g.xlarge-Management-Hours in Asia Pacific (Mumbai)","YZ8CADFEVTPQ9BAB","2026-08-01T00:00:00Z","Serverless APS3-Lambda-Managed-Instances-c6g.xlarge-Management-Hours    $0.01278 per Hour for Lambda-Managed-Instances-c6g.xlarge-Management-Hours in Asia Pacific (Mumbai) Hours"
"Lambda","0.3806400000","Hours","0","0","Serverless","APS3-Lambda-Managed-Instances-r6id.8xlarge-Management-Hours","","","","$0.38064 per Hour for Lambda-Managed-Instances-r6id.8xlarge-Management-Hours in Asia Pacific (Mumbai)","Z3Z7TDFVEDKGR78D","2026-08-01T00:00:00Z","Serverless APS3-Lambda-Managed-Instances-r6id.8xlarge-Management-Hours    $0.38064 per Hour for Lambda-Managed-Instances-r6id.8xlarge-Management-Hours in Asia Pacific (Mumbai) Hours"
"Lambda","0.0280500000","Hours","0","0","Serverless","APS3-Lambda-Managed-Instances-c6a.2xlarge-Management-Hours","","","","$0.02805 per Hour for Lambda-Managed-Instances-c6a.2xlarge-Management-Hours in Asia Pacific (Mumbai)","Z4HWAJXXGGSPTXJR","2026-08-01T00:00:00Z","Serverless APS3-Lambda-Managed-Instances-c6a.2xlarge-Management-Hours    $0.02805 per Hour for Lambda-Managed-Instances-c6a.2xlarge-Management-Hours in Asia Pacific (Mumbai) Hours"
"Lambda","0.7484400000","Hours","0","0","Serverless","APS3-Lambda-Managed-Instances-c6id.24xlarge-Management-Hours","","","","$0.74844 per Hour for Lambda-Managed-Instances-c6id.24xlarge-Management-Hours in Asia Pacific (Mumbai)","Z53UBP655QJ57J45","2026-08-01T00:00:00Z","Serverless APS3-Lambda-Managed-Instances-c6id.24xlarge-Management-Hours    $0.74844 per Hour for Lambda-Managed-Instances-c6id.24xlarge-Management-Hours in Asia Pacific (Mumbai) Hours"
"Lambda","0.1704000000","Hours","0","0","Serverless","APS3-Lambda-Managed-Instances-m7gd.8xlarge-Management-Hours","","","","$0.1704 per Hour for Lambda-Managed-Instances-m7gd.8xlarge-Management-Hours in Asia Pacific (Mumbai)","Z53UUVXTFB2H9H55","2026-08-01T00:00:00Z","Serverless APS3-Lambda-Managed-Instances-m7gd.8xlarge-Management-Hours    $0.1704 per Hour for Lambda-Managed-Instances-m7gd.8xlarge-Management-Hours in Asia Pacific (Mumbai) Hours"
"Lambda","0.0249000000","Hours","0","0","Serverless","APS3-Lambda-Managed-Instances-r5ad.xlarge-Management-Hours","","","","$0.0249 per Hour for Lambda-Managed-Instances-r5ad.xlarge-Management-Hours in Asia Pacific (Mumbai)","Z78UM6A2R9B7YTXA","2026-08-01T00:00:00Z","Serverless APS3-Lambda-Managed-Instances-r5ad.xlarge-Management-Hours    $0.0249 per Hour for Lambda-Managed-Instances-r5ad.xlarge-Management-Hours in Asia Pacific (Mumbai) Hours"
"Lambda","0.2112000000","Hours","0","0","Serverless","APS3-Lambda-Managed-Instances-r7gd.8xlarge-Management-Hours","","","","$0.2112 per Hour for Lambda-Managed-Instances-r7gd.8xlarge-Management-Hours in Asia Pacific (Mumbai)","Z8FB3RJDKESR4CU9","2026-08-01T00:00:00Z","Serverless APS3-Lambda-Managed-Instances-r7gd.8xlarge-Management-Hours    $0.2112 per Hour for Lambda-Managed-Instances-r7gd.8xlarge-Management-Hours in Asia Pacific (Mumbai) Hours"
"Lambda","0.5979000000","Hours","0","0","Serverless","APS3-Lambda-Managed-Instances-r5ad.24xlarge-Management-Hours","","","","$0.5979 per Hour for Lambda-Managed-Instances-r5ad.24xlarge-Management-Hours in Asia Pacific (Mumbai)","Z8FZVUE472K2VR7A","2026-08-01T00:00:00Z","Serverless APS3-Lambda-Managed-Instances-r5ad.24xlarge-Management-Hours    $0.5979 per Hour for Lambda-Managed-Instances-r5ad.24xlarge-Management-Hours in Asia Pacific (Mumbai) Hours"
"Lambda","1.0872000000","Hours","0","0","Serverless","APS3-Lambda-Managed-Instances-r5d.24xlarge-Management-Hours","","","","$1.0872 per Hour for Lambda-Managed-Instances-r5d.24xlarge-Management-Hours in Asia Pacific (Mumbai)","Z8N3GRPEDP25ZKWK","2026-08-01T00:00:00Z","Serverless APS3-Lambda-Managed-Instances-r5d.24xlarge-Management-Hours    $1.0872 per Hour for Lambda-Managed-Instances-r5d.24xlarge-Management-Hours in Asia Pacific (Mumbai) Hours"
"Lambda","0.0666000000","Hours","0","0","Serverless","APS3-Lambda-Managed-Instances-m5a.4xlarge-Management-Hours","","","","$0.0666 per Hour for Lambda-Managed-Instances-m5a.4xlarge-Management-Hours in Asia Pacific (Mumbai)","Z8U7RK742H92H6M9","2026-08-01T00:00:00Z","Serverless APS3-Lambda-Managed-Instances-m5a.4xlarge-Management-Hours    $0.0666 per Hour for Lambda-Managed-Instances-m5a.4xlarge-Management-Hours in Asia Pacific (Mumbai) Hours"
"Lambda","0.1766850000","Hours","0","0","Serverless","APS3-Lambda-Managed-Instances-c7g.12xlarge-Management-Hours","","","","$0.176685 per Hour for Lambda-Managed-Instances-c7g.12xlarge-Management-Hours in Asia Pacific (Mumbai)","ZATSGU98BA5WGFC5","2026-08-01T00:00:00Z","Serverless APS3-Lambda-Managed-Instances-c7g.12xlarge-Management-Hours    $0.176685 per Hour for Lambda-Managed-Instances-c7g.12xlarge-Management-Hours in Asia Pacific (Mumbai) Hours"
"Lambda","0.4464000000","Hours","0","0","Serverless","APS3-Lambda-Managed-Instances-m5n.12xlarge-Management-Hours","","","","$0.4464 per Hour for Lambda-Managed-Instances-m5n.12xlarge-Management-Hours in Asia Pacific (Mumbai)","ZC2WD4TCFDMP4AU8","2026-08-01T00:00:00Z","Serverless APS3-Lambda-Managed-Instances-m5n.12xlarge-Management-Hours    $0.4464 per Hour for Lambda-Managed-Instances-m5n.12xlarge-Management-Hours in Asia Pacific (Mumbai) Hours"
"Lambda","0.3060000000","Hours","0","0","Serverless","APS3-Lambda-Managed-Instances-c6i.12xlarge-Management-Hours","","","","$0.306 per Hour for Lambda-Managed-Instances-c6i.12xlarge-Management-Hours in Asia Pacific (Mumbai)","ZCQ6A984NJ7XMNM5","2026-08-01T00:00:00Z","Serverless APS3-Lambda-Managed-Instances-c6i.12xlarge-Management-Hours    $0.306 per Hour for Lambda-Managed-Instances-c6i.12xlarge-Management-Hours in Asia Pacific (Mumbai) Hours"
"Lambda","0.1071000000","Hours","0","0","Serverless","APS3-Lambda-Managed-Instances-c7i.4xlarge-Management-Hours","","","","$0.1071 per Hour for Lambda-Managed-Instances-c7i.4xlarge-Management-Hours in Asia Pacific (Mumbai)","ZDJ9AUD6JG9R9DAP","2026-08-01T00:00:00Z","Serverless APS3-Lambda-Managed-Instances-c7i.4xlarge-Management-Hours    $0.1071 per Hour for Lambda-Managed-Instances-c7i.4xlarge-Management-Hours in Asia Pacific (Mumbai) Hours"
"Lambda","0.0429000000","Hours","0","0","Serverless","APS3-Lambda-Managed-Instances-r6a.2xlarge-Management-Hours","","","","$0.0429 per Hour for Lambda-Managed-Instances-r6a.2xlarge-Management-Hours in Asia Pacific (Mumbai)","ZT9RTSQJQ7S8NBVR","2026-08-01T00:00:00Z","Serverless APS3-Lambda-Managed-Instances-r6a.2xlarge-Management-Hours    $0.0429 per Hour for Lambda-Managed-Instances-r6a.2xlarge-Management-Hours in Asia Pacific (Mumbai) Hours"
"Lambda","0.3603900000","Hours","0","0","Serverless","APS3-Lambda-Managed-Instances-r7g.16xlarge-Management-Hours","","","","$0.36039 per Hour for Lambda-Managed-Instances-r7g.16xlarge-Management-Hours in Asia Pacific (Mumbai)","ZWX3YWBXJVSWZWRQ","2026-08-01T00:00:00Z","Serverless APS3-Lambda-Managed-Instances-r7g.16xlarge-Management-Hours    $0.36039 per Hour for Lambda-Managed-Instances-r7g.16xlarge-Management-Hours in Asia Pacific (Mumbai) Hours"
"Lambda","0.0255000000","Hours","0","0","Serverless","APS3-Lambda-Managed-Instances-c6i.xlarge-Management-Hours","","","","$0.0255 per Hour for Lambda-Managed-Instances-c6i.xlarge-Management-Hours in Asia Pacific (Mumbai)","ZYG2F2WCWC48TAFS","2026-08-01T00:00:00Z","Serverless APS3-Lambda-Managed-Instances-c6i.xlarge-Management-Hours    $0.0255 per Hour for Lambda-Managed-Instances-c6i.xlarge-Management-Hours in Asia Pacific (Mumbai) Hours"
