"experiment_id","architecture","service","metric_name","statistic","run_start_utc","run_end_utc","datapoint_utc","value","unit","datapoint_status","raw_json_file"
"EC2-W01-T01","EC2","EC2","CPUUtilization","Average","2026-08-16T15:42:50.531Z","2026-08-16T15:43:52.050Z","2026-08-16T15:42:00.000Z","0.14178009073925799","Percent","RETURNED","E:\GKS Research\aws-ec2-vs-serverless-research\data\raw\formal\cloudwatch\ec2\EC2-W01-T01_CPUUtilization_Average.json"
"EC2-W01-T01","EC2","EC2","CPUUtilization","Maximum","2026-08-16T15:42:50.531Z","2026-08-16T15:43:52.050Z","2026-08-16T15:42:00.000Z","0.14178009073925799","Percent","RETURNED","E:\GKS Research\aws-ec2-vs-serverless-research\data\raw\formal\cloudwatch\ec2\EC2-W01-T01_CPUUtilization_Maximum.json"
"EC2-W01-T01","EC2","EC2","NetworkIn","Sum","2026-08-16T15:42:50.531Z","2026-08-16T15:43:52.050Z","2026-08-16T15:42:00.000Z","628.0","Bytes","RETURNED","E:\GKS Research\aws-ec2-vs-serverless-research\data\raw\formal\cloudwatch\ec2\EC2-W01-T01_NetworkIn_Sum.json"
"EC2-W01-T01","EC2","EC2","NetworkOut","Sum","2026-08-16T15:42:50.531Z","2026-08-16T15:43:52.050Z","2026-08-16T15:42:00.000Z","949.0","Bytes","RETURNED","E:\GKS Research\aws-ec2-vs-serverless-research\data\raw\formal\cloudwatch\ec2\EC2-W01-T01_NetworkOut_Sum.json"
"EC2-W01-T01","EC2","EC2","StatusCheckFailed","Maximum","2026-08-16T15:42:50.531Z","2026-08-16T15:43:52.050Z","2026-08-16T15:42:00.000Z","0.0","Count","RETURNED","E:\GKS Research\aws-ec2-vs-serverless-research\data\raw\formal\cloudwatch\ec2\EC2-W01-T01_StatusCheckFailed_Maximum.json"
"EC2-W01-T02","EC2","EC2","CPUUtilization","Average","2026-08-16T15:43:55.103Z","2026-08-16T15:44:55.983Z","2026-08-16T15:43:00.000Z","10.150213162803091","Percent","RETURNED","E:\GKS Research\aws-ec2-vs-serverless-research\data\raw\formal\cloudwatch\ec2\EC2-W01-T02_CPUUtilization_Average.json"
"EC2-W01-T02","EC2","EC2","CPUUtilization","Maximum","2026-08-16T15:43:55.103Z","2026-08-16T15:44:55.983Z","2026-08-16T15:43:00.000Z","10.150213162803091","Percent","RETURNED","E:\GKS Research\aws-ec2-vs-serverless-research\data\raw\formal\cloudwatch\ec2\EC2-W01-T02_CPUUtilization_Maximum.json"
"EC2-W01-T02","EC2","EC2","NetworkIn","Sum","2026-08-16T15:43:55.103Z","2026-08-16T15:44:55.983Z","2026-08-16T15:43:00.000Z","160866.0","Bytes","RETURNED","E:\GKS Research\aws-ec2-vs-serverless-research\data\raw\formal\cloudwatch\ec2\EC2-W01-T02_NetworkIn_Sum.json"
"EC2-W01-T02","EC2","EC2","NetworkOut","Sum","2026-08-16T15:43:55.103Z","2026-08-16T15:44:55.983Z","2026-08-16T15:43:00.000Z","217205.0","Bytes","RETURNED","E:\GKS Research\aws-ec2-vs-serverless-research\data\raw\formal\cloudwatch\ec2\EC2-W01-T02_NetworkOut_Sum.json"
"EC2-W01-T02","EC2","EC2","StatusCheckFailed","Maximum","2026-08-16T15:43:55.103Z","2026-08-16T15:44:55.983Z","2026-08-16T15:43:00.000Z","0.0","Count","RETURNED","E:\GKS Research\aws-ec2-vs-serverless-research\data\raw\formal\cloudwatch\ec2\EC2-W01-T02_StatusCheckFailed_Maximum.json"
"EC2-W01-T03","EC2","EC2","CPUUtilization","Average","2026-08-16T15:44:58.821Z","2026-08-16T15:45:59.639Z","2026-08-16T15:44:00.000Z","11.317387243127834","Percent","RETURNED","E:\GKS Research\aws-ec2-vs-serverless-research\data\raw\formal\cloudwatch\ec2\EC2-W01-T03_CPUUtilization_Average.json"
"EC2-W01-T03","EC2","EC2","CPUUtilization","Maximum","2026-08-16T15:44:58.821Z","2026-08-16T15:45:59.639Z","2026-08-16T15:44:00.000Z","11.317387243127834","Percent","RETURNED","E:\GKS Research\aws-ec2-vs-serverless-research\data\raw\formal\cloudwatch\ec2\EC2-W01-T03_CPUUtilization_Maximum.json"
"EC2-W01-T03","EC2","EC2","NetworkIn","Sum","2026-08-16T15:44:58.821Z","2026-08-16T15:45:59.639Z","2026-08-16T15:44:00.000Z","153152.0","Bytes","RETURNED","E:\GKS Research\aws-ec2-vs-serverless-research\data\raw\formal\cloudwatch\ec2\EC2-W01-T03_NetworkIn_Sum.json"
"EC2-W01-T03","EC2","EC2","NetworkOut","Sum","2026-08-16T15:44:58.821Z","2026-08-16T15:45:59.639Z","2026-08-16T15:44:00.000Z","211238.0","Bytes","RETURNED","E:\GKS Research\aws-ec2-vs-serverless-research\data\raw\formal\cloudwatch\ec2\EC2-W01-T03_NetworkOut_Sum.json"
"EC2-W01-T03","EC2","EC2","StatusCheckFailed","Maximum","2026-08-16T15:44:58.821Z","2026-08-16T15:45:59.639Z","2026-08-16T15:44:00.000Z","0.0","Count","RETURNED","E:\GKS Research\aws-ec2-vs-serverless-research\data\raw\formal\cloudwatch\ec2\EC2-W01-T03_StatusCheckFailed_Maximum.json"
"EC2-W02-T01","EC2","EC2","CPUUtilization","Average","2026-08-16T16:06:16.757Z","2026-08-16T16:07:17.805Z","2026-08-16T16:06:00.000Z","16.26144879267277","Percent","RETURNED","E:\GKS Research\aws-ec2-vs-serverless-research\data\raw\formal\cloudwatch\ec2\EC2-W02-T01_CPUUtilization_Average.json"
"EC2-W02-T01","EC2","EC2","CPUUtilization","Maximum","2026-08-16T16:06:16.757Z","2026-08-16T16:07:17.805Z","2026-08-16T16:06:00.000Z","16.26144879267277","Percent","RETURNED","E:\GKS Research\aws-ec2-vs-serverless-research\data\raw\formal\cloudwatch\ec2\EC2-W02-T01_CPUUtilization_Maximum.json"
"EC2-W02-T01","EC2","EC2","NetworkIn","Sum","2026-08-16T16:06:16.757Z","2026-08-16T16:07:17.805Z","2026-08-16T16:06:00.000Z","222273.0","Bytes","RETURNED","E:\GKS Research\aws-ec2-vs-serverless-research\data\raw\formal\cloudwatch\ec2\EC2-W02-T01_NetworkIn_Sum.json"
"EC2-W02-T01","EC2","EC2","NetworkOut","Sum","2026-08-16T16:06:16.757Z","2026-08-16T16:07:17.805Z","2026-08-16T16:06:00.000Z","326706.0","Bytes","RETURNED","E:\GKS Research\aws-ec2-vs-serverless-research\data\raw\formal\cloudwatch\ec2\EC2-W02-T01_NetworkOut_Sum.json"
"EC2-W02-T01","EC2","EC2","StatusCheckFailed","Maximum","2026-08-16T16:06:16.757Z","2026-08-16T16:07:17.805Z","2026-08-16T16:06:00.000Z","0.0","Count","RETURNED","E:\GKS Research\aws-ec2-vs-serverless-research\data\raw\formal\cloudwatch\ec2\EC2-W02-T01_StatusCheckFailed_Maximum.json"
"EC2-W02-T02","EC2","EC2","CPUUtilization","Average","2026-08-16T16:07:21.097Z","2026-08-16T16:08:22.022Z","2026-08-16T16:07:00.000Z","30.550458715596324","Percent","RETURNED","E:\GKS Research\aws-ec2-vs-serverless-research\data\raw\formal\cloudwatch\ec2\EC2-W02-T02_CPUUtilization_Average.json"
"EC2-W02-T02","EC2","EC2","CPUUtilization","Maximum","2026-08-16T16:07:21.097Z","2026-08-16T16:08:22.022Z","2026-08-16T16:07:00.000Z","30.550458715596324","Percent","RETURNED","E:\GKS Research\aws-ec2-vs-serverless-research\data\raw\formal\cloudwatch\ec2\EC2-W02-T02_CPUUtilization_Maximum.json"
"EC2-W02-T02","EC2","EC2","NetworkIn","Sum","2026-08-16T16:07:21.097Z","2026-08-16T16:08:22.022Z","2026-08-16T16:07:00.000Z","409967.0","Bytes","RETURNED","E:\GKS Research\aws-ec2-vs-serverless-research\data\raw\formal\cloudwatch\ec2\EC2-W02-T02_NetworkIn_Sum.json"
"EC2-W02-T02","EC2","EC2","NetworkOut","Sum","2026-08-16T16:07:21.097Z","2026-08-16T16:08:22.022Z","2026-08-16T16:07:00.000Z","586597.0","Bytes","RETURNED","E:\GKS Research\aws-ec2-vs-serverless-research\data\raw\formal\cloudwatch\ec2\EC2-W02-T02_NetworkOut_Sum.json"
"EC2-W02-T02","EC2","EC2","StatusCheckFailed","Maximum","2026-08-16T16:07:21.097Z","2026-08-16T16:08:22.022Z","2026-08-16T16:07:00.000Z","0.0","Count","RETURNED","E:\GKS Research\aws-ec2-vs-serverless-research\data\raw\formal\cloudwatch\ec2\EC2-W02-T02_StatusCheckFailed_Maximum.json"
"EC2-W02-T03","EC2","EC2","CPUUtilization","Average","2026-08-16T16:08:25.742Z","2026-08-16T16:09:26.903Z","2026-08-16T16:08:00.000Z","39.53333333333333","Percent","RETURNED","E:\GKS Research\aws-ec2-vs-serverless-research\data\raw\formal\cloudwatch\ec2\EC2-W02-T03_CPUUtilization_Average.json"
"EC2-W02-T03","EC2","EC2","CPUUtilization","Maximum","2026-08-16T16:08:25.742Z","2026-08-16T16:09:26.903Z","2026-08-16T16:08:00.000Z","39.53333333333333","Percent","RETURNED","E:\GKS Research\aws-ec2-vs-serverless-research\data\raw\formal\cloudwatch\ec2\EC2-W02-T03_CPUUtilization_Maximum.json"
"EC2-W02-T03","EC2","EC2","NetworkIn","Sum","2026-08-16T16:08:25.742Z","2026-08-16T16:09:26.903Z","2026-08-16T16:08:00.000Z","455300.0","Bytes","RETURNED","E:\GKS Research\aws-ec2-vs-serverless-research\data\raw\formal\cloudwatch\ec2\EC2-W02-T03_NetworkIn_Sum.json"
"EC2-W02-T03","EC2","EC2","NetworkOut","Sum","2026-08-16T16:08:25.742Z","2026-08-16T16:09:26.903Z","2026-08-16T16:08:00.000Z","659729.0","Bytes","RETURNED","E:\GKS Research\aws-ec2-vs-serverless-research\data\raw\formal\cloudwatch\ec2\EC2-W02-T03_NetworkOut_Sum.json"
"EC2-W02-T03","EC2","EC2","StatusCheckFailed","Maximum","2026-08-16T16:08:25.742Z","2026-08-16T16:09:26.903Z","2026-08-16T16:08:00.000Z","0.0","Count","RETURNED","E:\GKS Research\aws-ec2-vs-serverless-research\data\raw\formal\cloudwatch\ec2\EC2-W02-T03_StatusCheckFailed_Maximum.json"
"EC2-W03-T01","EC2","EC2","CPUUtilization","Average","2026-08-16T16:14:15.885Z","2026-08-16T16:15:17.222Z","2026-08-16T16:14:00.000Z","38.66666666666667","Percent","RETURNED","E:\GKS Research\aws-ec2-vs-serverless-research\data\raw\formal\cloudwatch\ec2\EC2-W03-T01_CPUUtilization_Average.json"
"EC2-W03-T01","EC2","EC2","CPUUtilization","Maximum","2026-08-16T16:14:15.885Z","2026-08-16T16:15:17.222Z","2026-08-16T16:14:00.000Z","38.66666666666667","Percent","RETURNED","E:\GKS Research\aws-ec2-vs-serverless-research\data\raw\formal\cloudwatch\ec2\EC2-W03-T01_CPUUtilization_Maximum.json"
"EC2-W03-T01","EC2","EC2","NetworkIn","Sum","2026-08-16T16:14:15.885Z","2026-08-16T16:15:17.222Z","2026-08-16T16:14:00.000Z","413250.0","Bytes","RETURNED","E:\GKS Research\aws-ec2-vs-serverless-research\data\raw\formal\cloudwatch\ec2\EC2-W03-T01_NetworkIn_Sum.json"
"EC2-W03-T01","EC2","EC2","NetworkOut","Sum","2026-08-16T16:14:15.885Z","2026-08-16T16:15:17.222Z","2026-08-16T16:14:00.000Z","640645.0","Bytes","RETURNED","E:\GKS Research\aws-ec2-vs-serverless-research\data\raw\formal\cloudwatch\ec2\EC2-W03-T01_NetworkOut_Sum.json"
"EC2-W03-T01","EC2","EC2","StatusCheckFailed","Maximum","2026-08-16T16:14:15.885Z","2026-08-16T16:15:17.222Z","2026-08-16T16:14:00.000Z","0.0","Count","RETURNED","E:\GKS Research\aws-ec2-vs-serverless-research\data\raw\formal\cloudwatch\ec2\EC2-W03-T01_StatusCheckFailed_Maximum.json"
"EC2-W03-T02","EC2","EC2","CPUUtilization","Average","2026-08-16T16:15:19.371Z","2026-08-16T16:16:20.044Z","2026-08-16T16:15:00.000Z","88.51252331468159","Percent","RETURNED","E:\GKS Research\aws-ec2-vs-serverless-research\data\raw\formal\cloudwatch\ec2\EC2-W03-T02_CPUUtilization_Average.json"
"EC2-W03-T02","EC2","EC2","CPUUtilization","Maximum","2026-08-16T16:15:19.371Z","2026-08-16T16:16:20.044Z","2026-08-16T16:15:00.000Z","88.51252331468159","Percent","RETURNED","E:\GKS Research\aws-ec2-vs-serverless-research\data\raw\formal\cloudwatch\ec2\EC2-W03-T02_CPUUtilization_Maximum.json"
"EC2-W03-T02","EC2","EC2","NetworkIn","Sum","2026-08-16T16:15:19.371Z","2026-08-16T16:16:20.044Z","2026-08-16T16:15:00.000Z","788168.0","Bytes","RETURNED","E:\GKS Research\aws-ec2-vs-serverless-research\data\raw\formal\cloudwatch\ec2\EC2-W03-T02_NetworkIn_Sum.json"
"EC2-W03-T02","EC2","EC2","NetworkOut","Sum","2026-08-16T16:15:19.371Z","2026-08-16T16:16:20.044Z","2026-08-16T16:15:00.000Z","1225851.0","Bytes","RETURNED","E:\GKS Research\aws-ec2-vs-serverless-research\data\raw\formal\cloudwatch\ec2\EC2-W03-T02_NetworkOut_Sum.json"
"EC2-W03-T02","EC2","EC2","StatusCheckFailed","Maximum","2026-08-16T16:15:19.371Z","2026-08-16T16:16:20.044Z","2026-08-16T16:15:00.000Z","0.0","Count","RETURNED","E:\GKS Research\aws-ec2-vs-serverless-research\data\raw\formal\cloudwatch\ec2\EC2-W03-T02_StatusCheckFailed_Maximum.json"
"EC2-W03-T03","EC2","EC2","CPUUtilization","Average","2026-08-16T16:16:22.116Z","2026-08-16T16:17:22.719Z","2026-08-16T16:16:00.000Z","73.05010675206833","Percent","RETURNED","E:\GKS Research\aws-ec2-vs-serverless-research\data\raw\formal\cloudwatch\ec2\EC2-W03-T03_CPUUtilization_Average.json"
"EC2-W03-T03","EC2","EC2","CPUUtilization","Maximum","2026-08-16T16:16:22.116Z","2026-08-16T16:17:22.719Z","2026-08-16T16:16:00.000Z","73.05010675206833","Percent","RETURNED","E:\GKS Research\aws-ec2-vs-serverless-research\data\raw\formal\cloudwatch\ec2\EC2-W03-T03_CPUUtilization_Maximum.json"
"EC2-W03-T03","EC2","EC2","NetworkIn","Sum","2026-08-16T16:16:22.116Z","2026-08-16T16:17:22.719Z","2026-08-16T16:16:00.000Z","750073.0","Bytes","RETURNED","E:\GKS Research\aws-ec2-vs-serverless-research\data\raw\formal\cloudwatch\ec2\EC2-W03-T03_NetworkIn_Sum.json"
"EC2-W03-T03","EC2","EC2","NetworkOut","Sum","2026-08-16T16:16:22.116Z","2026-08-16T16:17:22.719Z","2026-08-16T16:16:00.000Z","1115174.0","Bytes","RETURNED","E:\GKS Research\aws-ec2-vs-serverless-research\data\raw\formal\cloudwatch\ec2\EC2-W03-T03_NetworkOut_Sum.json"
"EC2-W03-T03","EC2","EC2","StatusCheckFailed","Maximum","2026-08-16T16:16:22.116Z","2026-08-16T16:17:22.719Z","2026-08-16T16:16:00.000Z","0.0","Count","RETURNED","E:\GKS Research\aws-ec2-vs-serverless-research\data\raw\formal\cloudwatch\ec2\EC2-W03-T03_StatusCheckFailed_Maximum.json"
"EC2-W04-T01","EC2","EC2","CPUUtilization","Average","2026-08-16T16:28:55.178Z","2026-08-16T16:29:56.094Z","2026-08-16T16:28:00.000Z","0.15","Percent","RETURNED","E:\GKS Research\aws-ec2-vs-serverless-research\data\raw\formal\cloudwatch\ec2\EC2-W04-T01_CPUUtilization_Average.json"
"EC2-W04-T01","EC2","EC2","CPUUtilization","Maximum","2026-08-16T16:28:55.178Z","2026-08-16T16:29:56.094Z","2026-08-16T16:28:00.000Z","0.15","Percent","RETURNED","E:\GKS Research\aws-ec2-vs-serverless-research\data\raw\formal\cloudwatch\ec2\EC2-W04-T01_CPUUtilization_Maximum.json"
"EC2-W04-T01","EC2","EC2","NetworkIn","Sum","2026-08-16T16:28:55.178Z","2026-08-16T16:29:56.094Z","2026-08-16T16:28:00.000Z","7703.0","Bytes","RETURNED","E:\GKS Research\aws-ec2-vs-serverless-research\data\raw\formal\cloudwatch\ec2\EC2-W04-T01_NetworkIn_Sum.json"
"EC2-W04-T01","EC2","EC2","NetworkOut","Sum","2026-08-16T16:28:55.178Z","2026-08-16T16:29:56.094Z","2026-08-16T16:28:00.000Z","5508.0","Bytes","RETURNED","E:\GKS Research\aws-ec2-vs-serverless-research\data\raw\formal\cloudwatch\ec2\EC2-W04-T01_NetworkOut_Sum.json"
"EC2-W04-T01","EC2","EC2","StatusCheckFailed","Maximum","2026-08-16T16:28:55.178Z","2026-08-16T16:29:56.094Z","2026-08-16T16:28:00.000Z","0.0","Count","RETURNED","E:\GKS Research\aws-ec2-vs-serverless-research\data\raw\formal\cloudwatch\ec2\EC2-W04-T01_StatusCheckFailed_Maximum.json"
"EC2-W04-T02","EC2","EC2","CPUUtilization","Average","2026-08-16T16:29:58.623Z","2026-08-16T16:30:59.358Z","2026-08-16T16:29:00.000Z","73.51251436279162","Percent","RETURNED","E:\GKS Research\aws-ec2-vs-serverless-research\data\raw\formal\cloudwatch\ec2\EC2-W04-T02_CPUUtilization_Average.json"
"EC2-W04-T02","EC2","EC2","CPUUtilization","Maximum","2026-08-16T16:29:58.623Z","2026-08-16T16:30:59.358Z","2026-08-16T16:29:00.000Z","73.51251436279162","Percent","RETURNED","E:\GKS Research\aws-ec2-vs-serverless-research\data\raw\formal\cloudwatch\ec2\EC2-W04-T02_CPUUtilization_Maximum.json"
"EC2-W04-T02","EC2","EC2","NetworkIn","Sum","2026-08-16T16:29:58.623Z","2026-08-16T16:30:59.358Z","2026-08-16T16:29:00.000Z","745692.0","Bytes","RETURNED","E:\GKS Research\aws-ec2-vs-serverless-research\data\raw\formal\cloudwatch\ec2\EC2-W04-T02_NetworkIn_Sum.json"
"EC2-W04-T02","EC2","EC2","NetworkOut","Sum","2026-08-16T16:29:58.623Z","2026-08-16T16:30:59.358Z","2026-08-16T16:29:00.000Z","1154978.0","Bytes","RETURNED","E:\GKS Research\aws-ec2-vs-serverless-research\data\raw\formal\cloudwatch\ec2\EC2-W04-T02_NetworkOut_Sum.json"
"EC2-W04-T02","EC2","EC2","StatusCheckFailed","Maximum","2026-08-16T16:29:58.623Z","2026-08-16T16:30:59.358Z","2026-08-16T16:29:00.000Z","0.0","Count","RETURNED","E:\GKS Research\aws-ec2-vs-serverless-research\data\raw\formal\cloudwatch\ec2\EC2-W04-T02_StatusCheckFailed_Maximum.json"
"EC2-W04-T03","EC2","EC2","CPUUtilization","Average","2026-08-16T16:31:01.932Z","2026-08-16T16:32:02.750Z","2026-08-16T16:31:00.000Z","86.91090757701915","Percent","RETURNED","E:\GKS Research\aws-ec2-vs-serverless-research\data\raw\formal\cloudwatch\ec2\EC2-W04-T03_CPUUtilization_Average.json"
"EC2-W04-T03","EC2","EC2","CPUUtilization","Maximum","2026-08-16T16:31:01.932Z","2026-08-16T16:32:02.750Z","2026-08-16T16:31:00.000Z","86.91090757701915","Percent","RETURNED","E:\GKS Research\aws-ec2-vs-serverless-research\data\raw\formal\cloudwatch\ec2\EC2-W04-T03_CPUUtilization_Maximum.json"
"EC2-W04-T03","EC2","EC2","NetworkIn","Sum","2026-08-16T16:31:01.932Z","2026-08-16T16:32:02.750Z","2026-08-16T16:31:00.000Z","823257.0","Bytes","RETURNED","E:\GKS Research\aws-ec2-vs-serverless-research\data\raw\formal\cloudwatch\ec2\EC2-W04-T03_NetworkIn_Sum.json"
"EC2-W04-T03","EC2","EC2","NetworkOut","Sum","2026-08-16T16:31:01.932Z","2026-08-16T16:32:02.750Z","2026-08-16T16:31:00.000Z","1289354.0","Bytes","RETURNED","E:\GKS Research\aws-ec2-vs-serverless-research\data\raw\formal\cloudwatch\ec2\EC2-W04-T03_NetworkOut_Sum.json"
"EC2-W04-T03","EC2","EC2","StatusCheckFailed","Maximum","2026-08-16T16:31:01.932Z","2026-08-16T16:32:02.750Z","2026-08-16T16:31:00.000Z","0.0","Count","RETURNED","E:\GKS Research\aws-ec2-vs-serverless-research\data\raw\formal\cloudwatch\ec2\EC2-W04-T03_StatusCheckFailed_Maximum.json"
"EC2-W05-T01","EC2","EC2","CPUUtilization","Average","2026-08-16T16:43:45.668Z","2026-08-16T16:44:46.463Z","2026-08-16T16:43:00.000Z","0.1501301127643958","Percent","RETURNED","E:\GKS Research\aws-ec2-vs-serverless-research\data\raw\formal\cloudwatch\ec2\EC2-W05-T01_CPUUtilization_Average.json"
"EC2-W05-T01","EC2","EC2","CPUUtilization","Maximum","2026-08-16T16:43:45.668Z","2026-08-16T16:44:46.463Z","2026-08-16T16:43:00.000Z","0.1501301127643958","Percent","RETURNED","E:\GKS Research\aws-ec2-vs-serverless-research\data\raw\formal\cloudwatch\ec2\EC2-W05-T01_CPUUtilization_Maximum.json"
"EC2-W05-T01","EC2","EC2","NetworkIn","Sum","2026-08-16T16:43:45.668Z","2026-08-16T16:44:46.463Z","2026-08-16T16:43:00.000Z","43784.0","Bytes","RETURNED","E:\GKS Research\aws-ec2-vs-serverless-research\data\raw\formal\cloudwatch\ec2\EC2-W05-T01_NetworkIn_Sum.json"
"EC2-W05-T01","EC2","EC2","NetworkOut","Sum","2026-08-16T16:43:45.668Z","2026-08-16T16:44:46.463Z","2026-08-16T16:43:00.000Z","57247.0","Bytes","RETURNED","E:\GKS Research\aws-ec2-vs-serverless-research\data\raw\formal\cloudwatch\ec2\EC2-W05-T01_NetworkOut_Sum.json"
"EC2-W05-T01","EC2","EC2","StatusCheckFailed","Maximum","2026-08-16T16:43:45.668Z","2026-08-16T16:44:46.463Z","2026-08-16T16:43:00.000Z","0.0","Count","RETURNED","E:\GKS Research\aws-ec2-vs-serverless-research\data\raw\formal\cloudwatch\ec2\EC2-W05-T01_StatusCheckFailed_Maximum.json"
"EC2-W05-T02","EC2","EC2","CPUUtilization","Average","2026-08-16T16:49:49.313Z","2026-08-16T16:50:50.297Z","2026-08-16T16:49:00.000Z","0.1415557813046447","Percent","RETURNED","E:\GKS Research\aws-ec2-vs-serverless-research\data\raw\formal\cloudwatch\ec2\EC2-W05-T02_CPUUtilization_Average.json"
"EC2-W05-T02","EC2","EC2","CPUUtilization","Maximum","2026-08-16T16:49:49.313Z","2026-08-16T16:50:50.297Z","2026-08-16T16:49:00.000Z","0.1415557813046447","Percent","RETURNED","E:\GKS Research\aws-ec2-vs-serverless-research\data\raw\formal\cloudwatch\ec2\EC2-W05-T02_CPUUtilization_Maximum.json"
"EC2-W05-T02","EC2","EC2","NetworkIn","Sum","2026-08-16T16:49:49.313Z","2026-08-16T16:50:50.297Z","2026-08-16T16:49:00.000Z","821.0","Bytes","RETURNED","E:\GKS Research\aws-ec2-vs-serverless-research\data\raw\formal\cloudwatch\ec2\EC2-W05-T02_NetworkIn_Sum.json"
"EC2-W05-T02","EC2","EC2","NetworkOut","Sum","2026-08-16T16:49:49.313Z","2026-08-16T16:50:50.297Z","2026-08-16T16:49:00.000Z","991.0","Bytes","RETURNED","E:\GKS Research\aws-ec2-vs-serverless-research\data\raw\formal\cloudwatch\ec2\EC2-W05-T02_NetworkOut_Sum.json"
"EC2-W05-T02","EC2","EC2","StatusCheckFailed","Maximum","2026-08-16T16:49:49.313Z","2026-08-16T16:50:50.297Z","2026-08-16T16:49:00.000Z","0.0","Count","RETURNED","E:\GKS Research\aws-ec2-vs-serverless-research\data\raw\formal\cloudwatch\ec2\EC2-W05-T02_StatusCheckFailed_Maximum.json"
"EC2-W05-T03","EC2","EC2","CPUUtilization","Average","2026-08-16T16:55:53.194Z","2026-08-16T16:56:54.231Z","2026-08-16T16:55:00.000Z","0.1501200960768615","Percent","RETURNED","E:\GKS Research\aws-ec2-vs-serverless-research\data\raw\formal\cloudwatch\ec2\EC2-W05-T03_CPUUtilization_Average.json"
"EC2-W05-T03","EC2","EC2","CPUUtilization","Maximum","2026-08-16T16:55:53.194Z","2026-08-16T16:56:54.231Z","2026-08-16T16:55:00.000Z","0.1501200960768615","Percent","RETURNED","E:\GKS Research\aws-ec2-vs-serverless-research\data\raw\formal\cloudwatch\ec2\EC2-W05-T03_CPUUtilization_Maximum.json"
"EC2-W05-T03","EC2","EC2","NetworkIn","Sum","2026-08-16T16:55:53.194Z","2026-08-16T16:56:54.231Z","2026-08-16T16:55:00.000Z","453.0","Bytes","RETURNED","E:\GKS Research\aws-ec2-vs-serverless-research\data\raw\formal\cloudwatch\ec2\EC2-W05-T03_NetworkIn_Sum.json"
"EC2-W05-T03","EC2","EC2","NetworkOut","Sum","2026-08-16T16:55:53.194Z","2026-08-16T16:56:54.231Z","2026-08-16T16:55:00.000Z","523.0","Bytes","RETURNED","E:\GKS Research\aws-ec2-vs-serverless-research\data\raw\formal\cloudwatch\ec2\EC2-W05-T03_NetworkOut_Sum.json"
"EC2-W05-T03","EC2","EC2","StatusCheckFailed","Maximum","2026-08-16T16:55:53.194Z","2026-08-16T16:56:54.231Z","2026-08-16T16:55:00.000Z","0.0","Count","RETURNED","E:\GKS Research\aws-ec2-vs-serverless-research\data\raw\formal\cloudwatch\ec2\EC2-W05-T03_StatusCheckFailed_Maximum.json"
"EC2-W06-T01","EC2","EC2","CPUUtilization","Average","2026-08-16T17:22:42.772Z","2026-08-16T17:27:43.912Z","2026-08-16T17:22:00.000Z","0.1501200960768615","Percent","RETURNED","E:\GKS Research\aws-ec2-vs-serverless-research\data\raw\formal\cloudwatch\ec2\EC2-W06-T01_CPUUtilization_Average.json"
"EC2-W06-T01","EC2","EC2","CPUUtilization","Average","2026-08-16T17:22:42.772Z","2026-08-16T17:27:43.912Z","2026-08-16T17:23:00.000Z","55.23333333333333","Percent","RETURNED","E:\GKS Research\aws-ec2-vs-serverless-research\data\raw\formal\cloudwatch\ec2\EC2-W06-T01_CPUUtilization_Average.json"
"EC2-W06-T01","EC2","EC2","CPUUtilization","Average","2026-08-16T17:22:42.772Z","2026-08-16T17:27:43.912Z","2026-08-16T17:24:00.000Z","54.65","Percent","RETURNED","E:\GKS Research\aws-ec2-vs-serverless-research\data\raw\formal\cloudwatch\ec2\EC2-W06-T01_CPUUtilization_Average.json"
"EC2-W06-T01","EC2","EC2","CPUUtilization","Average","2026-08-16T17:22:42.772Z","2026-08-16T17:27:43.912Z","2026-08-16T17:25:00.000Z","47.16069941715237","Percent","RETURNED","E:\GKS Research\aws-ec2-vs-serverless-research\data\raw\formal\cloudwatch\ec2\EC2-W06-T01_CPUUtilization_Average.json"
"EC2-W06-T01","EC2","EC2","CPUUtilization","Average","2026-08-16T17:22:42.772Z","2026-08-16T17:27:43.912Z","2026-08-16T17:26:00.000Z","49.14095079232693","Percent","RETURNED","E:\GKS Research\aws-ec2-vs-serverless-research\data\raw\formal\cloudwatch\ec2\EC2-W06-T01_CPUUtilization_Average.json"
"EC2-W06-T01","EC2","EC2","CPUUtilization","Maximum","2026-08-16T17:22:42.772Z","2026-08-16T17:27:43.912Z","2026-08-16T17:22:00.000Z","0.1501200960768615","Percent","RETURNED","E:\GKS Research\aws-ec2-vs-serverless-research\data\raw\formal\cloudwatch\ec2\EC2-W06-T01_CPUUtilization_Maximum.json"
"EC2-W06-T01","EC2","EC2","CPUUtilization","Maximum","2026-08-16T17:22:42.772Z","2026-08-16T17:27:43.912Z","2026-08-16T17:23:00.000Z","55.23333333333333","Percent","RETURNED","E:\GKS Research\aws-ec2-vs-serverless-research\data\raw\formal\cloudwatch\ec2\EC2-W06-T01_CPUUtilization_Maximum.json"
"EC2-W06-T01","EC2","EC2","CPUUtilization","Maximum","2026-08-16T17:22:42.772Z","2026-08-16T17:27:43.912Z","2026-08-16T17:24:00.000Z","54.65","Percent","RETURNED","E:\GKS Research\aws-ec2-vs-serverless-research\data\raw\formal\cloudwatch\ec2\EC2-W06-T01_CPUUtilization_Maximum.json"
"EC2-W06-T01","EC2","EC2","CPUUtilization","Maximum","2026-08-16T17:22:42.772Z","2026-08-16T17:27:43.912Z","2026-08-16T17:25:00.000Z","47.16069941715237","Percent","RETURNED","E:\GKS Research\aws-ec2-vs-serverless-research\data\raw\formal\cloudwatch\ec2\EC2-W06-T01_CPUUtilization_Maximum.json"
"EC2-W06-T01","EC2","EC2","CPUUtilization","Maximum","2026-08-16T17:22:42.772Z","2026-08-16T17:27:43.912Z","2026-08-16T17:26:00.000Z","49.14095079232693","Percent","RETURNED","E:\GKS Research\aws-ec2-vs-serverless-research\data\raw\formal\cloudwatch\ec2\EC2-W06-T01_CPUUtilization_Maximum.json"
"EC2-W06-T01","EC2","EC2","NetworkIn","Sum","2026-08-16T17:22:42.772Z","2026-08-16T17:27:43.912Z","2026-08-16T17:22:00.000Z","28539.0","Bytes","RETURNED","E:\GKS Research\aws-ec2-vs-serverless-research\data\raw\formal\cloudwatch\ec2\EC2-W06-T01_NetworkIn_Sum.json"
"EC2-W06-T01","EC2","EC2","NetworkIn","Sum","2026-08-16T17:22:42.772Z","2026-08-16T17:27:43.912Z","2026-08-16T17:23:00.000Z","613204.0","Bytes","RETURNED","E:\GKS Research\aws-ec2-vs-serverless-research\data\raw\formal\cloudwatch\ec2\EC2-W06-T01_NetworkIn_Sum.json"
"EC2-W06-T01","EC2","EC2","NetworkIn","Sum","2026-08-16T17:22:42.772Z","2026-08-16T17:27:43.912Z","2026-08-16T17:24:00.000Z","591154.0","Bytes","RETURNED","E:\GKS Research\aws-ec2-vs-serverless-research\data\raw\formal\cloudwatch\ec2\EC2-W06-T01_NetworkIn_Sum.json"
"EC2-W06-T01","EC2","EC2","NetworkIn","Sum","2026-08-16T17:22:42.772Z","2026-08-16T17:27:43.912Z","2026-08-16T17:25:00.000Z","503139.0","Bytes","RETURNED","E:\GKS Research\aws-ec2-vs-serverless-research\data\raw\formal\cloudwatch\ec2\EC2-W06-T01_NetworkIn_Sum.json"
"EC2-W06-T01","EC2","EC2","NetworkIn","Sum","2026-08-16T17:22:42.772Z","2026-08-16T17:27:43.912Z","2026-08-16T17:26:00.000Z","516645.0","Bytes","RETURNED","E:\GKS Research\aws-ec2-vs-serverless-research\data\raw\formal\cloudwatch\ec2\EC2-W06-T01_NetworkIn_Sum.json"
"EC2-W06-T01","EC2","EC2","NetworkOut","Sum","2026-08-16T17:22:42.772Z","2026-08-16T17:27:43.912Z","2026-08-16T17:22:00.000Z","39586.0","Bytes","RETURNED","E:\GKS Research\aws-ec2-vs-serverless-research\data\raw\formal\cloudwatch\ec2\EC2-W06-T01_NetworkOut_Sum.json"
"EC2-W06-T01","EC2","EC2","NetworkOut","Sum","2026-08-16T17:22:42.772Z","2026-08-16T17:27:43.912Z","2026-08-16T17:23:00.000Z","930761.0","Bytes","RETURNED","E:\GKS Research\aws-ec2-vs-serverless-research\data\raw\formal\cloudwatch\ec2\EC2-W06-T01_NetworkOut_Sum.json"
"EC2-W06-T01","EC2","EC2","NetworkOut","Sum","2026-08-16T17:22:42.772Z","2026-08-16T17:27:43.912Z","2026-08-16T17:24:00.000Z","898456.0","Bytes","RETURNED","E:\GKS Research\aws-ec2-vs-serverless-research\data\raw\formal\cloudwatch\ec2\EC2-W06-T01_NetworkOut_Sum.json"
"EC2-W06-T01","EC2","EC2","NetworkOut","Sum","2026-08-16T17:22:42.772Z","2026-08-16T17:27:43.912Z","2026-08-16T17:25:00.000Z","751884.0","Bytes","RETURNED","E:\GKS Research\aws-ec2-vs-serverless-research\data\raw\formal\cloudwatch\ec2\EC2-W06-T01_NetworkOut_Sum.json"
"EC2-W06-T01","EC2","EC2","NetworkOut","Sum","2026-08-16T17:22:42.772Z","2026-08-16T17:27:43.912Z","2026-08-16T17:26:00.000Z","777594.0","Bytes","RETURNED","E:\GKS Research\aws-ec2-vs-serverless-research\data\raw\formal\cloudwatch\ec2\EC2-W06-T01_NetworkOut_Sum.json"
"EC2-W06-T01","EC2","EC2","StatusCheckFailed","Maximum","2026-08-16T17:22:42.772Z","2026-08-16T17:27:43.912Z","2026-08-16T17:22:00.000Z","0.0","Count","RETURNED","E:\GKS Research\aws-ec2-vs-serverless-research\data\raw\formal\cloudwatch\ec2\EC2-W06-T01_StatusCheckFailed_Maximum.json"
"EC2-W06-T01","EC2","EC2","StatusCheckFailed","Maximum","2026-08-16T17:22:42.772Z","2026-08-16T17:27:43.912Z","2026-08-16T17:23:00.000Z","0.0","Count","RETURNED","E:\GKS Research\aws-ec2-vs-serverless-research\data\raw\formal\cloudwatch\ec2\EC2-W06-T01_StatusCheckFailed_Maximum.json"
"EC2-W06-T01","EC2","EC2","StatusCheckFailed","Maximum","2026-08-16T17:22:42.772Z","2026-08-16T17:27:43.912Z","2026-08-16T17:24:00.000Z","0.0","Count","RETURNED","E:\GKS Research\aws-ec2-vs-serverless-research\data\raw\formal\cloudwatch\ec2\EC2-W06-T01_StatusCheckFailed_Maximum.json"
"EC2-W06-T01","EC2","EC2","StatusCheckFailed","Maximum","2026-08-16T17:22:42.772Z","2026-08-16T17:27:43.912Z","2026-08-16T17:25:00.000Z","0.0","Count","RETURNED","E:\GKS Research\aws-ec2-vs-serverless-research\data\raw\formal\cloudwatch\ec2\EC2-W06-T01_StatusCheckFailed_Maximum.json"
"EC2-W06-T01","EC2","EC2","StatusCheckFailed","Maximum","2026-08-16T17:22:42.772Z","2026-08-16T17:27:43.912Z","2026-08-16T17:26:00.000Z","0.0","Count","RETURNED","E:\GKS Research\aws-ec2-vs-serverless-research\data\raw\formal\cloudwatch\ec2\EC2-W06-T01_StatusCheckFailed_Maximum.json"
"EC2-W06-T02","EC2","EC2","CPUUtilization","Average","2026-08-16T17:27:47.371Z","2026-08-16T17:32:48.488Z","2026-08-16T17:27:00.000Z","60.291666666666664","Percent","RETURNED","E:\GKS Research\aws-ec2-vs-serverless-research\data\raw\formal\cloudwatch\ec2\EC2-W06-T02_CPUUtilization_Average.json"
"EC2-W06-T02","EC2","EC2","CPUUtilization","Average","2026-08-16T17:27:47.371Z","2026-08-16T17:32:48.488Z","2026-08-16T17:28:00.000Z","46.712629896083136","Percent","RETURNED","E:\GKS Research\aws-ec2-vs-serverless-research\data\raw\formal\cloudwatch\ec2\EC2-W06-T02_CPUUtilization_Average.json"
"EC2-W06-T02","EC2","EC2","CPUUtilization","Average","2026-08-16T17:27:47.371Z","2026-08-16T17:32:48.488Z","2026-08-16T17:29:00.000Z","59.02221777421938","Percent","RETURNED","E:\GKS Research\aws-ec2-vs-serverless-research\data\raw\formal\cloudwatch\ec2\EC2-W06-T02_CPUUtilization_Average.json"
"EC2-W06-T02","EC2","EC2","CPUUtilization","Average","2026-08-16T17:27:47.371Z","2026-08-16T17:32:48.488Z","2026-08-16T17:30:00.000Z","17.575","Percent","RETURNED","E:\GKS Research\aws-ec2-vs-serverless-research\data\raw\formal\cloudwatch\ec2\EC2-W06-T02_CPUUtilization_Average.json"
"EC2-W06-T02","EC2","EC2","CPUUtilization","Average","2026-08-16T17:27:47.371Z","2026-08-16T17:32:48.488Z","2026-08-16T17:31:00.000Z","3.047460449625312","Percent","RETURNED","E:\GKS Research\aws-ec2-vs-serverless-research\data\raw\formal\cloudwatch\ec2\EC2-W06-T02_CPUUtilization_Average.json"
"EC2-W06-T02","EC2","EC2","CPUUtilization","Maximum","2026-08-16T17:27:47.371Z","2026-08-16T17:32:48.488Z","2026-08-16T17:27:00.000Z","60.291666666666664","Percent","RETURNED","E:\GKS Research\aws-ec2-vs-serverless-research\data\raw\formal\cloudwatch\ec2\EC2-W06-T02_CPUUtilization_Maximum.json"
"EC2-W06-T02","EC2","EC2","CPUUtilization","Maximum","2026-08-16T17:27:47.371Z","2026-08-16T17:32:48.488Z","2026-08-16T17:28:00.000Z","46.712629896083136","Percent","RETURNED","E:\GKS Research\aws-ec2-vs-serverless-research\data\raw\formal\cloudwatch\ec2\EC2-W06-T02_CPUUtilization_Maximum.json"
"EC2-W06-T02","EC2","EC2","CPUUtilization","Maximum","2026-08-16T17:27:47.371Z","2026-08-16T17:32:48.488Z","2026-08-16T17:29:00.000Z","59.02221777421938","Percent","RETURNED","E:\GKS Research\aws-ec2-vs-serverless-research\data\raw\formal\cloudwatch\ec2\EC2-W06-T02_CPUUtilization_Maximum.json"
"EC2-W06-T02","EC2","EC2","CPUUtilization","Maximum","2026-08-16T17:27:47.371Z","2026-08-16T17:32:48.488Z","2026-08-16T17:30:00.000Z","17.575","Percent","RETURNED","E:\GKS Research\aws-ec2-vs-serverless-research\data\raw\formal\cloudwatch\ec2\EC2-W06-T02_CPUUtilization_Maximum.json"
"EC2-W06-T02","EC2","EC2","CPUUtilization","Maximum","2026-08-16T17:27:47.371Z","2026-08-16T17:32:48.488Z","2026-08-16T17:31:00.000Z","3.047460449625312","Percent","RETURNED","E:\GKS Research\aws-ec2-vs-serverless-research\data\raw\formal\cloudwatch\ec2\EC2-W06-T02_CPUUtilization_Maximum.json"
"EC2-W06-T02","EC2","EC2","NetworkIn","Sum","2026-08-16T17:27:47.371Z","2026-08-16T17:32:48.488Z","2026-08-16T17:27:00.000Z","573152.0","Bytes","RETURNED","E:\GKS Research\aws-ec2-vs-serverless-research\data\raw\formal\cloudwatch\ec2\EC2-W06-T02_NetworkIn_Sum.json"
"EC2-W06-T02","EC2","EC2","NetworkIn","Sum","2026-08-16T17:27:47.371Z","2026-08-16T17:32:48.488Z","2026-08-16T17:28:00.000Z","548123.0","Bytes","RETURNED","E:\GKS Research\aws-ec2-vs-serverless-research\data\raw\formal\cloudwatch\ec2\EC2-W06-T02_NetworkIn_Sum.json"
"EC2-W06-T02","EC2","EC2","NetworkIn","Sum","2026-08-16T17:27:47.371Z","2026-08-16T17:32:48.488Z","2026-08-16T17:29:00.000Z","614486.0","Bytes","RETURNED","E:\GKS Research\aws-ec2-vs-serverless-research\data\raw\formal\cloudwatch\ec2\EC2-W06-T02_NetworkIn_Sum.json"
"EC2-W06-T02","EC2","EC2","NetworkIn","Sum","2026-08-16T17:27:47.371Z","2026-08-16T17:32:48.488Z","2026-08-16T17:30:00.000Z","140380.0","Bytes","RETURNED","E:\GKS Research\aws-ec2-vs-serverless-research\data\raw\formal\cloudwatch\ec2\EC2-W06-T02_NetworkIn_Sum.json"
"EC2-W06-T02","EC2","EC2","NetworkIn","Sum","2026-08-16T17:27:47.371Z","2026-08-16T17:32:48.488Z","2026-08-16T17:31:00.000Z","71483.0","Bytes","RETURNED","E:\GKS Research\aws-ec2-vs-serverless-research\data\raw\formal\cloudwatch\ec2\EC2-W06-T02_NetworkIn_Sum.json"
"EC2-W06-T02","EC2","EC2","NetworkOut","Sum","2026-08-16T17:27:47.371Z","2026-08-16T17:32:48.488Z","2026-08-16T17:27:00.000Z","865471.0","Bytes","RETURNED","E:\GKS Research\aws-ec2-vs-serverless-research\data\raw\formal\cloudwatch\ec2\EC2-W06-T02_NetworkOut_Sum.json"
"EC2-W06-T02","EC2","EC2","NetworkOut","Sum","2026-08-16T17:27:47.371Z","2026-08-16T17:32:48.488Z","2026-08-16T17:28:00.000Z","826917.0","Bytes","RETURNED","E:\GKS Research\aws-ec2-vs-serverless-research\data\raw\formal\cloudwatch\ec2\EC2-W06-T02_NetworkOut_Sum.json"
"EC2-W06-T02","EC2","EC2","NetworkOut","Sum","2026-08-16T17:27:47.371Z","2026-08-16T17:32:48.488Z","2026-08-16T17:29:00.000Z","929765.0","Bytes","RETURNED","E:\GKS Research\aws-ec2-vs-serverless-research\data\raw\formal\cloudwatch\ec2\EC2-W06-T02_NetworkOut_Sum.json"
"EC2-W06-T02","EC2","EC2","NetworkOut","Sum","2026-08-16T17:27:47.371Z","2026-08-16T17:32:48.488Z","2026-08-16T17:30:00.000Z","209883.0","Bytes","RETURNED","E:\GKS Research\aws-ec2-vs-serverless-research\data\raw\formal\cloudwatch\ec2\EC2-W06-T02_NetworkOut_Sum.json"
"EC2-W06-T02","EC2","EC2","NetworkOut","Sum","2026-08-16T17:27:47.371Z","2026-08-16T17:32:48.488Z","2026-08-16T17:31:00.000Z","110154.0","Bytes","RETURNED","E:\GKS Research\aws-ec2-vs-serverless-research\data\raw\formal\cloudwatch\ec2\EC2-W06-T02_NetworkOut_Sum.json"
"EC2-W06-T02","EC2","EC2","StatusCheckFailed","Maximum","2026-08-16T17:27:47.371Z","2026-08-16T17:32:48.488Z","2026-08-16T17:27:00.000Z","0.0","Count","RETURNED","E:\GKS Research\aws-ec2-vs-serverless-research\data\raw\formal\cloudwatch\ec2\EC2-W06-T02_StatusCheckFailed_Maximum.json"
"EC2-W06-T02","EC2","EC2","StatusCheckFailed","Maximum","2026-08-16T17:27:47.371Z","2026-08-16T17:32:48.488Z","2026-08-16T17:28:00.000Z","0.0","Count","RETURNED","E:\GKS Research\aws-ec2-vs-serverless-research\data\raw\formal\cloudwatch\ec2\EC2-W06-T02_StatusCheckFailed_Maximum.json"
"EC2-W06-T02","EC2","EC2","StatusCheckFailed","Maximum","2026-08-16T17:27:47.371Z","2026-08-16T17:32:48.488Z","2026-08-16T17:29:00.000Z","0.0","Count","RETURNED","E:\GKS Research\aws-ec2-vs-serverless-research\data\raw\formal\cloudwatch\ec2\EC2-W06-T02_StatusCheckFailed_Maximum.json"
"EC2-W06-T02","EC2","EC2","StatusCheckFailed","Maximum","2026-08-16T17:27:47.371Z","2026-08-16T17:32:48.488Z","2026-08-16T17:30:00.000Z","0.0","Count","RETURNED","E:\GKS Research\aws-ec2-vs-serverless-research\data\raw\formal\cloudwatch\ec2\EC2-W06-T02_StatusCheckFailed_Maximum.json"
"EC2-W06-T02","EC2","EC2","StatusCheckFailed","Maximum","2026-08-16T17:27:47.371Z","2026-08-16T17:32:48.488Z","2026-08-16T17:31:00.000Z","0.0","Count","RETURNED","E:\GKS Research\aws-ec2-vs-serverless-research\data\raw\formal\cloudwatch\ec2\EC2-W06-T02_StatusCheckFailed_Maximum.json"
"EC2-W06-T03","EC2","EC2","CPUUtilization","Average","2026-08-16T17:32:51.715Z","2026-08-16T17:40:55.369Z","2026-08-16T17:32:00.000Z","52.41034195162636","Percent","RETURNED","E:\GKS Research\aws-ec2-vs-serverless-research\data\raw\formal\cloudwatch\ec2\EC2-W06-T03_CPUUtilization_Average.json"
"EC2-W06-T03","EC2","EC2","CPUUtilization","Average","2026-08-16T17:32:51.715Z","2026-08-16T17:40:55.369Z","2026-08-16T17:33:00.000Z","42.4","Percent","RETURNED","E:\GKS Research\aws-ec2-vs-serverless-research\data\raw\formal\cloudwatch\ec2\EC2-W06-T03_CPUUtilization_Average.json"
"EC2-W06-T03","EC2","EC2","CPUUtilization","Average","2026-08-16T17:32:51.715Z","2026-08-16T17:40:55.369Z","2026-08-16T17:34:00.000Z","29.38333333333333","Percent","RETURNED","E:\GKS Research\aws-ec2-vs-serverless-research\data\raw\formal\cloudwatch\ec2\EC2-W06-T03_CPUUtilization_Average.json"
"EC2-W06-T03","EC2","EC2","CPUUtilization","Average","2026-08-16T17:32:51.715Z","2026-08-16T17:40:55.369Z","2026-08-16T17:35:00.000Z","14.329963862845343","Percent","RETURNED","E:\GKS Research\aws-ec2-vs-serverless-research\data\raw\formal\cloudwatch\ec2\EC2-W06-T03_CPUUtilization_Average.json"
"EC2-W06-T03","EC2","EC2","CPUUtilization","Average","2026-08-16T17:32:51.715Z","2026-08-16T17:40:55.369Z","2026-08-16T17:36:00.000Z","0.1916666666666666","Percent","RETURNED","E:\GKS Research\aws-ec2-vs-serverless-research\data\raw\formal\cloudwatch\ec2\EC2-W06-T03_CPUUtilization_Average.json"
"EC2-W06-T03","EC2","EC2","CPUUtilization","Average","2026-08-16T17:32:51.715Z","2026-08-16T17:40:55.369Z","2026-08-16T17:37:00.000Z","0.1334423112208303","Percent","RETURNED","E:\GKS Research\aws-ec2-vs-serverless-research\data\raw\formal\cloudwatch\ec2\EC2-W06-T03_CPUUtilization_Average.json"
"EC2-W06-T03","EC2","EC2","CPUUtilization","Average","2026-08-16T17:32:51.715Z","2026-08-16T17:40:55.369Z","2026-08-16T17:38:00.000Z","0.14154870940882588","Percent","RETURNED","E:\GKS Research\aws-ec2-vs-serverless-research\data\raw\formal\cloudwatch\ec2\EC2-W06-T03_CPUUtilization_Average.json"
"EC2-W06-T03","EC2","EC2","CPUUtilization","Average","2026-08-16T17:32:51.715Z","2026-08-16T17:40:55.369Z","2026-08-16T17:39:00.000Z","0.1334445371142619","Percent","RETURNED","E:\GKS Research\aws-ec2-vs-serverless-research\data\raw\formal\cloudwatch\ec2\EC2-W06-T03_CPUUtilization_Average.json"
"EC2-W06-T03","EC2","EC2","CPUUtilization","Maximum","2026-08-16T17:32:51.715Z","2026-08-16T17:40:55.369Z","2026-08-16T17:32:00.000Z","52.41034195162636","Percent","RETURNED","E:\GKS Research\aws-ec2-vs-serverless-research\data\raw\formal\cloudwatch\ec2\EC2-W06-T03_CPUUtilization_Maximum.json"
"EC2-W06-T03","EC2","EC2","CPUUtilization","Maximum","2026-08-16T17:32:51.715Z","2026-08-16T17:40:55.369Z","2026-08-16T17:33:00.000Z","42.4","Percent","RETURNED","E:\GKS Research\aws-ec2-vs-serverless-research\data\raw\formal\cloudwatch\ec2\EC2-W06-T03_CPUUtilization_Maximum.json"
"EC2-W06-T03","EC2","EC2","CPUUtilization","Maximum","2026-08-16T17:32:51.715Z","2026-08-16T17:40:55.369Z","2026-08-16T17:34:00.000Z","29.38333333333333","Percent","RETURNED","E:\GKS Research\aws-ec2-vs-serverless-research\data\raw\formal\cloudwatch\ec2\EC2-W06-T03_CPUUtilization_Maximum.json"
"EC2-W06-T03","EC2","EC2","CPUUtilization","Maximum","2026-08-16T17:32:51.715Z","2026-08-16T17:40:55.369Z","2026-08-16T17:35:00.000Z","14.329963862845343","Percent","RETURNED","E:\GKS Research\aws-ec2-vs-serverless-research\data\raw\formal\cloudwatch\ec2\EC2-W06-T03_CPUUtilization_Maximum.json"
"EC2-W06-T03","EC2","EC2","CPUUtilization","Maximum","2026-08-16T17:32:51.715Z","2026-08-16T17:40:55.369Z","2026-08-16T17:36:00.000Z","0.1916666666666666","Percent","RETURNED","E:\GKS Research\aws-ec2-vs-serverless-research\data\raw\formal\cloudwatch\ec2\EC2-W06-T03_CPUUtilization_Maximum.json"
"EC2-W06-T03","EC2","EC2","CPUUtilization","Maximum","2026-08-16T17:32:51.715Z","2026-08-16T17:40:55.369Z","2026-08-16T17:37:00.000Z","0.1334423112208303","Percent","RETURNED","E:\GKS Research\aws-ec2-vs-serverless-research\data\raw\formal\cloudwatch\ec2\EC2-W06-T03_CPUUtilization_Maximum.json"
"EC2-W06-T03","EC2","EC2","CPUUtilization","Maximum","2026-08-16T17:32:51.715Z","2026-08-16T17:40:55.369Z","2026-08-16T17:38:00.000Z","0.14154870940882588","Percent","RETURNED","E:\GKS Research\aws-ec2-vs-serverless-research\data\raw\formal\cloudwatch\ec2\EC2-W06-T03_CPUUtilization_Maximum.json"
"EC2-W06-T03","EC2","EC2","CPUUtilization","Maximum","2026-08-16T17:32:51.715Z","2026-08-16T17:40:55.369Z","2026-08-16T17:39:00.000Z","0.1334445371142619","Percent","RETURNED","E:\GKS Research\aws-ec2-vs-serverless-research\data\raw\formal\cloudwatch\ec2\EC2-W06-T03_CPUUtilization_Maximum.json"
"EC2-W06-T03","EC2","EC2","NetworkIn","Sum","2026-08-16T17:32:51.715Z","2026-08-16T17:40:55.369Z","2026-08-16T17:32:00.000Z","572327.0","Bytes","RETURNED","E:\GKS Research\aws-ec2-vs-serverless-research\data\raw\formal\cloudwatch\ec2\EC2-W06-T03_NetworkIn_Sum.json"
"EC2-W06-T03","EC2","EC2","NetworkIn","Sum","2026-08-16T17:32:51.715Z","2026-08-16T17:40:55.369Z","2026-08-16T17:33:00.000Z","481058.0","Bytes","RETURNED","E:\GKS Research\aws-ec2-vs-serverless-research\data\raw\formal\cloudwatch\ec2\EC2-W06-T03_NetworkIn_Sum.json"
"EC2-W06-T03","EC2","EC2","NetworkIn","Sum","2026-08-16T17:32:51.715Z","2026-08-16T17:40:55.369Z","2026-08-16T17:34:00.000Z","435587.0","Bytes","RETURNED","E:\GKS Research\aws-ec2-vs-serverless-research\data\raw\formal\cloudwatch\ec2\EC2-W06-T03_NetworkIn_Sum.json"
"EC2-W06-T03","EC2","EC2","NetworkIn","Sum","2026-08-16T17:32:51.715Z","2026-08-16T17:40:55.369Z","2026-08-16T17:35:00.000Z","143064.0","Bytes","RETURNED","E:\GKS Research\aws-ec2-vs-serverless-research\data\raw\formal\cloudwatch\ec2\EC2-W06-T03_NetworkIn_Sum.json"
"EC2-W06-T03","EC2","EC2","NetworkIn","Sum","2026-08-16T17:32:51.715Z","2026-08-16T17:40:55.369Z","2026-08-16T17:36:00.000Z","297.0","Bytes","RETURNED","E:\GKS Research\aws-ec2-vs-serverless-research\data\raw\formal\cloudwatch\ec2\EC2-W06-T03_NetworkIn_Sum.json"
"EC2-W06-T03","EC2","EC2","NetworkIn","Sum","2026-08-16T17:32:51.715Z","2026-08-16T17:40:55.369Z","2026-08-16T17:37:00.000Z","526.0","Bytes","RETURNED","E:\GKS Research\aws-ec2-vs-serverless-research\data\raw\formal\cloudwatch\ec2\EC2-W06-T03_NetworkIn_Sum.json"
"EC2-W06-T03","EC2","EC2","NetworkIn","Sum","2026-08-16T17:32:51.715Z","2026-08-16T17:40:55.369Z","2026-08-16T17:38:00.000Z","7584.0","Bytes","RETURNED","E:\GKS Research\aws-ec2-vs-serverless-research\data\raw\formal\cloudwatch\ec2\EC2-W06-T03_NetworkIn_Sum.json"
"EC2-W06-T03","EC2","EC2","NetworkIn","Sum","2026-08-16T17:32:51.715Z","2026-08-16T17:40:55.369Z","2026-08-16T17:39:00.000Z","675.0","Bytes","RETURNED","E:\GKS Research\aws-ec2-vs-serverless-research\data\raw\formal\cloudwatch\ec2\EC2-W06-T03_NetworkIn_Sum.json"
"EC2-W06-T03","EC2","EC2","NetworkOut","Sum","2026-08-16T17:32:51.715Z","2026-08-16T17:40:55.369Z","2026-08-16T17:32:00.000Z","863546.0","Bytes","RETURNED","E:\GKS Research\aws-ec2-vs-serverless-research\data\raw\formal\cloudwatch\ec2\EC2-W06-T03_NetworkOut_Sum.json"
"EC2-W06-T03","EC2","EC2","NetworkOut","Sum","2026-08-16T17:32:51.715Z","2026-08-16T17:40:55.369Z","2026-08-16T17:33:00.000Z","714306.0","Bytes","RETURNED","E:\GKS Research\aws-ec2-vs-serverless-research\data\raw\formal\cloudwatch\ec2\EC2-W06-T03_NetworkOut_Sum.json"
"EC2-W06-T03","EC2","EC2","NetworkOut","Sum","2026-08-16T17:32:51.715Z","2026-08-16T17:40:55.369Z","2026-08-16T17:34:00.000Z","642874.0","Bytes","RETURNED","E:\GKS Research\aws-ec2-vs-serverless-research\data\raw\formal\cloudwatch\ec2\EC2-W06-T03_NetworkOut_Sum.json"
"EC2-W06-T03","EC2","EC2","NetworkOut","Sum","2026-08-16T17:32:51.715Z","2026-08-16T17:40:55.369Z","2026-08-16T17:35:00.000Z","210562.0","Bytes","RETURNED","E:\GKS Research\aws-ec2-vs-serverless-research\data\raw\formal\cloudwatch\ec2\EC2-W06-T03_NetworkOut_Sum.json"
"EC2-W06-T03","EC2","EC2","NetworkOut","Sum","2026-08-16T17:32:51.715Z","2026-08-16T17:40:55.369Z","2026-08-16T17:36:00.000Z","367.0","Bytes","RETURNED","E:\GKS Research\aws-ec2-vs-serverless-research\data\raw\formal\cloudwatch\ec2\EC2-W06-T03_NetworkOut_Sum.json"
"EC2-W06-T03","EC2","EC2","NetworkOut","Sum","2026-08-16T17:32:51.715Z","2026-08-16T17:40:55.369Z","2026-08-16T17:37:00.000Z","523.0","Bytes","RETURNED","E:\GKS Research\aws-ec2-vs-serverless-research\data\raw\formal\cloudwatch\ec2\EC2-W06-T03_NetworkOut_Sum.json"
"EC2-W06-T03","EC2","EC2","NetworkOut","Sum","2026-08-16T17:32:51.715Z","2026-08-16T17:40:55.369Z","2026-08-16T17:38:00.000Z","5800.0","Bytes","RETURNED","E:\GKS Research\aws-ec2-vs-serverless-research\data\raw\formal\cloudwatch\ec2\EC2-W06-T03_NetworkOut_Sum.json"
"EC2-W06-T03","EC2","EC2","NetworkOut","Sum","2026-08-16T17:32:51.715Z","2026-08-16T17:40:55.369Z","2026-08-16T17:39:00.000Z","745.0","Bytes","RETURNED","E:\GKS Research\aws-ec2-vs-serverless-research\data\raw\formal\cloudwatch\ec2\EC2-W06-T03_NetworkOut_Sum.json"
"EC2-W06-T03","EC2","EC2","StatusCheckFailed","Maximum","2026-08-16T17:32:51.715Z","2026-08-16T17:40:55.369Z","2026-08-16T17:32:00.000Z","0.0","Count","RETURNED","E:\GKS Research\aws-ec2-vs-serverless-research\data\raw\formal\cloudwatch\ec2\EC2-W06-T03_StatusCheckFailed_Maximum.json"
"EC2-W06-T03","EC2","EC2","StatusCheckFailed","Maximum","2026-08-16T17:32:51.715Z","2026-08-16T17:40:55.369Z","2026-08-16T17:33:00.000Z","0.0","Count","RETURNED","E:\GKS Research\aws-ec2-vs-serverless-research\data\raw\formal\cloudwatch\ec2\EC2-W06-T03_StatusCheckFailed_Maximum.json"
"EC2-W06-T03","EC2","EC2","StatusCheckFailed","Maximum","2026-08-16T17:32:51.715Z","2026-08-16T17:40:55.369Z","2026-08-16T17:34:00.000Z","0.0","Count","RETURNED","E:\GKS Research\aws-ec2-vs-serverless-research\data\raw\formal\cloudwatch\ec2\EC2-W06-T03_StatusCheckFailed_Maximum.json"
"EC2-W06-T03","EC2","EC2","StatusCheckFailed","Maximum","2026-08-16T17:32:51.715Z","2026-08-16T17:40:55.369Z","2026-08-16T17:35:00.000Z","0.0","Count","RETURNED","E:\GKS Research\aws-ec2-vs-serverless-research\data\raw\formal\cloudwatch\ec2\EC2-W06-T03_StatusCheckFailed_Maximum.json"
"EC2-W06-T03","EC2","EC2","StatusCheckFailed","Maximum","2026-08-16T17:32:51.715Z","2026-08-16T17:40:55.369Z","2026-08-16T17:36:00.000Z","0.0","Count","RETURNED","E:\GKS Research\aws-ec2-vs-serverless-research\data\raw\formal\cloudwatch\ec2\EC2-W06-T03_StatusCheckFailed_Maximum.json"
"EC2-W06-T03","EC2","EC2","StatusCheckFailed","Maximum","2026-08-16T17:32:51.715Z","2026-08-16T17:40:55.369Z","2026-08-16T17:37:00.000Z","0.0","Count","RETURNED","E:\GKS Research\aws-ec2-vs-serverless-research\data\raw\formal\cloudwatch\ec2\EC2-W06-T03_StatusCheckFailed_Maximum.json"
"EC2-W06-T03","EC2","EC2","StatusCheckFailed","Maximum","2026-08-16T17:32:51.715Z","2026-08-16T17:40:55.369Z","2026-08-16T17:38:00.000Z","0.0","Count","RETURNED","E:\GKS Research\aws-ec2-vs-serverless-research\data\raw\formal\cloudwatch\ec2\EC2-W06-T03_StatusCheckFailed_Maximum.json"
"EC2-W06-T03","EC2","EC2","StatusCheckFailed","Maximum","2026-08-16T17:32:51.715Z","2026-08-16T17:40:55.369Z","2026-08-16T17:39:00.000Z","0.0","Count","RETURNED","E:\GKS Research\aws-ec2-vs-serverless-research\data\raw\formal\cloudwatch\ec2\EC2-W06-T03_StatusCheckFailed_Maximum.json"
"SVL-W01-T01","SVL","Lambda","Invocations","Sum","2026-08-16T15:46:05.171Z","2026-08-16T15:47:06.241Z","2026-08-16T15:46:00.000Z","525.0","Count","RETURNED","E:\GKS Research\aws-ec2-vs-serverless-research\data\raw\formal\cloudwatch\lambda\SVL-W01-T01_Invocations_Sum.json"
"SVL-W01-T01","SVL","Lambda","Duration","Average","2026-08-16T15:46:05.171Z","2026-08-16T15:47:06.241Z","2026-08-16T15:46:00.000Z","23.36398095047622","Milliseconds","RETURNED","E:\GKS Research\aws-ec2-vs-serverless-research\data\raw\formal\cloudwatch\lambda\SVL-W01-T01_Duration_Average.json"
"SVL-W01-T01","SVL","Lambda","Errors","Sum","2026-08-16T15:46:05.171Z","2026-08-16T15:47:06.241Z","2026-08-16T15:46:00.000Z","0.0","Count","RETURNED","E:\GKS Research\aws-ec2-vs-serverless-research\data\raw\formal\cloudwatch\lambda\SVL-W01-T01_Errors_Sum.json"
"SVL-W01-T01","SVL","Lambda","Throttles","Sum","2026-08-16T15:46:05.171Z","2026-08-16T15:47:06.241Z","2026-08-16T15:46:00.000Z","0.0","Count","RETURNED","E:\GKS Research\aws-ec2-vs-serverless-research\data\raw\formal\cloudwatch\lambda\SVL-W01-T01_Throttles_Sum.json"
"SVL-W01-T01","SVL","Lambda","ConcurrentExecutions","Maximum","2026-08-16T15:46:05.171Z","2026-08-16T15:47:06.241Z","2026-08-16T15:46:00.000Z","4.0","Count","RETURNED","E:\GKS Research\aws-ec2-vs-serverless-research\data\raw\formal\cloudwatch\lambda\SVL-W01-T01_ConcurrentExecutions_Maximum.json"
"SVL-W01-T01","SVL","APIGateway","Count","Sum","2026-08-16T15:46:05.171Z","2026-08-16T15:47:06.241Z","2026-08-16T15:46:00.000Z","525.0","None","RETURNED","E:\GKS Research\aws-ec2-vs-serverless-research\data\raw\formal\cloudwatch\apigateway\SVL-W01-T01_Count_Sum.json"
"SVL-W01-T01","SVL","APIGateway","4xx","Sum","2026-08-16T15:46:05.171Z","2026-08-16T15:47:06.241Z","2026-08-16T15:46:00.000Z","0.0","None","RETURNED","E:\GKS Research\aws-ec2-vs-serverless-research\data\raw\formal\cloudwatch\apigateway\SVL-W01-T01_4xx_Sum.json"
"SVL-W01-T01","SVL","APIGateway","5xx","Sum","2026-08-16T15:46:05.171Z","2026-08-16T15:47:06.241Z","2026-08-16T15:46:00.000Z","0.0","None","RETURNED","E:\GKS Research\aws-ec2-vs-serverless-research\data\raw\formal\cloudwatch\apigateway\SVL-W01-T01_5xx_Sum.json"
"SVL-W01-T01","SVL","APIGateway","Latency","Average","2026-08-16T15:46:05.171Z","2026-08-16T15:47:06.241Z","2026-08-16T15:46:00.000Z","32.40190476190476","Milliseconds","RETURNED","E:\GKS Research\aws-ec2-vs-serverless-research\data\raw\formal\cloudwatch\apigateway\SVL-W01-T01_Latency_Average.json"
"SVL-W01-T01","SVL","APIGateway","IntegrationLatency","Average","2026-08-16T15:46:05.171Z","2026-08-16T15:47:06.241Z","2026-08-16T15:46:00.000Z","30.714285714285715","Milliseconds","RETURNED","E:\GKS Research\aws-ec2-vs-serverless-research\data\raw\formal\cloudwatch\apigateway\SVL-W01-T01_IntegrationLatency_Average.json"
"SVL-W01-T02","SVL","Lambda","Invocations","Sum","2026-08-16T15:47:11.207Z","2026-08-16T15:48:12.237Z","2026-08-16T15:47:00.000Z","530.0","Count","RETURNED","E:\GKS Research\aws-ec2-vs-serverless-research\data\raw\formal\cloudwatch\lambda\SVL-W01-T02_Invocations_Sum.json"
"SVL-W01-T02","SVL","Lambda","Duration","Average","2026-08-16T15:47:11.207Z","2026-08-16T15:48:12.237Z","2026-08-16T15:47:00.000Z","23.745018866037725","Milliseconds","RETURNED","E:\GKS Research\aws-ec2-vs-serverless-research\data\raw\formal\cloudwatch\lambda\SVL-W01-T02_Duration_Average.json"
"SVL-W01-T02","SVL","Lambda","Errors","Sum","2026-08-16T15:47:11.207Z","2026-08-16T15:48:12.237Z","2026-08-16T15:47:00.000Z","0.0","Count","RETURNED","E:\GKS Research\aws-ec2-vs-serverless-research\data\raw\formal\cloudwatch\lambda\SVL-W01-T02_Errors_Sum.json"
"SVL-W01-T02","SVL","Lambda","Throttles","Sum","2026-08-16T15:47:11.207Z","2026-08-16T15:48:12.237Z","2026-08-16T15:47:00.000Z","0.0","Count","RETURNED","E:\GKS Research\aws-ec2-vs-serverless-research\data\raw\formal\cloudwatch\lambda\SVL-W01-T02_Throttles_Sum.json"
"SVL-W01-T02","SVL","Lambda","ConcurrentExecutions","Maximum","2026-08-16T15:47:11.207Z","2026-08-16T15:48:12.237Z","2026-08-16T15:47:00.000Z","3.0","Count","RETURNED","E:\GKS Research\aws-ec2-vs-serverless-research\data\raw\formal\cloudwatch\lambda\SVL-W01-T02_ConcurrentExecutions_Maximum.json"
"SVL-W01-T02","SVL","APIGateway","Count","Sum","2026-08-16T15:47:11.207Z","2026-08-16T15:48:12.237Z","2026-08-16T15:47:00.000Z","530.0","None","RETURNED","E:\GKS Research\aws-ec2-vs-serverless-research\data\raw\formal\cloudwatch\apigateway\SVL-W01-T02_Count_Sum.json"
"SVL-W01-T02","SVL","APIGateway","4xx","Sum","2026-08-16T15:47:11.207Z","2026-08-16T15:48:12.237Z","2026-08-16T15:47:00.000Z","0.0","None","RETURNED","E:\GKS Research\aws-ec2-vs-serverless-research\data\raw\formal\cloudwatch\apigateway\SVL-W01-T02_4xx_Sum.json"
"SVL-W01-T02","SVL","APIGateway","5xx","Sum","2026-08-16T15:47:11.207Z","2026-08-16T15:48:12.237Z","2026-08-16T15:47:00.000Z","0.0","None","RETURNED","E:\GKS Research\aws-ec2-vs-serverless-research\data\raw\formal\cloudwatch\apigateway\SVL-W01-T02_5xx_Sum.json"
"SVL-W01-T02","SVL","APIGateway","Latency","Average","2026-08-16T15:47:11.207Z","2026-08-16T15:48:12.237Z","2026-08-16T15:47:00.000Z","31.049056603773586","Milliseconds","RETURNED","E:\GKS Research\aws-ec2-vs-serverless-research\data\raw\formal\cloudwatch\apigateway\SVL-W01-T02_Latency_Average.json"
"SVL-W01-T02","SVL","APIGateway","IntegrationLatency","Average","2026-08-16T15:47:11.207Z","2026-08-16T15:48:12.237Z","2026-08-16T15:47:00.000Z","30.12452830188679","Milliseconds","RETURNED","E:\GKS Research\aws-ec2-vs-serverless-research\data\raw\formal\cloudwatch\apigateway\SVL-W01-T02_IntegrationLatency_Average.json"
"SVL-W01-T03","SVL","Lambda","Invocations","Sum","2026-08-16T15:48:16.787Z","2026-08-16T15:49:17.753Z","2026-08-16T15:48:00.000Z","540.0","Count","RETURNED","E:\GKS Research\aws-ec2-vs-serverless-research\data\raw\formal\cloudwatch\lambda\SVL-W01-T03_Invocations_Sum.json"
"SVL-W01-T03","SVL","Lambda","Duration","Average","2026-08-16T15:48:16.787Z","2026-08-16T15:49:17.753Z","2026-08-16T15:48:00.000Z","24.54905555370372","Milliseconds","RETURNED","E:\GKS Research\aws-ec2-vs-serverless-research\data\raw\formal\cloudwatch\lambda\SVL-W01-T03_Duration_Average.json"
"SVL-W01-T03","SVL","Lambda","Errors","Sum","2026-08-16T15:48:16.787Z","2026-08-16T15:49:17.753Z","2026-08-16T15:48:00.000Z","0.0","Count","RETURNED","E:\GKS Research\aws-ec2-vs-serverless-research\data\raw\formal\cloudwatch\lambda\SVL-W01-T03_Errors_Sum.json"
"SVL-W01-T03","SVL","Lambda","Throttles","Sum","2026-08-16T15:48:16.787Z","2026-08-16T15:49:17.753Z","2026-08-16T15:48:00.000Z","0.0","Count","RETURNED","E:\GKS Research\aws-ec2-vs-serverless-research\data\raw\formal\cloudwatch\lambda\SVL-W01-T03_Throttles_Sum.json"
"SVL-W01-T03","SVL","Lambda","ConcurrentExecutions","Maximum","2026-08-16T15:48:16.787Z","2026-08-16T15:49:17.753Z","2026-08-16T15:48:00.000Z","3.0","Count","RETURNED","E:\GKS Research\aws-ec2-vs-serverless-research\data\raw\formal\cloudwatch\lambda\SVL-W01-T03_ConcurrentExecutions_Maximum.json"
"SVL-W01-T03","SVL","APIGateway","Count","Sum","2026-08-16T15:48:16.787Z","2026-08-16T15:49:17.753Z","2026-08-16T15:48:00.000Z","540.0","None","RETURNED","E:\GKS Research\aws-ec2-vs-serverless-research\data\raw\formal\cloudwatch\apigateway\SVL-W01-T03_Count_Sum.json"
"SVL-W01-T03","SVL","APIGateway","4xx","Sum","2026-08-16T15:48:16.787Z","2026-08-16T15:49:17.753Z","2026-08-16T15:48:00.000Z","0.0","None","RETURNED","E:\GKS Research\aws-ec2-vs-serverless-research\data\raw\formal\cloudwatch\apigateway\SVL-W01-T03_4xx_Sum.json"
"SVL-W01-T03","SVL","APIGateway","5xx","Sum","2026-08-16T15:48:16.787Z","2026-08-16T15:49:17.753Z","2026-08-16T15:48:00.000Z","0.0","None","RETURNED","E:\GKS Research\aws-ec2-vs-serverless-research\data\raw\formal\cloudwatch\apigateway\SVL-W01-T03_5xx_Sum.json"
"SVL-W01-T03","SVL","APIGateway","Latency","Average","2026-08-16T15:48:16.787Z","2026-08-16T15:49:17.753Z","2026-08-16T15:48:00.000Z","31.62037037037037","Milliseconds","RETURNED","E:\GKS Research\aws-ec2-vs-serverless-research\data\raw\formal\cloudwatch\apigateway\SVL-W01-T03_Latency_Average.json"
"SVL-W01-T03","SVL","APIGateway","IntegrationLatency","Average","2026-08-16T15:48:16.787Z","2026-08-16T15:49:17.753Z","2026-08-16T15:48:00.000Z","30.705555555555556","Milliseconds","RETURNED","E:\GKS Research\aws-ec2-vs-serverless-research\data\raw\formal\cloudwatch\apigateway\SVL-W01-T03_IntegrationLatency_Average.json"
"SVL-W02-T01","SVL","Lambda","Invocations","Sum","2026-08-16T16:09:31.386Z","2026-08-16T16:10:32.021Z","2026-08-16T16:09:00.000Z","768.0","Count","RETURNED","E:\GKS Research\aws-ec2-vs-serverless-research\data\raw\formal\cloudwatch\lambda\SVL-W02-T01_Invocations_Sum.json"
"SVL-W02-T01","SVL","Lambda","Duration","Average","2026-08-16T16:09:31.386Z","2026-08-16T16:10:32.021Z","2026-08-16T16:09:00.000Z","25.40001301953124","Milliseconds","RETURNED","E:\GKS Research\aws-ec2-vs-serverless-research\data\raw\formal\cloudwatch\lambda\SVL-W02-T01_Duration_Average.json"
"SVL-W02-T01","SVL","Lambda","Errors","Sum","2026-08-16T16:09:31.386Z","2026-08-16T16:10:32.021Z","2026-08-16T16:09:00.000Z","0.0","Count","RETURNED","E:\GKS Research\aws-ec2-vs-serverless-research\data\raw\formal\cloudwatch\lambda\SVL-W02-T01_Errors_Sum.json"
"SVL-W02-T01","SVL","Lambda","Throttles","Sum","2026-08-16T16:09:31.386Z","2026-08-16T16:10:32.021Z","2026-08-16T16:09:00.000Z","0.0","Count","RETURNED","E:\GKS Research\aws-ec2-vs-serverless-research\data\raw\formal\cloudwatch\lambda\SVL-W02-T01_Throttles_Sum.json"
"SVL-W02-T01","SVL","Lambda","ConcurrentExecutions","Maximum","2026-08-16T16:09:31.386Z","2026-08-16T16:10:32.021Z","2026-08-16T16:09:00.000Z","7.0","Count","RETURNED","E:\GKS Research\aws-ec2-vs-serverless-research\data\raw\formal\cloudwatch\lambda\SVL-W02-T01_ConcurrentExecutions_Maximum.json"
"SVL-W02-T01","SVL","APIGateway","Count","Sum","2026-08-16T16:09:31.386Z","2026-08-16T16:10:32.021Z","2026-08-16T16:09:00.000Z","768.0","None","RETURNED","E:\GKS Research\aws-ec2-vs-serverless-research\data\raw\formal\cloudwatch\apigateway\SVL-W02-T01_Count_Sum.json"
"SVL-W02-T01","SVL","APIGateway","4xx","Sum","2026-08-16T16:09:31.386Z","2026-08-16T16:10:32.021Z","2026-08-16T16:09:00.000Z","0.0","None","RETURNED","E:\GKS Research\aws-ec2-vs-serverless-research\data\raw\formal\cloudwatch\apigateway\SVL-W02-T01_4xx_Sum.json"
"SVL-W02-T01","SVL","APIGateway","5xx","Sum","2026-08-16T16:09:31.386Z","2026-08-16T16:10:32.021Z","2026-08-16T16:09:00.000Z","0.0","None","RETURNED","E:\GKS Research\aws-ec2-vs-serverless-research\data\raw\formal\cloudwatch\apigateway\SVL-W02-T01_5xx_Sum.json"
"SVL-W02-T01","SVL","APIGateway","Latency","Average","2026-08-16T16:09:31.386Z","2026-08-16T16:10:32.021Z","2026-08-16T16:09:00.000Z","34.80859375","Milliseconds","RETURNED","E:\GKS Research\aws-ec2-vs-serverless-research\data\raw\formal\cloudwatch\apigateway\SVL-W02-T01_Latency_Average.json"
"SVL-W02-T01","SVL","APIGateway","IntegrationLatency","Average","2026-08-16T16:09:31.386Z","2026-08-16T16:10:32.021Z","2026-08-16T16:09:00.000Z","33.423177083333336","Milliseconds","RETURNED","E:\GKS Research\aws-ec2-vs-serverless-research\data\raw\formal\cloudwatch\apigateway\SVL-W02-T01_IntegrationLatency_Average.json"
"SVL-W02-T02","SVL","Lambda","Invocations","Sum","2026-08-16T16:10:35.555Z","2026-08-16T16:11:36.188Z","2026-08-16T16:10:00.000Z","1536.0","Count","RETURNED","E:\GKS Research\aws-ec2-vs-serverless-research\data\raw\formal\cloudwatch\lambda\SVL-W02-T02_Invocations_Sum.json"
"SVL-W02-T02","SVL","Lambda","Duration","Average","2026-08-16T16:10:35.555Z","2026-08-16T16:11:36.188Z","2026-08-16T16:10:00.000Z","25.778808587630234","Milliseconds","RETURNED","E:\GKS Research\aws-ec2-vs-serverless-research\data\raw\formal\cloudwatch\lambda\SVL-W02-T02_Duration_Average.json"
"SVL-W02-T02","SVL","Lambda","Errors","Sum","2026-08-16T16:10:35.555Z","2026-08-16T16:11:36.188Z","2026-08-16T16:10:00.000Z","0.0","Count","RETURNED","E:\GKS Research\aws-ec2-vs-serverless-research\data\raw\formal\cloudwatch\lambda\SVL-W02-T02_Errors_Sum.json"
"SVL-W02-T02","SVL","Lambda","Throttles","Sum","2026-08-16T16:10:35.555Z","2026-08-16T16:11:36.188Z","2026-08-16T16:10:00.000Z","4.0","Count","RETURNED","E:\GKS Research\aws-ec2-vs-serverless-research\data\raw\formal\cloudwatch\lambda\SVL-W02-T02_Throttles_Sum.json"
"SVL-W02-T02","SVL","Lambda","ConcurrentExecutions","Maximum","2026-08-16T16:10:35.555Z","2026-08-16T16:11:36.188Z","2026-08-16T16:10:00.000Z","10.0","Count","RETURNED","E:\GKS Research\aws-ec2-vs-serverless-research\data\raw\formal\cloudwatch\lambda\SVL-W02-T02_ConcurrentExecutions_Maximum.json"
"SVL-W02-T02","SVL","APIGateway","Count","Sum","2026-08-16T16:10:35.555Z","2026-08-16T16:11:36.188Z","2026-08-16T16:10:00.000Z","1540.0","None","RETURNED","E:\GKS Research\aws-ec2-vs-serverless-research\data\raw\formal\cloudwatch\apigateway\SVL-W02-T02_Count_Sum.json"
"SVL-W02-T02","SVL","APIGateway","4xx","Sum","2026-08-16T16:10:35.555Z","2026-08-16T16:11:36.188Z","2026-08-16T16:10:00.000Z","0.0","None","RETURNED","E:\GKS Research\aws-ec2-vs-serverless-research\data\raw\formal\cloudwatch\apigateway\SVL-W02-T02_4xx_Sum.json"
"SVL-W02-T02","SVL","APIGateway","5xx","Sum","2026-08-16T16:10:35.555Z","2026-08-16T16:11:36.188Z","2026-08-16T16:10:00.000Z","4.0","None","RETURNED","E:\GKS Research\aws-ec2-vs-serverless-research\data\raw\formal\cloudwatch\apigateway\SVL-W02-T02_5xx_Sum.json"
"SVL-W02-T02","SVL","APIGateway","Latency","Average","2026-08-16T16:10:35.555Z","2026-08-16T16:11:36.188Z","2026-08-16T16:10:00.000Z","32.95454545454545","Milliseconds","RETURNED","E:\GKS Research\aws-ec2-vs-serverless-research\data\raw\formal\cloudwatch\apigateway\SVL-W02-T02_Latency_Average.json"
"SVL-W02-T02","SVL","APIGateway","IntegrationLatency","Average","2026-08-16T16:10:35.555Z","2026-08-16T16:11:36.188Z","2026-08-16T16:10:00.000Z","31.923376623376623","Milliseconds","RETURNED","E:\GKS Research\aws-ec2-vs-serverless-research\data\raw\formal\cloudwatch\apigateway\SVL-W02-T02_IntegrationLatency_Average.json"
"SVL-W02-T03","SVL","Lambda","Invocations","Sum","2026-08-16T16:11:39.961Z","2026-08-16T16:12:40.657Z","2026-08-16T16:11:00.000Z","1366.0","Count","RETURNED","E:\GKS Research\aws-ec2-vs-serverless-research\data\raw\formal\cloudwatch\lambda\SVL-W02-T03_Invocations_Sum.json"
"SVL-W02-T03","SVL","Lambda","Duration","Average","2026-08-16T16:11:39.961Z","2026-08-16T16:12:40.657Z","2026-08-16T16:11:00.000Z","26.130270860688167","Milliseconds","RETURNED","E:\GKS Research\aws-ec2-vs-serverless-research\data\raw\formal\cloudwatch\lambda\SVL-W02-T03_Duration_Average.json"
"SVL-W02-T03","SVL","Lambda","Errors","Sum","2026-08-16T16:11:39.961Z","2026-08-16T16:12:40.657Z","2026-08-16T16:11:00.000Z","0.0","Count","RETURNED","E:\GKS Research\aws-ec2-vs-serverless-research\data\raw\formal\cloudwatch\lambda\SVL-W02-T03_Errors_Sum.json"
"SVL-W02-T03","SVL","Lambda","Throttles","Sum","2026-08-16T16:11:39.961Z","2026-08-16T16:12:40.657Z","2026-08-16T16:11:00.000Z","1.0","Count","RETURNED","E:\GKS Research\aws-ec2-vs-serverless-research\data\raw\formal\cloudwatch\lambda\SVL-W02-T03_Throttles_Sum.json"
"SVL-W02-T03","SVL","Lambda","ConcurrentExecutions","Maximum","2026-08-16T16:11:39.961Z","2026-08-16T16:12:40.657Z","2026-08-16T16:11:00.000Z","10.0","Count","RETURNED","E:\GKS Research\aws-ec2-vs-serverless-research\data\raw\formal\cloudwatch\lambda\SVL-W02-T03_ConcurrentExecutions_Maximum.json"
"SVL-W02-T03","SVL","APIGateway","Count","Sum","2026-08-16T16:11:39.961Z","2026-08-16T16:12:40.657Z","2026-08-16T16:11:00.000Z","1367.0","None","RETURNED","E:\GKS Research\aws-ec2-vs-serverless-research\data\raw\formal\cloudwatch\apigateway\SVL-W02-T03_Count_Sum.json"
"SVL-W02-T03","SVL","APIGateway","4xx","Sum","2026-08-16T16:11:39.961Z","2026-08-16T16:12:40.657Z","2026-08-16T16:11:00.000Z","0.0","None","RETURNED","E:\GKS Research\aws-ec2-vs-serverless-research\data\raw\formal\cloudwatch\apigateway\SVL-W02-T03_4xx_Sum.json"
"SVL-W02-T03","SVL","APIGateway","5xx","Sum","2026-08-16T16:11:39.961Z","2026-08-16T16:12:40.657Z","2026-08-16T16:11:00.000Z","1.0","None","RETURNED","E:\GKS Research\aws-ec2-vs-serverless-research\data\raw\formal\cloudwatch\apigateway\SVL-W02-T03_5xx_Sum.json"
"SVL-W02-T03","SVL","APIGateway","Latency","Average","2026-08-16T16:11:39.961Z","2026-08-16T16:12:40.657Z","2026-08-16T16:11:00.000Z","33.06291148500366","Milliseconds","RETURNED","E:\GKS Research\aws-ec2-vs-serverless-research\data\raw\formal\cloudwatch\apigateway\SVL-W02-T03_Latency_Average.json"
"SVL-W02-T03","SVL","APIGateway","IntegrationLatency","Average","2026-08-16T16:11:39.961Z","2026-08-16T16:12:40.657Z","2026-08-16T16:11:00.000Z","31.953182150694953","Milliseconds","RETURNED","E:\GKS Research\aws-ec2-vs-serverless-research\data\raw\formal\cloudwatch\apigateway\SVL-W02-T03_IntegrationLatency_Average.json"
"SVL-W03-T01","SVL","Lambda","Invocations","Sum","2026-08-16T16:17:27.770Z","2026-08-16T16:18:28.391Z","2026-08-16T16:17:00.000Z","1210.0","Count","RETURNED","E:\GKS Research\aws-ec2-vs-serverless-research\data\raw\formal\cloudwatch\lambda\SVL-W03-T01_Invocations_Sum.json"
"SVL-W03-T01","SVL","Lambda","Duration","Average","2026-08-16T16:17:27.770Z","2026-08-16T16:18:28.391Z","2026-08-16T16:17:00.000Z","26.623347101157012","Milliseconds","RETURNED","E:\GKS Research\aws-ec2-vs-serverless-research\data\raw\formal\cloudwatch\lambda\SVL-W03-T01_Duration_Average.json"
"SVL-W03-T01","SVL","Lambda","Errors","Sum","2026-08-16T16:17:27.770Z","2026-08-16T16:18:28.391Z","2026-08-16T16:17:00.000Z","0.0","Count","RETURNED","E:\GKS Research\aws-ec2-vs-serverless-research\data\raw\formal\cloudwatch\lambda\SVL-W03-T01_Errors_Sum.json"
"SVL-W03-T01","SVL","Lambda","Throttles","Sum","2026-08-16T16:17:27.770Z","2026-08-16T16:18:28.391Z","2026-08-16T16:17:00.000Z","132.0","Count","RETURNED","E:\GKS Research\aws-ec2-vs-serverless-research\data\raw\formal\cloudwatch\lambda\SVL-W03-T01_Throttles_Sum.json"
"SVL-W03-T01","SVL","Lambda","ConcurrentExecutions","Maximum","2026-08-16T16:17:27.770Z","2026-08-16T16:18:28.391Z","2026-08-16T16:17:00.000Z","10.0","Count","RETURNED","E:\GKS Research\aws-ec2-vs-serverless-research\data\raw\formal\cloudwatch\lambda\SVL-W03-T01_ConcurrentExecutions_Maximum.json"
"SVL-W03-T01","SVL","APIGateway","Count","Sum","2026-08-16T16:17:27.770Z","2026-08-16T16:18:28.391Z","2026-08-16T16:17:00.000Z","1342.0","None","RETURNED","E:\GKS Research\aws-ec2-vs-serverless-research\data\raw\formal\cloudwatch\apigateway\SVL-W03-T01_Count_Sum.json"
"SVL-W03-T01","SVL","APIGateway","4xx","Sum","2026-08-16T16:17:27.770Z","2026-08-16T16:18:28.391Z","2026-08-16T16:17:00.000Z","0.0","None","RETURNED","E:\GKS Research\aws-ec2-vs-serverless-research\data\raw\formal\cloudwatch\apigateway\SVL-W03-T01_4xx_Sum.json"
"SVL-W03-T01","SVL","APIGateway","5xx","Sum","2026-08-16T16:17:27.770Z","2026-08-16T16:18:28.391Z","2026-08-16T16:17:00.000Z","132.0","None","RETURNED","E:\GKS Research\aws-ec2-vs-serverless-research\data\raw\formal\cloudwatch\apigateway\SVL-W03-T01_5xx_Sum.json"
"SVL-W03-T01","SVL","APIGateway","Latency","Average","2026-08-16T16:17:27.770Z","2026-08-16T16:18:28.391Z","2026-08-16T16:17:00.000Z","31.453800298062593","Milliseconds","RETURNED","E:\GKS Research\aws-ec2-vs-serverless-research\data\raw\formal\cloudwatch\apigateway\SVL-W03-T01_Latency_Average.json"
"SVL-W03-T01","SVL","APIGateway","IntegrationLatency","Average","2026-08-16T16:17:27.770Z","2026-08-16T16:18:28.391Z","2026-08-16T16:17:00.000Z","30.471684053651266","Milliseconds","RETURNED","E:\GKS Research\aws-ec2-vs-serverless-research\data\raw\formal\cloudwatch\apigateway\SVL-W03-T01_IntegrationLatency_Average.json"
"SVL-W03-T02","SVL","Lambda","Invocations","Sum","2026-08-16T16:18:34.242Z","2026-08-16T16:19:34.989Z","2026-08-16T16:18:00.000Z","2313.0","Count","RETURNED","E:\GKS Research\aws-ec2-vs-serverless-research\data\raw\formal\cloudwatch\lambda\SVL-W03-T02_Invocations_Sum.json"
"SVL-W03-T02","SVL","Lambda","Duration","Average","2026-08-16T16:18:34.242Z","2026-08-16T16:19:34.989Z","2026-08-16T16:18:00.000Z","26.179710324167754","Milliseconds","RETURNED","E:\GKS Research\aws-ec2-vs-serverless-research\data\raw\formal\cloudwatch\lambda\SVL-W03-T02_Duration_Average.json"
"SVL-W03-T02","SVL","Lambda","Errors","Sum","2026-08-16T16:18:34.242Z","2026-08-16T16:19:34.989Z","2026-08-16T16:18:00.000Z","0.0","Count","RETURNED","E:\GKS Research\aws-ec2-vs-serverless-research\data\raw\formal\cloudwatch\lambda\SVL-W03-T02_Errors_Sum.json"
"SVL-W03-T02","SVL","Lambda","Throttles","Sum","2026-08-16T16:18:34.242Z","2026-08-16T16:19:34.989Z","2026-08-16T16:18:00.000Z","90.0","Count","RETURNED","E:\GKS Research\aws-ec2-vs-serverless-research\data\raw\formal\cloudwatch\lambda\SVL-W03-T02_Throttles_Sum.json"
"SVL-W03-T02","SVL","Lambda","ConcurrentExecutions","Maximum","2026-08-16T16:18:34.242Z","2026-08-16T16:19:34.989Z","2026-08-16T16:18:00.000Z","10.0","Count","RETURNED","E:\GKS Research\aws-ec2-vs-serverless-research\data\raw\formal\cloudwatch\lambda\SVL-W03-T02_ConcurrentExecutions_Maximum.json"
"SVL-W03-T02","SVL","APIGateway","Count","Sum","2026-08-16T16:18:34.242Z","2026-08-16T16:19:34.989Z","2026-08-16T16:18:00.000Z","2404.0","None","RETURNED","E:\GKS Research\aws-ec2-vs-serverless-research\data\raw\formal\cloudwatch\apigateway\SVL-W03-T02_Count_Sum.json"
"SVL-W03-T02","SVL","APIGateway","4xx","Sum","2026-08-16T16:18:34.242Z","2026-08-16T16:19:34.989Z","2026-08-16T16:18:00.000Z","0.0","None","RETURNED","E:\GKS Research\aws-ec2-vs-serverless-research\data\raw\formal\cloudwatch\apigateway\SVL-W03-T02_4xx_Sum.json"
"SVL-W03-T02","SVL","APIGateway","5xx","Sum","2026-08-16T16:18:34.242Z","2026-08-16T16:19:34.989Z","2026-08-16T16:18:00.000Z","90.0","None","RETURNED","E:\GKS Research\aws-ec2-vs-serverless-research\data\raw\formal\cloudwatch\apigateway\SVL-W03-T02_5xx_Sum.json"
"SVL-W03-T02","SVL","APIGateway","Latency","Average","2026-08-16T16:18:34.242Z","2026-08-16T16:19:34.989Z","2026-08-16T16:18:00.000Z","31.83153078202995","Milliseconds","RETURNED","E:\GKS Research\aws-ec2-vs-serverless-research\data\raw\formal\cloudwatch\apigateway\SVL-W03-T02_Latency_Average.json"
"SVL-W03-T02","SVL","APIGateway","IntegrationLatency","Average","2026-08-16T16:18:34.242Z","2026-08-16T16:19:34.989Z","2026-08-16T16:18:00.000Z","30.886439267886857","Milliseconds","RETURNED","E:\GKS Research\aws-ec2-vs-serverless-research\data\raw\formal\cloudwatch\apigateway\SVL-W03-T02_IntegrationLatency_Average.json"
"SVL-W03-T03","SVL","Lambda","Invocations","Sum","2026-08-16T16:19:46.210Z","2026-08-16T16:20:57.514Z","2026-08-16T16:19:00.000Z","2595.0","Count","RETURNED","E:\GKS Research\aws-ec2-vs-serverless-research\data\raw\formal\cloudwatch\lambda\SVL-W03-T03_Invocations_Sum.json"
"SVL-W03-T03","SVL","Lambda","Duration","Average","2026-08-16T16:19:46.210Z","2026-08-16T16:20:57.514Z","2026-08-16T16:19:00.000Z","26.27598072157998","Milliseconds","RETURNED","E:\GKS Research\aws-ec2-vs-serverless-research\data\raw\formal\cloudwatch\lambda\SVL-W03-T03_Duration_Average.json"
"SVL-W03-T03","SVL","Lambda","Errors","Sum","2026-08-16T16:19:46.210Z","2026-08-16T16:20:57.514Z","2026-08-16T16:19:00.000Z","0.0","Count","RETURNED","E:\GKS Research\aws-ec2-vs-serverless-research\data\raw\formal\cloudwatch\lambda\SVL-W03-T03_Errors_Sum.json"
"SVL-W03-T03","SVL","Lambda","Throttles","Sum","2026-08-16T16:19:46.210Z","2026-08-16T16:20:57.514Z","2026-08-16T16:19:00.000Z","18.0","Count","RETURNED","E:\GKS Research\aws-ec2-vs-serverless-research\data\raw\formal\cloudwatch\lambda\SVL-W03-T03_Throttles_Sum.json"
"SVL-W03-T03","SVL","Lambda","ConcurrentExecutions","Maximum","2026-08-16T16:19:46.210Z","2026-08-16T16:20:57.514Z","2026-08-16T16:19:00.000Z","10.0","Count","RETURNED","E:\GKS Research\aws-ec2-vs-serverless-research\data\raw\formal\cloudwatch\lambda\SVL-W03-T03_ConcurrentExecutions_Maximum.json"
"SVL-W03-T03","SVL","APIGateway","Count","Sum","2026-08-16T16:19:46.210Z","2026-08-16T16:20:57.514Z","2026-08-16T16:19:00.000Z","2612.0","None","RETURNED","E:\GKS Research\aws-ec2-vs-serverless-research\data\raw\formal\cloudwatch\apigateway\SVL-W03-T03_Count_Sum.json"
"SVL-W03-T03","SVL","APIGateway","4xx","Sum","2026-08-16T16:19:46.210Z","2026-08-16T16:20:57.514Z","2026-08-16T16:19:00.000Z","0.0","None","RETURNED","E:\GKS Research\aws-ec2-vs-serverless-research\data\raw\formal\cloudwatch\apigateway\SVL-W03-T03_4xx_Sum.json"
"SVL-W03-T03","SVL","APIGateway","5xx","Sum","2026-08-16T16:19:46.210Z","2026-08-16T16:20:57.514Z","2026-08-16T16:19:00.000Z","18.0","None","RETURNED","E:\GKS Research\aws-ec2-vs-serverless-research\data\raw\formal\cloudwatch\apigateway\SVL-W03-T03_5xx_Sum.json"
"SVL-W03-T03","SVL","APIGateway","Latency","Average","2026-08-16T16:19:46.210Z","2026-08-16T16:20:57.514Z","2026-08-16T16:19:00.000Z","32.62940275650842","Milliseconds","RETURNED","E:\GKS Research\aws-ec2-vs-serverless-research\data\raw\formal\cloudwatch\apigateway\SVL-W03-T03_Latency_Average.json"
"SVL-W03-T03","SVL","APIGateway","IntegrationLatency","Average","2026-08-16T16:19:46.210Z","2026-08-16T16:20:57.514Z","2026-08-16T16:19:00.000Z","31.686064318529862","Milliseconds","RETURNED","E:\GKS Research\aws-ec2-vs-serverless-research\data\raw\formal\cloudwatch\apigateway\SVL-W03-T03_IntegrationLatency_Average.json"
"SVL-W04-T01","SVL","Lambda","Invocations","Sum","2026-08-16T16:32:07.226Z","2026-08-16T16:33:07.989Z","2026-08-16T16:32:00.000Z","3123.0","Count","RETURNED","E:\GKS Research\aws-ec2-vs-serverless-research\data\raw\formal\cloudwatch\lambda\SVL-W04-T01_Invocations_Sum.json"
"SVL-W04-T01","SVL","Lambda","Duration","Average","2026-08-16T16:32:07.226Z","2026-08-16T16:33:07.989Z","2026-08-16T16:32:00.000Z","25.870553942010876","Milliseconds","RETURNED","E:\GKS Research\aws-ec2-vs-serverless-research\data\raw\formal\cloudwatch\lambda\SVL-W04-T01_Duration_Average.json"
"SVL-W04-T01","SVL","Lambda","Errors","Sum","2026-08-16T16:32:07.226Z","2026-08-16T16:33:07.989Z","2026-08-16T16:32:00.000Z","0.0","Count","RETURNED","E:\GKS Research\aws-ec2-vs-serverless-research\data\raw\formal\cloudwatch\lambda\SVL-W04-T01_Errors_Sum.json"
"SVL-W04-T01","SVL","Lambda","Throttles","Sum","2026-08-16T16:32:07.226Z","2026-08-16T16:33:07.989Z","2026-08-16T16:32:00.000Z","20.0","Count","RETURNED","E:\GKS Research\aws-ec2-vs-serverless-research\data\raw\formal\cloudwatch\lambda\SVL-W04-T01_Throttles_Sum.json"
"SVL-W04-T01","SVL","Lambda","ConcurrentExecutions","Maximum","2026-08-16T16:32:07.226Z","2026-08-16T16:33:07.989Z","2026-08-16T16:32:00.000Z","10.0","Count","RETURNED","E:\GKS Research\aws-ec2-vs-serverless-research\data\raw\formal\cloudwatch\lambda\SVL-W04-T01_ConcurrentExecutions_Maximum.json"
"SVL-W04-T01","SVL","APIGateway","Count","Sum","2026-08-16T16:32:07.226Z","2026-08-16T16:33:07.989Z","2026-08-16T16:32:00.000Z","3143.0","None","RETURNED","E:\GKS Research\aws-ec2-vs-serverless-research\data\raw\formal\cloudwatch\apigateway\SVL-W04-T01_Count_Sum.json"
"SVL-W04-T01","SVL","APIGateway","4xx","Sum","2026-08-16T16:32:07.226Z","2026-08-16T16:33:07.989Z","2026-08-16T16:32:00.000Z","0.0","None","RETURNED","E:\GKS Research\aws-ec2-vs-serverless-research\data\raw\formal\cloudwatch\apigateway\SVL-W04-T01_4xx_Sum.json"
"SVL-W04-T01","SVL","APIGateway","5xx","Sum","2026-08-16T16:32:07.226Z","2026-08-16T16:33:07.989Z","2026-08-16T16:32:00.000Z","20.0","None","RETURNED","E:\GKS Research\aws-ec2-vs-serverless-research\data\raw\formal\cloudwatch\apigateway\SVL-W04-T01_5xx_Sum.json"
"SVL-W04-T01","SVL","APIGateway","Latency","Average","2026-08-16T16:32:07.226Z","2026-08-16T16:33:07.989Z","2026-08-16T16:32:00.000Z","33.81069042316258","Milliseconds","RETURNED","E:\GKS Research\aws-ec2-vs-serverless-research\data\raw\formal\cloudwatch\apigateway\SVL-W04-T01_Latency_Average.json"
"SVL-W04-T01","SVL","APIGateway","IntegrationLatency","Average","2026-08-16T16:32:07.226Z","2026-08-16T16:33:07.989Z","2026-08-16T16:32:00.000Z","32.75246579700923","Milliseconds","RETURNED","E:\GKS Research\aws-ec2-vs-serverless-research\data\raw\formal\cloudwatch\apigateway\SVL-W04-T01_IntegrationLatency_Average.json"
"SVL-W04-T02","SVL","Lambda","Invocations","Sum","2026-08-16T16:33:12.335Z","2026-08-16T16:34:13.004Z","2026-08-16T16:33:00.000Z","3067.0","Count","RETURNED","E:\GKS Research\aws-ec2-vs-serverless-research\data\raw\formal\cloudwatch\lambda\SVL-W04-T02_Invocations_Sum.json"
"SVL-W04-T02","SVL","Lambda","Duration","Average","2026-08-16T16:33:12.335Z","2026-08-16T16:34:13.004Z","2026-08-16T16:33:00.000Z","25.991014008738183","Milliseconds","RETURNED","E:\GKS Research\aws-ec2-vs-serverless-research\data\raw\formal\cloudwatch\lambda\SVL-W04-T02_Duration_Average.json"
"SVL-W04-T02","SVL","Lambda","Errors","Sum","2026-08-16T16:33:12.335Z","2026-08-16T16:34:13.004Z","2026-08-16T16:33:00.000Z","0.0","Count","RETURNED","E:\GKS Research\aws-ec2-vs-serverless-research\data\raw\formal\cloudwatch\lambda\SVL-W04-T02_Errors_Sum.json"
"SVL-W04-T02","SVL","Lambda","Throttles","Sum","2026-08-16T16:33:12.335Z","2026-08-16T16:34:13.004Z","2026-08-16T16:33:00.000Z","13.0","Count","RETURNED","E:\GKS Research\aws-ec2-vs-serverless-research\data\raw\formal\cloudwatch\lambda\SVL-W04-T02_Throttles_Sum.json"
"SVL-W04-T02","SVL","Lambda","ConcurrentExecutions","Maximum","2026-08-16T16:33:12.335Z","2026-08-16T16:34:13.004Z","2026-08-16T16:33:00.000Z","10.0","Count","RETURNED","E:\GKS Research\aws-ec2-vs-serverless-research\data\raw\formal\cloudwatch\lambda\SVL-W04-T02_ConcurrentExecutions_Maximum.json"
"SVL-W04-T02","SVL","APIGateway","Count","Sum","2026-08-16T16:33:12.335Z","2026-08-16T16:34:13.004Z","2026-08-16T16:33:00.000Z","3080.0","None","RETURNED","E:\GKS Research\aws-ec2-vs-serverless-research\data\raw\formal\cloudwatch\apigateway\SVL-W04-T02_Count_Sum.json"
"SVL-W04-T02","SVL","APIGateway","4xx","Sum","2026-08-16T16:33:12.335Z","2026-08-16T16:34:13.004Z","2026-08-16T16:33:00.000Z","0.0","None","RETURNED","E:\GKS Research\aws-ec2-vs-serverless-research\data\raw\formal\cloudwatch\apigateway\SVL-W04-T02_4xx_Sum.json"
"SVL-W04-T02","SVL","APIGateway","5xx","Sum","2026-08-16T16:33:12.335Z","2026-08-16T16:34:13.004Z","2026-08-16T16:33:00.000Z","13.0","None","RETURNED","E:\GKS Research\aws-ec2-vs-serverless-research\data\raw\formal\cloudwatch\apigateway\SVL-W04-T02_5xx_Sum.json"
"SVL-W04-T02","SVL","APIGateway","Latency","Average","2026-08-16T16:33:12.335Z","2026-08-16T16:34:13.004Z","2026-08-16T16:33:00.000Z","32.234415584415586","Milliseconds","RETURNED","E:\GKS Research\aws-ec2-vs-serverless-research\data\raw\formal\cloudwatch\apigateway\SVL-W04-T02_Latency_Average.json"
"SVL-W04-T02","SVL","APIGateway","IntegrationLatency","Average","2026-08-16T16:33:12.335Z","2026-08-16T16:34:13.004Z","2026-08-16T16:33:00.000Z","31.302272727272726","Milliseconds","RETURNED","E:\GKS Research\aws-ec2-vs-serverless-research\data\raw\formal\cloudwatch\apigateway\SVL-W04-T02_IntegrationLatency_Average.json"
"SVL-W04-T03","SVL","Lambda","Invocations","Sum","2026-08-16T16:34:22.125Z","2026-08-16T16:35:22.881Z","2026-08-16T16:34:00.000Z","2922.0","Count","RETURNED","E:\GKS Research\aws-ec2-vs-serverless-research\data\raw\formal\cloudwatch\lambda\SVL-W04-T03_Invocations_Sum.json"
"SVL-W04-T03","SVL","Lambda","Duration","Average","2026-08-16T16:34:22.125Z","2026-08-16T16:35:22.881Z","2026-08-16T16:34:00.000Z","25.802936335284066","Milliseconds","RETURNED","E:\GKS Research\aws-ec2-vs-serverless-research\data\raw\formal\cloudwatch\lambda\SVL-W04-T03_Duration_Average.json"
"SVL-W04-T03","SVL","Lambda","Errors","Sum","2026-08-16T16:34:22.125Z","2026-08-16T16:35:22.881Z","2026-08-16T16:34:00.000Z","0.0","Count","RETURNED","E:\GKS Research\aws-ec2-vs-serverless-research\data\raw\formal\cloudwatch\lambda\SVL-W04-T03_Errors_Sum.json"
"SVL-W04-T03","SVL","Lambda","Throttles","Sum","2026-08-16T16:34:22.125Z","2026-08-16T16:35:22.881Z","2026-08-16T16:34:00.000Z","13.0","Count","RETURNED","E:\GKS Research\aws-ec2-vs-serverless-research\data\raw\formal\cloudwatch\lambda\SVL-W04-T03_Throttles_Sum.json"
"SVL-W04-T03","SVL","Lambda","ConcurrentExecutions","Maximum","2026-08-16T16:34:22.125Z","2026-08-16T16:35:22.881Z","2026-08-16T16:34:00.000Z","10.0","Count","RETURNED","E:\GKS Research\aws-ec2-vs-serverless-research\data\raw\formal\cloudwatch\lambda\SVL-W04-T03_ConcurrentExecutions_Maximum.json"
"SVL-W04-T03","SVL","APIGateway","Count","Sum","2026-08-16T16:34:22.125Z","2026-08-16T16:35:22.881Z","2026-08-16T16:34:00.000Z","2935.0","None","RETURNED","E:\GKS Research\aws-ec2-vs-serverless-research\data\raw\formal\cloudwatch\apigateway\SVL-W04-T03_Count_Sum.json"
"SVL-W04-T03","SVL","APIGateway","4xx","Sum","2026-08-16T16:34:22.125Z","2026-08-16T16:35:22.881Z","2026-08-16T16:34:00.000Z","0.0","None","RETURNED","E:\GKS Research\aws-ec2-vs-serverless-research\data\raw\formal\cloudwatch\apigateway\SVL-W04-T03_4xx_Sum.json"
"SVL-W04-T03","SVL","APIGateway","5xx","Sum","2026-08-16T16:34:22.125Z","2026-08-16T16:35:22.881Z","2026-08-16T16:34:00.000Z","13.0","None","RETURNED","E:\GKS Research\aws-ec2-vs-serverless-research\data\raw\formal\cloudwatch\apigateway\SVL-W04-T03_5xx_Sum.json"
"SVL-W04-T03","SVL","APIGateway","Latency","Average","2026-08-16T16:34:22.125Z","2026-08-16T16:35:22.881Z","2026-08-16T16:34:00.000Z","32.41056218057922","Milliseconds","RETURNED","E:\GKS Research\aws-ec2-vs-serverless-research\data\raw\formal\cloudwatch\apigateway\SVL-W04-T03_Latency_Average.json"
"SVL-W04-T03","SVL","APIGateway","IntegrationLatency","Average","2026-08-16T16:34:22.125Z","2026-08-16T16:35:22.881Z","2026-08-16T16:34:00.000Z","31.46916524701874","Milliseconds","RETURNED","E:\GKS Research\aws-ec2-vs-serverless-research\data\raw\formal\cloudwatch\apigateway\SVL-W04-T03_IntegrationLatency_Average.json"
"SVL-W05-T01","SVL","Lambda","Invocations","Sum","2026-08-16T17:01:59.286Z","2026-08-16T17:03:00.529Z","2026-08-16T17:02:00.000Z","3113.0","Count","RETURNED","E:\GKS Research\aws-ec2-vs-serverless-research\data\raw\formal\cloudwatch\lambda\SVL-W05-T01_Invocations_Sum.json"
"SVL-W05-T01","SVL","Lambda","Duration","Average","2026-08-16T17:01:59.286Z","2026-08-16T17:03:00.529Z","2026-08-16T17:02:00.000Z","25.786472843430857","Milliseconds","RETURNED","E:\GKS Research\aws-ec2-vs-serverless-research\data\raw\formal\cloudwatch\lambda\SVL-W05-T01_Duration_Average.json"
"SVL-W05-T01","SVL","Lambda","Errors","Sum","2026-08-16T17:01:59.286Z","2026-08-16T17:03:00.529Z","2026-08-16T17:02:00.000Z","0.0","Count","RETURNED","E:\GKS Research\aws-ec2-vs-serverless-research\data\raw\formal\cloudwatch\lambda\SVL-W05-T01_Errors_Sum.json"
"SVL-W05-T01","SVL","Lambda","Throttles","Sum","2026-08-16T17:01:59.286Z","2026-08-16T17:03:00.529Z","2026-08-16T17:02:00.000Z","58.0","Count","RETURNED","E:\GKS Research\aws-ec2-vs-serverless-research\data\raw\formal\cloudwatch\lambda\SVL-W05-T01_Throttles_Sum.json"
"SVL-W05-T01","SVL","Lambda","ConcurrentExecutions","Maximum","2026-08-16T17:01:59.286Z","2026-08-16T17:03:00.529Z","2026-08-16T17:02:00.000Z","10.0","Count","RETURNED","E:\GKS Research\aws-ec2-vs-serverless-research\data\raw\formal\cloudwatch\lambda\SVL-W05-T01_ConcurrentExecutions_Maximum.json"
"SVL-W05-T01","SVL","APIGateway","Count","Sum","2026-08-16T17:01:59.286Z","2026-08-16T17:03:00.529Z","2026-08-16T17:02:00.000Z","3171.0","None","RETURNED","E:\GKS Research\aws-ec2-vs-serverless-research\data\raw\formal\cloudwatch\apigateway\SVL-W05-T01_Count_Sum.json"
"SVL-W05-T01","SVL","APIGateway","4xx","Sum","2026-08-16T17:01:59.286Z","2026-08-16T17:03:00.529Z","2026-08-16T17:02:00.000Z","0.0","None","RETURNED","E:\GKS Research\aws-ec2-vs-serverless-research\data\raw\formal\cloudwatch\apigateway\SVL-W05-T01_4xx_Sum.json"
"SVL-W05-T01","SVL","APIGateway","5xx","Sum","2026-08-16T17:01:59.286Z","2026-08-16T17:03:00.529Z","2026-08-16T17:02:00.000Z","58.0","None","RETURNED","E:\GKS Research\aws-ec2-vs-serverless-research\data\raw\formal\cloudwatch\apigateway\SVL-W05-T01_5xx_Sum.json"
"SVL-W05-T01","SVL","APIGateway","Latency","Average","2026-08-16T17:01:59.286Z","2026-08-16T17:03:00.529Z","2026-08-16T17:02:00.000Z","33.037842951750235","Milliseconds","RETURNED","E:\GKS Research\aws-ec2-vs-serverless-research\data\raw\formal\cloudwatch\apigateway\SVL-W05-T01_Latency_Average.json"
"SVL-W05-T01","SVL","APIGateway","IntegrationLatency","Average","2026-08-16T17:01:59.286Z","2026-08-16T17:03:00.529Z","2026-08-16T17:02:00.000Z","31.98990854619994","Milliseconds","RETURNED","E:\GKS Research\aws-ec2-vs-serverless-research\data\raw\formal\cloudwatch\apigateway\SVL-W05-T01_IntegrationLatency_Average.json"
"SVL-W05-T02","SVL","Lambda","Invocations","Sum","2026-08-16T17:12:15.509Z","2026-08-16T17:13:16.623Z","2026-08-16T17:12:00.000Z","2386.0","Count","RETURNED","E:\GKS Research\aws-ec2-vs-serverless-research\data\raw\formal\cloudwatch\lambda\SVL-W05-T02_Invocations_Sum.json"
"SVL-W05-T02","SVL","Lambda","Duration","Average","2026-08-16T17:12:15.509Z","2026-08-16T17:13:16.623Z","2026-08-16T17:12:00.000Z","26.007221281391445","Milliseconds","RETURNED","E:\GKS Research\aws-ec2-vs-serverless-research\data\raw\formal\cloudwatch\lambda\SVL-W05-T02_Duration_Average.json"
"SVL-W05-T02","SVL","Lambda","Errors","Sum","2026-08-16T17:12:15.509Z","2026-08-16T17:13:16.623Z","2026-08-16T17:12:00.000Z","0.0","Count","RETURNED","E:\GKS Research\aws-ec2-vs-serverless-research\data\raw\formal\cloudwatch\lambda\SVL-W05-T02_Errors_Sum.json"
"SVL-W05-T02","SVL","Lambda","Throttles","Sum","2026-08-16T17:12:15.509Z","2026-08-16T17:13:16.623Z","2026-08-16T17:12:00.000Z","18.0","Count","RETURNED","E:\GKS Research\aws-ec2-vs-serverless-research\data\raw\formal\cloudwatch\lambda\SVL-W05-T02_Throttles_Sum.json"
"SVL-W05-T02","SVL","Lambda","ConcurrentExecutions","Maximum","2026-08-16T17:12:15.509Z","2026-08-16T17:13:16.623Z","2026-08-16T17:12:00.000Z","10.0","Count","RETURNED","E:\GKS Research\aws-ec2-vs-serverless-research\data\raw\formal\cloudwatch\lambda\SVL-W05-T02_ConcurrentExecutions_Maximum.json"
"SVL-W05-T02","SVL","APIGateway","Count","Sum","2026-08-16T17:12:15.509Z","2026-08-16T17:13:16.623Z","2026-08-16T17:12:00.000Z","2404.0","None","RETURNED","E:\GKS Research\aws-ec2-vs-serverless-research\data\raw\formal\cloudwatch\apigateway\SVL-W05-T02_Count_Sum.json"
"SVL-W05-T02","SVL","APIGateway","4xx","Sum","2026-08-16T17:12:15.509Z","2026-08-16T17:13:16.623Z","2026-08-16T17:12:00.000Z","0.0","None","RETURNED","E:\GKS Research\aws-ec2-vs-serverless-research\data\raw\formal\cloudwatch\apigateway\SVL-W05-T02_4xx_Sum.json"
"SVL-W05-T02","SVL","APIGateway","5xx","Sum","2026-08-16T17:12:15.509Z","2026-08-16T17:13:16.623Z","2026-08-16T17:12:00.000Z","18.0","None","RETURNED","E:\GKS Research\aws-ec2-vs-serverless-research\data\raw\formal\cloudwatch\apigateway\SVL-W05-T02_5xx_Sum.json"
"SVL-W05-T02","SVL","APIGateway","Latency","Average","2026-08-16T17:12:15.509Z","2026-08-16T17:13:16.623Z","2026-08-16T17:12:00.000Z","33.40307820299501","Milliseconds","RETURNED","E:\GKS Research\aws-ec2-vs-serverless-research\data\raw\formal\cloudwatch\apigateway\SVL-W05-T02_Latency_Average.json"
"SVL-W05-T02","SVL","APIGateway","IntegrationLatency","Average","2026-08-16T17:12:15.509Z","2026-08-16T17:13:16.623Z","2026-08-16T17:12:00.000Z","32.31031613976705","Milliseconds","RETURNED","E:\GKS Research\aws-ec2-vs-serverless-research\data\raw\formal\cloudwatch\apigateway\SVL-W05-T02_IntegrationLatency_Average.json"
"SVL-W05-T03","SVL","Lambda","Invocations","Sum","2026-08-16T17:18:21.766Z","2026-08-16T17:19:22.871Z","2026-08-16T17:18:00.000Z","2073.0","Count","RETURNED","E:\GKS Research\aws-ec2-vs-serverless-research\data\raw\formal\cloudwatch\lambda\SVL-W05-T03_Invocations_Sum.json"
"SVL-W05-T03","SVL","Lambda","Duration","Average","2026-08-16T17:18:21.766Z","2026-08-16T17:19:22.871Z","2026-08-16T17:18:00.000Z","25.806034725084455","Milliseconds","RETURNED","E:\GKS Research\aws-ec2-vs-serverless-research\data\raw\formal\cloudwatch\lambda\SVL-W05-T03_Duration_Average.json"
"SVL-W05-T03","SVL","Lambda","Errors","Sum","2026-08-16T17:18:21.766Z","2026-08-16T17:19:22.871Z","2026-08-16T17:18:00.000Z","0.0","Count","RETURNED","E:\GKS Research\aws-ec2-vs-serverless-research\data\raw\formal\cloudwatch\lambda\SVL-W05-T03_Errors_Sum.json"
"SVL-W05-T03","SVL","Lambda","Throttles","Sum","2026-08-16T17:18:21.766Z","2026-08-16T17:19:22.871Z","2026-08-16T17:18:00.000Z","14.0","Count","RETURNED","E:\GKS Research\aws-ec2-vs-serverless-research\data\raw\formal\cloudwatch\lambda\SVL-W05-T03_Throttles_Sum.json"
"SVL-W05-T03","SVL","Lambda","ConcurrentExecutions","Maximum","2026-08-16T17:18:21.766Z","2026-08-16T17:19:22.871Z","2026-08-16T17:18:00.000Z","10.0","Count","RETURNED","E:\GKS Research\aws-ec2-vs-serverless-research\data\raw\formal\cloudwatch\lambda\SVL-W05-T03_ConcurrentExecutions_Maximum.json"
"SVL-W05-T03","SVL","APIGateway","Count","Sum","2026-08-16T17:18:21.766Z","2026-08-16T17:19:22.871Z","2026-08-16T17:18:00.000Z","2087.0","None","RETURNED","E:\GKS Research\aws-ec2-vs-serverless-research\data\raw\formal\cloudwatch\apigateway\SVL-W05-T03_Count_Sum.json"
"SVL-W05-T03","SVL","APIGateway","4xx","Sum","2026-08-16T17:18:21.766Z","2026-08-16T17:19:22.871Z","2026-08-16T17:18:00.000Z","0.0","None","RETURNED","E:\GKS Research\aws-ec2-vs-serverless-research\data\raw\formal\cloudwatch\apigateway\SVL-W05-T03_4xx_Sum.json"
"SVL-W05-T03","SVL","APIGateway","5xx","Sum","2026-08-16T17:18:21.766Z","2026-08-16T17:19:22.871Z","2026-08-16T17:18:00.000Z","14.0","None","RETURNED","E:\GKS Research\aws-ec2-vs-serverless-research\data\raw\formal\cloudwatch\apigateway\SVL-W05-T03_5xx_Sum.json"
"SVL-W05-T03","SVL","APIGateway","Latency","Average","2026-08-16T17:18:21.766Z","2026-08-16T17:19:22.871Z","2026-08-16T17:18:00.000Z","33.253953042644945","Milliseconds","RETURNED","E:\GKS Research\aws-ec2-vs-serverless-research\data\raw\formal\cloudwatch\apigateway\SVL-W05-T03_Latency_Average.json"
"SVL-W05-T03","SVL","APIGateway","IntegrationLatency","Average","2026-08-16T17:18:21.766Z","2026-08-16T17:19:22.871Z","2026-08-16T17:18:00.000Z","32.08241494968855","Milliseconds","RETURNED","E:\GKS Research\aws-ec2-vs-serverless-research\data\raw\formal\cloudwatch\apigateway\SVL-W05-T03_IntegrationLatency_Average.json"
"SVL-W06-T01","SVL","Lambda","Invocations","Sum","2026-08-16T17:41:04.215Z","2026-08-16T17:46:05.133Z","2026-08-16T17:41:00.000Z","1333.0","Count","RETURNED","E:\GKS Research\aws-ec2-vs-serverless-research\data\raw\formal\cloudwatch\lambda\SVL-W06-T01_Invocations_Sum.json"
"SVL-W06-T01","SVL","Lambda","Invocations","Sum","2026-08-16T17:41:04.215Z","2026-08-16T17:46:05.133Z","2026-08-16T17:42:00.000Z","1314.0","Count","RETURNED","E:\GKS Research\aws-ec2-vs-serverless-research\data\raw\formal\cloudwatch\lambda\SVL-W06-T01_Invocations_Sum.json"
"SVL-W06-T01","SVL","Lambda","Invocations","Sum","2026-08-16T17:41:04.215Z","2026-08-16T17:46:05.133Z","2026-08-16T17:43:00.000Z","1109.0","Count","RETURNED","E:\GKS Research\aws-ec2-vs-serverless-research\data\raw\formal\cloudwatch\lambda\SVL-W06-T01_Invocations_Sum.json"
"SVL-W06-T01","SVL","Lambda","Invocations","Sum","2026-08-16T17:41:04.215Z","2026-08-16T17:46:05.133Z","2026-08-16T17:44:00.000Z","1864.0","Count","RETURNED","E:\GKS Research\aws-ec2-vs-serverless-research\data\raw\formal\cloudwatch\lambda\SVL-W06-T01_Invocations_Sum.json"
"SVL-W06-T01","SVL","Lambda","Invocations","Sum","2026-08-16T17:41:04.215Z","2026-08-16T17:46:05.133Z","2026-08-16T17:45:00.000Z","964.0","Count","RETURNED","E:\GKS Research\aws-ec2-vs-serverless-research\data\raw\formal\cloudwatch\lambda\SVL-W06-T01_Invocations_Sum.json"
"SVL-W06-T01","SVL","Lambda","Duration","Average","2026-08-16T17:41:04.215Z","2026-08-16T17:46:05.133Z","2026-08-16T17:41:00.000Z","25.20615153405851","Milliseconds","RETURNED","E:\GKS Research\aws-ec2-vs-serverless-research\data\raw\formal\cloudwatch\lambda\SVL-W06-T01_Duration_Average.json"
"SVL-W06-T01","SVL","Lambda","Duration","Average","2026-08-16T17:41:04.215Z","2026-08-16T17:46:05.133Z","2026-08-16T17:42:00.000Z","25.891400300304408","Milliseconds","RETURNED","E:\GKS Research\aws-ec2-vs-serverless-research\data\raw\formal\cloudwatch\lambda\SVL-W06-T01_Duration_Average.json"
"SVL-W06-T01","SVL","Lambda","Duration","Average","2026-08-16T17:41:04.215Z","2026-08-16T17:46:05.133Z","2026-08-16T17:43:00.000Z","26.024670872678076","Milliseconds","RETURNED","E:\GKS Research\aws-ec2-vs-serverless-research\data\raw\formal\cloudwatch\lambda\SVL-W06-T01_Duration_Average.json"
"SVL-W06-T01","SVL","Lambda","Duration","Average","2026-08-16T17:41:04.215Z","2026-08-16T17:46:05.133Z","2026-08-16T17:44:00.000Z","25.489200634710283","Milliseconds","RETURNED","E:\GKS Research\aws-ec2-vs-serverless-research\data\raw\formal\cloudwatch\lambda\SVL-W06-T01_Duration_Average.json"
"SVL-W06-T01","SVL","Lambda","Duration","Average","2026-08-16T17:41:04.215Z","2026-08-16T17:46:05.133Z","2026-08-16T17:45:00.000Z","25.58246887748963","Milliseconds","RETURNED","E:\GKS Research\aws-ec2-vs-serverless-research\data\raw\formal\cloudwatch\lambda\SVL-W06-T01_Duration_Average.json"
"SVL-W06-T01","SVL","Lambda","Errors","Sum","2026-08-16T17:41:04.215Z","2026-08-16T17:46:05.133Z","2026-08-16T17:41:00.000Z","0.0","Count","RETURNED","E:\GKS Research\aws-ec2-vs-serverless-research\data\raw\formal\cloudwatch\lambda\SVL-W06-T01_Errors_Sum.json"
"SVL-W06-T01","SVL","Lambda","Errors","Sum","2026-08-16T17:41:04.215Z","2026-08-16T17:46:05.133Z","2026-08-16T17:42:00.000Z","0.0","Count","RETURNED","E:\GKS Research\aws-ec2-vs-serverless-research\data\raw\formal\cloudwatch\lambda\SVL-W06-T01_Errors_Sum.json"
"SVL-W06-T01","SVL","Lambda","Errors","Sum","2026-08-16T17:41:04.215Z","2026-08-16T17:46:05.133Z","2026-08-16T17:43:00.000Z","0.0","Count","RETURNED","E:\GKS Research\aws-ec2-vs-serverless-research\data\raw\formal\cloudwatch\lambda\SVL-W06-T01_Errors_Sum.json"
"SVL-W06-T01","SVL","Lambda","Errors","Sum","2026-08-16T17:41:04.215Z","2026-08-16T17:46:05.133Z","2026-08-16T17:44:00.000Z","0.0","Count","RETURNED","E:\GKS Research\aws-ec2-vs-serverless-research\data\raw\formal\cloudwatch\lambda\SVL-W06-T01_Errors_Sum.json"
"SVL-W06-T01","SVL","Lambda","Errors","Sum","2026-08-16T17:41:04.215Z","2026-08-16T17:46:05.133Z","2026-08-16T17:45:00.000Z","0.0","Count","RETURNED","E:\GKS Research\aws-ec2-vs-serverless-research\data\raw\formal\cloudwatch\lambda\SVL-W06-T01_Errors_Sum.json"
"SVL-W06-T01","SVL","Lambda","Throttles","Sum","2026-08-16T17:41:04.215Z","2026-08-16T17:46:05.133Z","2026-08-16T17:41:00.000Z","0.0","Count","RETURNED","E:\GKS Research\aws-ec2-vs-serverless-research\data\raw\formal\cloudwatch\lambda\SVL-W06-T01_Throttles_Sum.json"
"SVL-W06-T01","SVL","Lambda","Throttles","Sum","2026-08-16T17:41:04.215Z","2026-08-16T17:46:05.133Z","2026-08-16T17:42:00.000Z","12.0","Count","RETURNED","E:\GKS Research\aws-ec2-vs-serverless-research\data\raw\formal\cloudwatch\lambda\SVL-W06-T01_Throttles_Sum.json"
"SVL-W06-T01","SVL","Lambda","Throttles","Sum","2026-08-16T17:41:04.215Z","2026-08-16T17:46:05.133Z","2026-08-16T17:43:00.000Z","10.0","Count","RETURNED","E:\GKS Research\aws-ec2-vs-serverless-research\data\raw\formal\cloudwatch\lambda\SVL-W06-T01_Throttles_Sum.json"
"SVL-W06-T01","SVL","Lambda","Throttles","Sum","2026-08-16T17:41:04.215Z","2026-08-16T17:46:05.133Z","2026-08-16T17:44:00.000Z","5.0","Count","RETURNED","E:\GKS Research\aws-ec2-vs-serverless-research\data\raw\formal\cloudwatch\lambda\SVL-W06-T01_Throttles_Sum.json"
"SVL-W06-T01","SVL","Lambda","Throttles","Sum","2026-08-16T17:41:04.215Z","2026-08-16T17:46:05.133Z","2026-08-16T17:45:00.000Z","10.0","Count","RETURNED","E:\GKS Research\aws-ec2-vs-serverless-research\data\raw\formal\cloudwatch\lambda\SVL-W06-T01_Throttles_Sum.json"
"SVL-W06-T01","SVL","Lambda","ConcurrentExecutions","Maximum","2026-08-16T17:41:04.215Z","2026-08-16T17:46:05.133Z","2026-08-16T17:41:00.000Z","10.0","Count","RETURNED","E:\GKS Research\aws-ec2-vs-serverless-research\data\raw\formal\cloudwatch\lambda\SVL-W06-T01_ConcurrentExecutions_Maximum.json"
"SVL-W06-T01","SVL","Lambda","ConcurrentExecutions","Maximum","2026-08-16T17:41:04.215Z","2026-08-16T17:46:05.133Z","2026-08-16T17:42:00.000Z","10.0","Count","RETURNED","E:\GKS Research\aws-ec2-vs-serverless-research\data\raw\formal\cloudwatch\lambda\SVL-W06-T01_ConcurrentExecutions_Maximum.json"
"SVL-W06-T01","SVL","Lambda","ConcurrentExecutions","Maximum","2026-08-16T17:41:04.215Z","2026-08-16T17:46:05.133Z","2026-08-16T17:43:00.000Z","10.0","Count","RETURNED","E:\GKS Research\aws-ec2-vs-serverless-research\data\raw\formal\cloudwatch\lambda\SVL-W06-T01_ConcurrentExecutions_Maximum.json"
"SVL-W06-T01","SVL","Lambda","ConcurrentExecutions","Maximum","2026-08-16T17:41:04.215Z","2026-08-16T17:46:05.133Z","2026-08-16T17:44:00.000Z","10.0","Count","RETURNED","E:\GKS Research\aws-ec2-vs-serverless-research\data\raw\formal\cloudwatch\lambda\SVL-W06-T01_ConcurrentExecutions_Maximum.json"
"SVL-W06-T01","SVL","Lambda","ConcurrentExecutions","Maximum","2026-08-16T17:41:04.215Z","2026-08-16T17:46:05.133Z","2026-08-16T17:45:00.000Z","10.0","Count","RETURNED","E:\GKS Research\aws-ec2-vs-serverless-research\data\raw\formal\cloudwatch\lambda\SVL-W06-T01_ConcurrentExecutions_Maximum.json"
"SVL-W06-T01","SVL","APIGateway","Count","Sum","2026-08-16T17:41:04.215Z","2026-08-16T17:46:05.133Z","2026-08-16T17:41:00.000Z","1333.0","None","RETURNED","E:\GKS Research\aws-ec2-vs-serverless-research\data\raw\formal\cloudwatch\apigateway\SVL-W06-T01_Count_Sum.json"
"SVL-W06-T01","SVL","APIGateway","Count","Sum","2026-08-16T17:41:04.215Z","2026-08-16T17:46:05.133Z","2026-08-16T17:42:00.000Z","1326.0","None","RETURNED","E:\GKS Research\aws-ec2-vs-serverless-research\data\raw\formal\cloudwatch\apigateway\SVL-W06-T01_Count_Sum.json"
"SVL-W06-T01","SVL","APIGateway","Count","Sum","2026-08-16T17:41:04.215Z","2026-08-16T17:46:05.133Z","2026-08-16T17:43:00.000Z","1119.0","None","RETURNED","E:\GKS Research\aws-ec2-vs-serverless-research\data\raw\formal\cloudwatch\apigateway\SVL-W06-T01_Count_Sum.json"
"SVL-W06-T01","SVL","APIGateway","Count","Sum","2026-08-16T17:41:04.215Z","2026-08-16T17:46:05.133Z","2026-08-16T17:44:00.000Z","1869.0","None","RETURNED","E:\GKS Research\aws-ec2-vs-serverless-research\data\raw\formal\cloudwatch\apigateway\SVL-W06-T01_Count_Sum.json"
"SVL-W06-T01","SVL","APIGateway","Count","Sum","2026-08-16T17:41:04.215Z","2026-08-16T17:46:05.133Z","2026-08-16T17:45:00.000Z","974.0","None","RETURNED","E:\GKS Research\aws-ec2-vs-serverless-research\data\raw\formal\cloudwatch\apigateway\SVL-W06-T01_Count_Sum.json"
"SVL-W06-T01","SVL","APIGateway","4xx","Sum","2026-08-16T17:41:04.215Z","2026-08-16T17:46:05.133Z","2026-08-16T17:41:00.000Z","0.0","None","RETURNED","E:\GKS Research\aws-ec2-vs-serverless-research\data\raw\formal\cloudwatch\apigateway\SVL-W06-T01_4xx_Sum.json"
"SVL-W06-T01","SVL","APIGateway","4xx","Sum","2026-08-16T17:41:04.215Z","2026-08-16T17:46:05.133Z","2026-08-16T17:42:00.000Z","0.0","None","RETURNED","E:\GKS Research\aws-ec2-vs-serverless-research\data\raw\formal\cloudwatch\apigateway\SVL-W06-T01_4xx_Sum.json"
"SVL-W06-T01","SVL","APIGateway","4xx","Sum","2026-08-16T17:41:04.215Z","2026-08-16T17:46:05.133Z","2026-08-16T17:43:00.000Z","0.0","None","RETURNED","E:\GKS Research\aws-ec2-vs-serverless-research\data\raw\formal\cloudwatch\apigateway\SVL-W06-T01_4xx_Sum.json"
"SVL-W06-T01","SVL","APIGateway","4xx","Sum","2026-08-16T17:41:04.215Z","2026-08-16T17:46:05.133Z","2026-08-16T17:44:00.000Z","0.0","None","RETURNED","E:\GKS Research\aws-ec2-vs-serverless-research\data\raw\formal\cloudwatch\apigateway\SVL-W06-T01_4xx_Sum.json"
"SVL-W06-T01","SVL","APIGateway","4xx","Sum","2026-08-16T17:41:04.215Z","2026-08-16T17:46:05.133Z","2026-08-16T17:45:00.000Z","0.0","None","RETURNED","E:\GKS Research\aws-ec2-vs-serverless-research\data\raw\formal\cloudwatch\apigateway\SVL-W06-T01_4xx_Sum.json"
"SVL-W06-T01","SVL","APIGateway","5xx","Sum","2026-08-16T17:41:04.215Z","2026-08-16T17:46:05.133Z","2026-08-16T17:41:00.000Z","0.0","None","RETURNED","E:\GKS Research\aws-ec2-vs-serverless-research\data\raw\formal\cloudwatch\apigateway\SVL-W06-T01_5xx_Sum.json"
"SVL-W06-T01","SVL","APIGateway","5xx","Sum","2026-08-16T17:41:04.215Z","2026-08-16T17:46:05.133Z","2026-08-16T17:42:00.000Z","12.0","None","RETURNED","E:\GKS Research\aws-ec2-vs-serverless-research\data\raw\formal\cloudwatch\apigateway\SVL-W06-T01_5xx_Sum.json"
"SVL-W06-T01","SVL","APIGateway","5xx","Sum","2026-08-16T17:41:04.215Z","2026-08-16T17:46:05.133Z","2026-08-16T17:43:00.000Z","10.0","None","RETURNED","E:\GKS Research\aws-ec2-vs-serverless-research\data\raw\formal\cloudwatch\apigateway\SVL-W06-T01_5xx_Sum.json"
"SVL-W06-T01","SVL","APIGateway","5xx","Sum","2026-08-16T17:41:04.215Z","2026-08-16T17:46:05.133Z","2026-08-16T17:44:00.000Z","5.0","None","RETURNED","E:\GKS Research\aws-ec2-vs-serverless-research\data\raw\formal\cloudwatch\apigateway\SVL-W06-T01_5xx_Sum.json"
"SVL-W06-T01","SVL","APIGateway","5xx","Sum","2026-08-16T17:41:04.215Z","2026-08-16T17:46:05.133Z","2026-08-16T17:45:00.000Z","10.0","None","RETURNED","E:\GKS Research\aws-ec2-vs-serverless-research\data\raw\formal\cloudwatch\apigateway\SVL-W06-T01_5xx_Sum.json"
"SVL-W06-T01","SVL","APIGateway","Latency","Average","2026-08-16T17:41:04.215Z","2026-08-16T17:46:05.133Z","2026-08-16T17:41:00.000Z","33.993248312078016","Milliseconds","RETURNED","E:\GKS Research\aws-ec2-vs-serverless-research\data\raw\formal\cloudwatch\apigateway\SVL-W06-T01_Latency_Average.json"
"SVL-W06-T01","SVL","APIGateway","Latency","Average","2026-08-16T17:41:04.215Z","2026-08-16T17:46:05.133Z","2026-08-16T17:42:00.000Z","32.44419306184012","Milliseconds","RETURNED","E:\GKS Research\aws-ec2-vs-serverless-research\data\raw\formal\cloudwatch\apigateway\SVL-W06-T01_Latency_Average.json"
"SVL-W06-T01","SVL","APIGateway","Latency","Average","2026-08-16T17:41:04.215Z","2026-08-16T17:46:05.133Z","2026-08-16T17:43:00.000Z","32.77479892761394","Milliseconds","RETURNED","E:\GKS Research\aws-ec2-vs-serverless-research\data\raw\formal\cloudwatch\apigateway\SVL-W06-T01_Latency_Average.json"
"SVL-W06-T01","SVL","APIGateway","Latency","Average","2026-08-16T17:41:04.215Z","2026-08-16T17:46:05.133Z","2026-08-16T17:44:00.000Z","32.23167469234885","Milliseconds","RETURNED","E:\GKS Research\aws-ec2-vs-serverless-research\data\raw\formal\cloudwatch\apigateway\SVL-W06-T01_Latency_Average.json"
"SVL-W06-T01","SVL","APIGateway","Latency","Average","2026-08-16T17:41:04.215Z","2026-08-16T17:46:05.133Z","2026-08-16T17:45:00.000Z","32.114989733059545","Milliseconds","RETURNED","E:\GKS Research\aws-ec2-vs-serverless-research\data\raw\formal\cloudwatch\apigateway\SVL-W06-T01_Latency_Average.json"
"SVL-W06-T01","SVL","APIGateway","IntegrationLatency","Average","2026-08-16T17:41:04.215Z","2026-08-16T17:46:05.133Z","2026-08-16T17:41:00.000Z","32.77869467366842","Milliseconds","RETURNED","E:\GKS Research\aws-ec2-vs-serverless-research\data\raw\formal\cloudwatch\apigateway\SVL-W06-T01_IntegrationLatency_Average.json"
"SVL-W06-T01","SVL","APIGateway","IntegrationLatency","Average","2026-08-16T17:41:04.215Z","2026-08-16T17:46:05.133Z","2026-08-16T17:42:00.000Z","31.50377073906486","Milliseconds","RETURNED","E:\GKS Research\aws-ec2-vs-serverless-research\data\raw\formal\cloudwatch\apigateway\SVL-W06-T01_IntegrationLatency_Average.json"
"SVL-W06-T01","SVL","APIGateway","IntegrationLatency","Average","2026-08-16T17:41:04.215Z","2026-08-16T17:46:05.133Z","2026-08-16T17:43:00.000Z","31.839142091152816","Milliseconds","RETURNED","E:\GKS Research\aws-ec2-vs-serverless-research\data\raw\formal\cloudwatch\apigateway\SVL-W06-T01_IntegrationLatency_Average.json"
"SVL-W06-T01","SVL","APIGateway","IntegrationLatency","Average","2026-08-16T17:41:04.215Z","2026-08-16T17:46:05.133Z","2026-08-16T17:44:00.000Z","31.28785446762975","Milliseconds","RETURNED","E:\GKS Research\aws-ec2-vs-serverless-research\data\raw\formal\cloudwatch\apigateway\SVL-W06-T01_IntegrationLatency_Average.json"
"SVL-W06-T01","SVL","APIGateway","IntegrationLatency","Average","2026-08-16T17:41:04.215Z","2026-08-16T17:46:05.133Z","2026-08-16T17:45:00.000Z","31.205338809034906","Milliseconds","RETURNED","E:\GKS Research\aws-ec2-vs-serverless-research\data\raw\formal\cloudwatch\apigateway\SVL-W06-T01_IntegrationLatency_Average.json"
"SVL-W06-T02","SVL","Lambda","Invocations","Sum","2026-08-16T17:46:12.341Z","2026-08-16T17:53:50.660Z","2026-08-16T17:46:00.000Z","1249.0","Count","RETURNED","E:\GKS Research\aws-ec2-vs-serverless-research\data\raw\formal\cloudwatch\lambda\SVL-W06-T02_Invocations_Sum.json"
"SVL-W06-T02","SVL","Lambda","Invocations","Sum","2026-08-16T17:46:12.341Z","2026-08-16T17:53:50.660Z","2026-08-16T17:47:00.000Z","703.0","Count","RETURNED","E:\GKS Research\aws-ec2-vs-serverless-research\data\raw\formal\cloudwatch\lambda\SVL-W06-T02_Invocations_Sum.json"
"SVL-W06-T02","SVL","Lambda","Invocations","Sum","2026-08-16T17:46:12.341Z","2026-08-16T17:53:50.660Z","2026-08-16T17:48:00.000Z","953.0","Count","RETURNED","E:\GKS Research\aws-ec2-vs-serverless-research\data\raw\formal\cloudwatch\lambda\SVL-W06-T02_Invocations_Sum.json"
"SVL-W06-T02","SVL","Lambda","Invocations","Sum","2026-08-16T17:46:12.341Z","2026-08-16T17:53:50.660Z","2026-08-16T17:49:00.000Z","1639.0","Count","RETURNED","E:\GKS Research\aws-ec2-vs-serverless-research\data\raw\formal\cloudwatch\lambda\SVL-W06-T02_Invocations_Sum.json"
"SVL-W06-T02","SVL","Lambda","Invocations","Sum","2026-08-16T17:46:12.341Z","2026-08-16T17:53:50.660Z","2026-08-16T17:50:00.000Z","1382.0","Count","RETURNED","E:\GKS Research\aws-ec2-vs-serverless-research\data\raw\formal\cloudwatch\lambda\SVL-W06-T02_Invocations_Sum.json"
"SVL-W06-T02","SVL","Lambda","Duration","Average","2026-08-16T17:46:12.341Z","2026-08-16T17:53:50.660Z","2026-08-16T17:46:00.000Z","25.472962364371497","Milliseconds","RETURNED","E:\GKS Research\aws-ec2-vs-serverless-research\data\raw\formal\cloudwatch\lambda\SVL-W06-T02_Duration_Average.json"
"SVL-W06-T02","SVL","Lambda","Duration","Average","2026-08-16T17:46:12.341Z","2026-08-16T17:53:50.660Z","2026-08-16T17:47:00.000Z","25.584139399431","Milliseconds","RETURNED","E:\GKS Research\aws-ec2-vs-serverless-research\data\raw\formal\cloudwatch\lambda\SVL-W06-T02_Duration_Average.json"
"SVL-W06-T02","SVL","Lambda","Duration","Average","2026-08-16T17:46:12.341Z","2026-08-16T17:53:50.660Z","2026-08-16T17:48:00.000Z","25.511909755823723","Milliseconds","RETURNED","E:\GKS Research\aws-ec2-vs-serverless-research\data\raw\formal\cloudwatch\lambda\SVL-W06-T02_Duration_Average.json"
"SVL-W06-T02","SVL","Lambda","Duration","Average","2026-08-16T17:46:12.341Z","2026-08-16T17:53:50.660Z","2026-08-16T17:49:00.000Z","25.41462476558873","Milliseconds","RETURNED","E:\GKS Research\aws-ec2-vs-serverless-research\data\raw\formal\cloudwatch\lambda\SVL-W06-T02_Duration_Average.json"
"SVL-W06-T02","SVL","Lambda","Duration","Average","2026-08-16T17:46:12.341Z","2026-08-16T17:53:50.660Z","2026-08-16T17:50:00.000Z","25.474587547612145","Milliseconds","RETURNED","E:\GKS Research\aws-ec2-vs-serverless-research\data\raw\formal\cloudwatch\lambda\SVL-W06-T02_Duration_Average.json"
"SVL-W06-T02","SVL","Lambda","Errors","Sum","2026-08-16T17:46:12.341Z","2026-08-16T17:53:50.660Z","2026-08-16T17:46:00.000Z","0.0","Count","RETURNED","E:\GKS Research\aws-ec2-vs-serverless-research\data\raw\formal\cloudwatch\lambda\SVL-W06-T02_Errors_Sum.json"
"SVL-W06-T02","SVL","Lambda","Errors","Sum","2026-08-16T17:46:12.341Z","2026-08-16T17:53:50.660Z","2026-08-16T17:47:00.000Z","0.0","Count","RETURNED","E:\GKS Research\aws-ec2-vs-serverless-research\data\raw\formal\cloudwatch\lambda\SVL-W06-T02_Errors_Sum.json"
"SVL-W06-T02","SVL","Lambda","Errors","Sum","2026-08-16T17:46:12.341Z","2026-08-16T17:53:50.660Z","2026-08-16T17:48:00.000Z","0.0","Count","RETURNED","E:\GKS Research\aws-ec2-vs-serverless-research\data\raw\formal\cloudwatch\lambda\SVL-W06-T02_Errors_Sum.json"
"SVL-W06-T02","SVL","Lambda","Errors","Sum","2026-08-16T17:46:12.341Z","2026-08-16T17:53:50.660Z","2026-08-16T17:49:00.000Z","0.0","Count","RETURNED","E:\GKS Research\aws-ec2-vs-serverless-research\data\raw\formal\cloudwatch\lambda\SVL-W06-T02_Errors_Sum.json"
"SVL-W06-T02","SVL","Lambda","Errors","Sum","2026-08-16T17:46:12.341Z","2026-08-16T17:53:50.660Z","2026-08-16T17:50:00.000Z","0.0","Count","RETURNED","E:\GKS Research\aws-ec2-vs-serverless-research\data\raw\formal\cloudwatch\lambda\SVL-W06-T02_Errors_Sum.json"
"SVL-W06-T02","SVL","Lambda","Throttles","Sum","2026-08-16T17:46:12.341Z","2026-08-16T17:53:50.660Z","2026-08-16T17:46:00.000Z","18.0","Count","RETURNED","E:\GKS Research\aws-ec2-vs-serverless-research\data\raw\formal\cloudwatch\lambda\SVL-W06-T02_Throttles_Sum.json"
"SVL-W06-T02","SVL","Lambda","Throttles","Sum","2026-08-16T17:46:12.341Z","2026-08-16T17:53:50.660Z","2026-08-16T17:47:00.000Z","45.0","Count","RETURNED","E:\GKS Research\aws-ec2-vs-serverless-research\data\raw\formal\cloudwatch\lambda\SVL-W06-T02_Throttles_Sum.json"
"SVL-W06-T02","SVL","Lambda","Throttles","Sum","2026-08-16T17:46:12.341Z","2026-08-16T17:53:50.660Z","2026-08-16T17:48:00.000Z","47.0","Count","RETURNED","E:\GKS Research\aws-ec2-vs-serverless-research\data\raw\formal\cloudwatch\lambda\SVL-W06-T02_Throttles_Sum.json"
"SVL-W06-T02","SVL","Lambda","Throttles","Sum","2026-08-16T17:46:12.341Z","2026-08-16T17:53:50.660Z","2026-08-16T17:49:00.000Z","25.0","Count","RETURNED","E:\GKS Research\aws-ec2-vs-serverless-research\data\raw\formal\cloudwatch\lambda\SVL-W06-T02_Throttles_Sum.json"
"SVL-W06-T02","SVL","Lambda","Throttles","Sum","2026-08-16T17:46:12.341Z","2026-08-16T17:53:50.660Z","2026-08-16T17:50:00.000Z","1.0","Count","RETURNED","E:\GKS Research\aws-ec2-vs-serverless-research\data\raw\formal\cloudwatch\lambda\SVL-W06-T02_Throttles_Sum.json"
"SVL-W06-T02","SVL","Lambda","ConcurrentExecutions","Maximum","2026-08-16T17:46:12.341Z","2026-08-16T17:53:50.660Z","2026-08-16T17:46:00.000Z","10.0","Count","RETURNED","E:\GKS Research\aws-ec2-vs-serverless-research\data\raw\formal\cloudwatch\lambda\SVL-W06-T02_ConcurrentExecutions_Maximum.json"
"SVL-W06-T02","SVL","Lambda","ConcurrentExecutions","Maximum","2026-08-16T17:46:12.341Z","2026-08-16T17:53:50.660Z","2026-08-16T17:47:00.000Z","10.0","Count","RETURNED","E:\GKS Research\aws-ec2-vs-serverless-research\data\raw\formal\cloudwatch\lambda\SVL-W06-T02_ConcurrentExecutions_Maximum.json"
"SVL-W06-T02","SVL","Lambda","ConcurrentExecutions","Maximum","2026-08-16T17:46:12.341Z","2026-08-16T17:53:50.660Z","2026-08-16T17:48:00.000Z","10.0","Count","RETURNED","E:\GKS Research\aws-ec2-vs-serverless-research\data\raw\formal\cloudwatch\lambda\SVL-W06-T02_ConcurrentExecutions_Maximum.json"
"SVL-W06-T02","SVL","Lambda","ConcurrentExecutions","Maximum","2026-08-16T17:46:12.341Z","2026-08-16T17:53:50.660Z","2026-08-16T17:49:00.000Z","10.0","Count","RETURNED","E:\GKS Research\aws-ec2-vs-serverless-research\data\raw\formal\cloudwatch\lambda\SVL-W06-T02_ConcurrentExecutions_Maximum.json"
"SVL-W06-T02","SVL","Lambda","ConcurrentExecutions","Maximum","2026-08-16T17:46:12.341Z","2026-08-16T17:53:50.660Z","2026-08-16T17:50:00.000Z","10.0","Count","RETURNED","E:\GKS Research\aws-ec2-vs-serverless-research\data\raw\formal\cloudwatch\lambda\SVL-W06-T02_ConcurrentExecutions_Maximum.json"
"SVL-W06-T02","SVL","APIGateway","Count","Sum","2026-08-16T17:46:12.341Z","2026-08-16T17:53:50.660Z","2026-08-16T17:46:00.000Z","1267.0","None","RETURNED","E:\GKS Research\aws-ec2-vs-serverless-research\data\raw\formal\cloudwatch\apigateway\SVL-W06-T02_Count_Sum.json"
"SVL-W06-T02","SVL","APIGateway","Count","Sum","2026-08-16T17:46:12.341Z","2026-08-16T17:53:50.660Z","2026-08-16T17:47:00.000Z","748.0","None","RETURNED","E:\GKS Research\aws-ec2-vs-serverless-research\data\raw\formal\cloudwatch\apigateway\SVL-W06-T02_Count_Sum.json"
"SVL-W06-T02","SVL","APIGateway","Count","Sum","2026-08-16T17:46:12.341Z","2026-08-16T17:53:50.660Z","2026-08-16T17:48:00.000Z","1000.0","None","RETURNED","E:\GKS Research\aws-ec2-vs-serverless-research\data\raw\formal\cloudwatch\apigateway\SVL-W06-T02_Count_Sum.json"
"SVL-W06-T02","SVL","APIGateway","Count","Sum","2026-08-16T17:46:12.341Z","2026-08-16T17:53:50.660Z","2026-08-16T17:49:00.000Z","1664.0","None","RETURNED","E:\GKS Research\aws-ec2-vs-serverless-research\data\raw\formal\cloudwatch\apigateway\SVL-W06-T02_Count_Sum.json"
"SVL-W06-T02","SVL","APIGateway","Count","Sum","2026-08-16T17:46:12.341Z","2026-08-16T17:53:50.660Z","2026-08-16T17:50:00.000Z","1383.0","None","RETURNED","E:\GKS Research\aws-ec2-vs-serverless-research\data\raw\formal\cloudwatch\apigateway\SVL-W06-T02_Count_Sum.json"
"SVL-W06-T02","SVL","APIGateway","4xx","Sum","2026-08-16T17:46:12.341Z","2026-08-16T17:53:50.660Z","2026-08-16T17:46:00.000Z","0.0","None","RETURNED","E:\GKS Research\aws-ec2-vs-serverless-research\data\raw\formal\cloudwatch\apigateway\SVL-W06-T02_4xx_Sum.json"
"SVL-W06-T02","SVL","APIGateway","4xx","Sum","2026-08-16T17:46:12.341Z","2026-08-16T17:53:50.660Z","2026-08-16T17:47:00.000Z","0.0","None","RETURNED","E:\GKS Research\aws-ec2-vs-serverless-research\data\raw\formal\cloudwatch\apigateway\SVL-W06-T02_4xx_Sum.json"
"SVL-W06-T02","SVL","APIGateway","4xx","Sum","2026-08-16T17:46:12.341Z","2026-08-16T17:53:50.660Z","2026-08-16T17:48:00.000Z","0.0","None","RETURNED","E:\GKS Research\aws-ec2-vs-serverless-research\data\raw\formal\cloudwatch\apigateway\SVL-W06-T02_4xx_Sum.json"
"SVL-W06-T02","SVL","APIGateway","4xx","Sum","2026-08-16T17:46:12.341Z","2026-08-16T17:53:50.660Z","2026-08-16T17:49:00.000Z","0.0","None","RETURNED","E:\GKS Research\aws-ec2-vs-serverless-research\data\raw\formal\cloudwatch\apigateway\SVL-W06-T02_4xx_Sum.json"
"SVL-W06-T02","SVL","APIGateway","4xx","Sum","2026-08-16T17:46:12.341Z","2026-08-16T17:53:50.660Z","2026-08-16T17:50:00.000Z","0.0","None","RETURNED","E:\GKS Research\aws-ec2-vs-serverless-research\data\raw\formal\cloudwatch\apigateway\SVL-W06-T02_4xx_Sum.json"
"SVL-W06-T02","SVL","APIGateway","5xx","Sum","2026-08-16T17:46:12.341Z","2026-08-16T17:53:50.660Z","2026-08-16T17:46:00.000Z","18.0","None","RETURNED","E:\GKS Research\aws-ec2-vs-serverless-research\data\raw\formal\cloudwatch\apigateway\SVL-W06-T02_5xx_Sum.json"
"SVL-W06-T02","SVL","APIGateway","5xx","Sum","2026-08-16T17:46:12.341Z","2026-08-16T17:53:50.660Z","2026-08-16T17:47:00.000Z","45.0","None","RETURNED","E:\GKS Research\aws-ec2-vs-serverless-research\data\raw\formal\cloudwatch\apigateway\SVL-W06-T02_5xx_Sum.json"
"SVL-W06-T02","SVL","APIGateway","5xx","Sum","2026-08-16T17:46:12.341Z","2026-08-16T17:53:50.660Z","2026-08-16T17:48:00.000Z","47.0","None","RETURNED","E:\GKS Research\aws-ec2-vs-serverless-research\data\raw\formal\cloudwatch\apigateway\SVL-W06-T02_5xx_Sum.json"
"SVL-W06-T02","SVL","APIGateway","5xx","Sum","2026-08-16T17:46:12.341Z","2026-08-16T17:53:50.660Z","2026-08-16T17:49:00.000Z","25.0","None","RETURNED","E:\GKS Research\aws-ec2-vs-serverless-research\data\raw\formal\cloudwatch\apigateway\SVL-W06-T02_5xx_Sum.json"
"SVL-W06-T02","SVL","APIGateway","5xx","Sum","2026-08-16T17:46:12.341Z","2026-08-16T17:53:50.660Z","2026-08-16T17:50:00.000Z","1.0","None","RETURNED","E:\GKS Research\aws-ec2-vs-serverless-research\data\raw\formal\cloudwatch\apigateway\SVL-W06-T02_5xx_Sum.json"
"SVL-W06-T02","SVL","APIGateway","Latency","Average","2026-08-16T17:46:12.341Z","2026-08-16T17:53:50.660Z","2026-08-16T17:46:00.000Z","32.69613259668508","Milliseconds","RETURNED","E:\GKS Research\aws-ec2-vs-serverless-research\data\raw\formal\cloudwatch\apigateway\SVL-W06-T02_Latency_Average.json"
"SVL-W06-T02","SVL","APIGateway","Latency","Average","2026-08-16T17:46:12.341Z","2026-08-16T17:53:50.660Z","2026-08-16T17:47:00.000Z","31.47192513368984","Milliseconds","RETURNED","E:\GKS Research\aws-ec2-vs-serverless-research\data\raw\formal\cloudwatch\apigateway\SVL-W06-T02_Latency_Average.json"
"SVL-W06-T02","SVL","APIGateway","Latency","Average","2026-08-16T17:46:12.341Z","2026-08-16T17:53:50.660Z","2026-08-16T17:48:00.000Z","31.345","Milliseconds","RETURNED","E:\GKS Research\aws-ec2-vs-serverless-research\data\raw\formal\cloudwatch\apigateway\SVL-W06-T02_Latency_Average.json"
"SVL-W06-T02","SVL","APIGateway","Latency","Average","2026-08-16T17:46:12.341Z","2026-08-16T17:53:50.660Z","2026-08-16T17:49:00.000Z","32.19050480769231","Milliseconds","RETURNED","E:\GKS Research\aws-ec2-vs-serverless-research\data\raw\formal\cloudwatch\apigateway\SVL-W06-T02_Latency_Average.json"
"SVL-W06-T02","SVL","APIGateway","Latency","Average","2026-08-16T17:46:12.341Z","2026-08-16T17:53:50.660Z","2026-08-16T17:50:00.000Z","32.749819233550255","Milliseconds","RETURNED","E:\GKS Research\aws-ec2-vs-serverless-research\data\raw\formal\cloudwatch\apigateway\SVL-W06-T02_Latency_Average.json"
"SVL-W06-T02","SVL","APIGateway","IntegrationLatency","Average","2026-08-16T17:46:12.341Z","2026-08-16T17:53:50.660Z","2026-08-16T17:46:00.000Z","31.519337016574585","Milliseconds","RETURNED","E:\GKS Research\aws-ec2-vs-serverless-research\data\raw\formal\cloudwatch\apigateway\SVL-W06-T02_IntegrationLatency_Average.json"
"SVL-W06-T02","SVL","APIGateway","IntegrationLatency","Average","2026-08-16T17:46:12.341Z","2026-08-16T17:53:50.660Z","2026-08-16T17:47:00.000Z","30.255347593582886","Milliseconds","RETURNED","E:\GKS Research\aws-ec2-vs-serverless-research\data\raw\formal\cloudwatch\apigateway\SVL-W06-T02_IntegrationLatency_Average.json"
"SVL-W06-T02","SVL","APIGateway","IntegrationLatency","Average","2026-08-16T17:46:12.341Z","2026-08-16T17:53:50.660Z","2026-08-16T17:48:00.000Z","30.152","Milliseconds","RETURNED","E:\GKS Research\aws-ec2-vs-serverless-research\data\raw\formal\cloudwatch\apigateway\SVL-W06-T02_IntegrationLatency_Average.json"
"SVL-W06-T02","SVL","APIGateway","IntegrationLatency","Average","2026-08-16T17:46:12.341Z","2026-08-16T17:53:50.660Z","2026-08-16T17:49:00.000Z","31.036658653846153","Milliseconds","RETURNED","E:\GKS Research\aws-ec2-vs-serverless-research\data\raw\formal\cloudwatch\apigateway\SVL-W06-T02_IntegrationLatency_Average.json"
"SVL-W06-T02","SVL","APIGateway","IntegrationLatency","Average","2026-08-16T17:46:12.341Z","2026-08-16T17:53:50.660Z","2026-08-16T17:50:00.000Z","31.626898047722342","Milliseconds","RETURNED","E:\GKS Research\aws-ec2-vs-serverless-research\data\raw\formal\cloudwatch\apigateway\SVL-W06-T02_IntegrationLatency_Average.json"
"SVL-W06-T03","SVL","Lambda","Invocations","Sum","2026-08-16T17:53:59.296Z","2026-08-16T17:59:00.592Z","2026-08-16T17:54:00.000Z","2150.0","Count","RETURNED","E:\GKS Research\aws-ec2-vs-serverless-research\data\raw\formal\cloudwatch\lambda\SVL-W06-T03_Invocations_Sum.json"
"SVL-W06-T03","SVL","Lambda","Invocations","Sum","2026-08-16T17:53:59.296Z","2026-08-16T17:59:00.592Z","2026-08-16T17:55:00.000Z","2129.0","Count","RETURNED","E:\GKS Research\aws-ec2-vs-serverless-research\data\raw\formal\cloudwatch\lambda\SVL-W06-T03_Invocations_Sum.json"
"SVL-W06-T03","SVL","Lambda","Invocations","Sum","2026-08-16T17:53:59.296Z","2026-08-16T17:59:00.592Z","2026-08-16T17:56:00.000Z","995.0","Count","RETURNED","E:\GKS Research\aws-ec2-vs-serverless-research\data\raw\formal\cloudwatch\lambda\SVL-W06-T03_Invocations_Sum.json"
"SVL-W06-T03","SVL","Lambda","Invocations","Sum","2026-08-16T17:53:59.296Z","2026-08-16T17:59:00.592Z","2026-08-16T17:57:00.000Z","1371.0","Count","RETURNED","E:\GKS Research\aws-ec2-vs-serverless-research\data\raw\formal\cloudwatch\lambda\SVL-W06-T03_Invocations_Sum.json"
"SVL-W06-T03","SVL","Lambda","Invocations","Sum","2026-08-16T17:53:59.296Z","2026-08-16T17:59:00.592Z","2026-08-16T17:58:00.000Z","2151.0","Count","RETURNED","E:\GKS Research\aws-ec2-vs-serverless-research\data\raw\formal\cloudwatch\lambda\SVL-W06-T03_Invocations_Sum.json"
"SVL-W06-T03","SVL","Lambda","Duration","Average","2026-08-16T17:53:59.296Z","2026-08-16T17:59:00.592Z","2026-08-16T17:54:00.000Z","25.620348828697676","Milliseconds","RETURNED","E:\GKS Research\aws-ec2-vs-serverless-research\data\raw\formal\cloudwatch\lambda\SVL-W06-T03_Duration_Average.json"
"SVL-W06-T03","SVL","Lambda","Duration","Average","2026-08-16T17:53:59.296Z","2026-08-16T17:59:00.592Z","2026-08-16T17:55:00.000Z","25.451404405824324","Milliseconds","RETURNED","E:\GKS Research\aws-ec2-vs-serverless-research\data\raw\formal\cloudwatch\lambda\SVL-W06-T03_Duration_Average.json"
"SVL-W06-T03","SVL","Lambda","Duration","Average","2026-08-16T17:53:59.296Z","2026-08-16T17:59:00.592Z","2026-08-16T17:56:00.000Z","25.75430150412058","Milliseconds","RETURNED","E:\GKS Research\aws-ec2-vs-serverless-research\data\raw\formal\cloudwatch\lambda\SVL-W06-T03_Duration_Average.json"
"SVL-W06-T03","SVL","Lambda","Duration","Average","2026-08-16T17:53:59.296Z","2026-08-16T17:59:00.592Z","2026-08-16T17:57:00.000Z","25.660328224434714","Milliseconds","RETURNED","E:\GKS Research\aws-ec2-vs-serverless-research\data\raw\formal\cloudwatch\lambda\SVL-W06-T03_Duration_Average.json"
"SVL-W06-T03","SVL","Lambda","Duration","Average","2026-08-16T17:53:59.296Z","2026-08-16T17:59:00.592Z","2026-08-16T17:58:00.000Z","25.726206407717356","Milliseconds","RETURNED","E:\GKS Research\aws-ec2-vs-serverless-research\data\raw\formal\cloudwatch\lambda\SVL-W06-T03_Duration_Average.json"
"SVL-W06-T03","SVL","Lambda","Errors","Sum","2026-08-16T17:53:59.296Z","2026-08-16T17:59:00.592Z","2026-08-16T17:54:00.000Z","0.0","Count","RETURNED","E:\GKS Research\aws-ec2-vs-serverless-research\data\raw\formal\cloudwatch\lambda\SVL-W06-T03_Errors_Sum.json"
"SVL-W06-T03","SVL","Lambda","Errors","Sum","2026-08-16T17:53:59.296Z","2026-08-16T17:59:00.592Z","2026-08-16T17:55:00.000Z","0.0","Count","RETURNED","E:\GKS Research\aws-ec2-vs-serverless-research\data\raw\formal\cloudwatch\lambda\SVL-W06-T03_Errors_Sum.json"
"SVL-W06-T03","SVL","Lambda","Errors","Sum","2026-08-16T17:53:59.296Z","2026-08-16T17:59:00.592Z","2026-08-16T17:56:00.000Z","0.0","Count","RETURNED","E:\GKS Research\aws-ec2-vs-serverless-research\data\raw\formal\cloudwatch\lambda\SVL-W06-T03_Errors_Sum.json"
"SVL-W06-T03","SVL","Lambda","Errors","Sum","2026-08-16T17:53:59.296Z","2026-08-16T17:59:00.592Z","2026-08-16T17:57:00.000Z","0.0","Count","RETURNED","E:\GKS Research\aws-ec2-vs-serverless-research\data\raw\formal\cloudwatch\lambda\SVL-W06-T03_Errors_Sum.json"
"SVL-W06-T03","SVL","Lambda","Errors","Sum","2026-08-16T17:53:59.296Z","2026-08-16T17:59:00.592Z","2026-08-16T17:58:00.000Z","0.0","Count","RETURNED","E:\GKS Research\aws-ec2-vs-serverless-research\data\raw\formal\cloudwatch\lambda\SVL-W06-T03_Errors_Sum.json"
"SVL-W06-T03","SVL","Lambda","Throttles","Sum","2026-08-16T17:53:59.296Z","2026-08-16T17:59:00.592Z","2026-08-16T17:54:00.000Z","0.0","Count","RETURNED","E:\GKS Research\aws-ec2-vs-serverless-research\data\raw\formal\cloudwatch\lambda\SVL-W06-T03_Throttles_Sum.json"
"SVL-W06-T03","SVL","Lambda","Throttles","Sum","2026-08-16T17:53:59.296Z","2026-08-16T17:59:00.592Z","2026-08-16T17:55:00.000Z","19.0","Count","RETURNED","E:\GKS Research\aws-ec2-vs-serverless-research\data\raw\formal\cloudwatch\lambda\SVL-W06-T03_Throttles_Sum.json"
"SVL-W06-T03","SVL","Lambda","Throttles","Sum","2026-08-16T17:53:59.296Z","2026-08-16T17:59:00.592Z","2026-08-16T17:56:00.000Z","24.0","Count","RETURNED","E:\GKS Research\aws-ec2-vs-serverless-research\data\raw\formal\cloudwatch\lambda\SVL-W06-T03_Throttles_Sum.json"
"SVL-W06-T03","SVL","Lambda","Throttles","Sum","2026-08-16T17:53:59.296Z","2026-08-16T17:59:00.592Z","2026-08-16T17:57:00.000Z","44.0","Count","RETURNED","E:\GKS Research\aws-ec2-vs-serverless-research\data\raw\formal\cloudwatch\lambda\SVL-W06-T03_Throttles_Sum.json"
"SVL-W06-T03","SVL","Lambda","Throttles","Sum","2026-08-16T17:53:59.296Z","2026-08-16T17:59:00.592Z","2026-08-16T17:58:00.000Z","3.0","Count","RETURNED","E:\GKS Research\aws-ec2-vs-serverless-research\data\raw\formal\cloudwatch\lambda\SVL-W06-T03_Throttles_Sum.json"
"SVL-W06-T03","SVL","Lambda","ConcurrentExecutions","Maximum","2026-08-16T17:53:59.296Z","2026-08-16T17:59:00.592Z","2026-08-16T17:54:00.000Z","9.0","Count","RETURNED","E:\GKS Research\aws-ec2-vs-serverless-research\data\raw\formal\cloudwatch\lambda\SVL-W06-T03_ConcurrentExecutions_Maximum.json"
"SVL-W06-T03","SVL","Lambda","ConcurrentExecutions","Maximum","2026-08-16T17:53:59.296Z","2026-08-16T17:59:00.592Z","2026-08-16T17:55:00.000Z","10.0","Count","RETURNED","E:\GKS Research\aws-ec2-vs-serverless-research\data\raw\formal\cloudwatch\lambda\SVL-W06-T03_ConcurrentExecutions_Maximum.json"
"SVL-W06-T03","SVL","Lambda","ConcurrentExecutions","Maximum","2026-08-16T17:53:59.296Z","2026-08-16T17:59:00.592Z","2026-08-16T17:56:00.000Z","10.0","Count","RETURNED","E:\GKS Research\aws-ec2-vs-serverless-research\data\raw\formal\cloudwatch\lambda\SVL-W06-T03_ConcurrentExecutions_Maximum.json"
"SVL-W06-T03","SVL","Lambda","ConcurrentExecutions","Maximum","2026-08-16T17:53:59.296Z","2026-08-16T17:59:00.592Z","2026-08-16T17:57:00.000Z","10.0","Count","RETURNED","E:\GKS Research\aws-ec2-vs-serverless-research\data\raw\formal\cloudwatch\lambda\SVL-W06-T03_ConcurrentExecutions_Maximum.json"
"SVL-W06-T03","SVL","Lambda","ConcurrentExecutions","Maximum","2026-08-16T17:53:59.296Z","2026-08-16T17:59:00.592Z","2026-08-16T17:58:00.000Z","10.0","Count","RETURNED","E:\GKS Research\aws-ec2-vs-serverless-research\data\raw\formal\cloudwatch\lambda\SVL-W06-T03_ConcurrentExecutions_Maximum.json"
"SVL-W06-T03","SVL","APIGateway","Count","Sum","2026-08-16T17:53:59.296Z","2026-08-16T17:59:00.592Z","2026-08-16T17:54:00.000Z","2150.0","None","RETURNED","E:\GKS Research\aws-ec2-vs-serverless-research\data\raw\formal\cloudwatch\apigateway\SVL-W06-T03_Count_Sum.json"
"SVL-W06-T03","SVL","APIGateway","Count","Sum","2026-08-16T17:53:59.296Z","2026-08-16T17:59:00.592Z","2026-08-16T17:55:00.000Z","2148.0","None","RETURNED","E:\GKS Research\aws-ec2-vs-serverless-research\data\raw\formal\cloudwatch\apigateway\SVL-W06-T03_Count_Sum.json"
"SVL-W06-T03","SVL","APIGateway","Count","Sum","2026-08-16T17:53:59.296Z","2026-08-16T17:59:00.592Z","2026-08-16T17:56:00.000Z","1019.0","None","RETURNED","E:\GKS Research\aws-ec2-vs-serverless-research\data\raw\formal\cloudwatch\apigateway\SVL-W06-T03_Count_Sum.json"
"SVL-W06-T03","SVL","APIGateway","Count","Sum","2026-08-16T17:53:59.296Z","2026-08-16T17:59:00.592Z","2026-08-16T17:57:00.000Z","1415.0","None","RETURNED","E:\GKS Research\aws-ec2-vs-serverless-research\data\raw\formal\cloudwatch\apigateway\SVL-W06-T03_Count_Sum.json"
"SVL-W06-T03","SVL","APIGateway","Count","Sum","2026-08-16T17:53:59.296Z","2026-08-16T17:59:00.592Z","2026-08-16T17:58:00.000Z","2154.0","None","RETURNED","E:\GKS Research\aws-ec2-vs-serverless-research\data\raw\formal\cloudwatch\apigateway\SVL-W06-T03_Count_Sum.json"
"SVL-W06-T03","SVL","APIGateway","4xx","Sum","2026-08-16T17:53:59.296Z","2026-08-16T17:59:00.592Z","2026-08-16T17:54:00.000Z","0.0","None","RETURNED","E:\GKS Research\aws-ec2-vs-serverless-research\data\raw\formal\cloudwatch\apigateway\SVL-W06-T03_4xx_Sum.json"
"SVL-W06-T03","SVL","APIGateway","4xx","Sum","2026-08-16T17:53:59.296Z","2026-08-16T17:59:00.592Z","2026-08-16T17:55:00.000Z","0.0","None","RETURNED","E:\GKS Research\aws-ec2-vs-serverless-research\data\raw\formal\cloudwatch\apigateway\SVL-W06-T03_4xx_Sum.json"
"SVL-W06-T03","SVL","APIGateway","4xx","Sum","2026-08-16T17:53:59.296Z","2026-08-16T17:59:00.592Z","2026-08-16T17:56:00.000Z","0.0","None","RETURNED","E:\GKS Research\aws-ec2-vs-serverless-research\data\raw\formal\cloudwatch\apigateway\SVL-W06-T03_4xx_Sum.json"
"SVL-W06-T03","SVL","APIGateway","4xx","Sum","2026-08-16T17:53:59.296Z","2026-08-16T17:59:00.592Z","2026-08-16T17:57:00.000Z","0.0","None","RETURNED","E:\GKS Research\aws-ec2-vs-serverless-research\data\raw\formal\cloudwatch\apigateway\SVL-W06-T03_4xx_Sum.json"
"SVL-W06-T03","SVL","APIGateway","4xx","Sum","2026-08-16T17:53:59.296Z","2026-08-16T17:59:00.592Z","2026-08-16T17:58:00.000Z","0.0","None","RETURNED","E:\GKS Research\aws-ec2-vs-serverless-research\data\raw\formal\cloudwatch\apigateway\SVL-W06-T03_4xx_Sum.json"
"SVL-W06-T03","SVL","APIGateway","5xx","Sum","2026-08-16T17:53:59.296Z","2026-08-16T17:59:00.592Z","2026-08-16T17:54:00.000Z","0.0","None","RETURNED","E:\GKS Research\aws-ec2-vs-serverless-research\data\raw\formal\cloudwatch\apigateway\SVL-W06-T03_5xx_Sum.json"
"SVL-W06-T03","SVL","APIGateway","5xx","Sum","2026-08-16T17:53:59.296Z","2026-08-16T17:59:00.592Z","2026-08-16T17:55:00.000Z","19.0","None","RETURNED","E:\GKS Research\aws-ec2-vs-serverless-research\data\raw\formal\cloudwatch\apigateway\SVL-W06-T03_5xx_Sum.json"
"SVL-W06-T03","SVL","APIGateway","5xx","Sum","2026-08-16T17:53:59.296Z","2026-08-16T17:59:00.592Z","2026-08-16T17:56:00.000Z","24.0","None","RETURNED","E:\GKS Research\aws-ec2-vs-serverless-research\data\raw\formal\cloudwatch\apigateway\SVL-W06-T03_5xx_Sum.json"
"SVL-W06-T03","SVL","APIGateway","5xx","Sum","2026-08-16T17:53:59.296Z","2026-08-16T17:59:00.592Z","2026-08-16T17:57:00.000Z","44.0","None","RETURNED","E:\GKS Research\aws-ec2-vs-serverless-research\data\raw\formal\cloudwatch\apigateway\SVL-W06-T03_5xx_Sum.json"
"SVL-W06-T03","SVL","APIGateway","5xx","Sum","2026-08-16T17:53:59.296Z","2026-08-16T17:59:00.592Z","2026-08-16T17:58:00.000Z","3.0","None","RETURNED","E:\GKS Research\aws-ec2-vs-serverless-research\data\raw\formal\cloudwatch\apigateway\SVL-W06-T03_5xx_Sum.json"
"SVL-W06-T03","SVL","APIGateway","Latency","Average","2026-08-16T17:53:59.296Z","2026-08-16T17:59:00.592Z","2026-08-16T17:54:00.000Z","33.066511627906976","Milliseconds","RETURNED","E:\GKS Research\aws-ec2-vs-serverless-research\data\raw\formal\cloudwatch\apigateway\SVL-W06-T03_Latency_Average.json"
"SVL-W06-T03","SVL","APIGateway","Latency","Average","2026-08-16T17:53:59.296Z","2026-08-16T17:59:00.592Z","2026-08-16T17:55:00.000Z","31.977653631284916","Milliseconds","RETURNED","E:\GKS Research\aws-ec2-vs-serverless-research\data\raw\formal\cloudwatch\apigateway\SVL-W06-T03_Latency_Average.json"
"SVL-W06-T03","SVL","APIGateway","Latency","Average","2026-08-16T17:53:59.296Z","2026-08-16T17:59:00.592Z","2026-08-16T17:56:00.000Z","31.764474975466143","Milliseconds","RETURNED","E:\GKS Research\aws-ec2-vs-serverless-research\data\raw\formal\cloudwatch\apigateway\SVL-W06-T03_Latency_Average.json"
"SVL-W06-T03","SVL","APIGateway","Latency","Average","2026-08-16T17:53:59.296Z","2026-08-16T17:59:00.592Z","2026-08-16T17:57:00.000Z","31.4226148409894","Milliseconds","RETURNED","E:\GKS Research\aws-ec2-vs-serverless-research\data\raw\formal\cloudwatch\apigateway\SVL-W06-T03_Latency_Average.json"
"SVL-W06-T03","SVL","APIGateway","Latency","Average","2026-08-16T17:53:59.296Z","2026-08-16T17:59:00.592Z","2026-08-16T17:58:00.000Z","32.16759517177344","Milliseconds","RETURNED","E:\GKS Research\aws-ec2-vs-serverless-research\data\raw\formal\cloudwatch\apigateway\SVL-W06-T03_Latency_Average.json"
"SVL-W06-T03","SVL","APIGateway","IntegrationLatency","Average","2026-08-16T17:53:59.296Z","2026-08-16T17:59:00.592Z","2026-08-16T17:54:00.000Z","32.13813953488372","Milliseconds","RETURNED","E:\GKS Research\aws-ec2-vs-serverless-research\data\raw\formal\cloudwatch\apigateway\SVL-W06-T03_IntegrationLatency_Average.json"
"SVL-W06-T03","SVL","APIGateway","IntegrationLatency","Average","2026-08-16T17:53:59.296Z","2026-08-16T17:59:00.592Z","2026-08-16T17:55:00.000Z","31.015828677839853","Milliseconds","RETURNED","E:\GKS Research\aws-ec2-vs-serverless-research\data\raw\formal\cloudwatch\apigateway\SVL-W06-T03_IntegrationLatency_Average.json"
"SVL-W06-T03","SVL","APIGateway","IntegrationLatency","Average","2026-08-16T17:53:59.296Z","2026-08-16T17:59:00.592Z","2026-08-16T17:56:00.000Z","30.813542688910697","Milliseconds","RETURNED","E:\GKS Research\aws-ec2-vs-serverless-research\data\raw\formal\cloudwatch\apigateway\SVL-W06-T03_IntegrationLatency_Average.json"
"SVL-W06-T03","SVL","APIGateway","IntegrationLatency","Average","2026-08-16T17:53:59.296Z","2026-08-16T17:59:00.592Z","2026-08-16T17:57:00.000Z","30.503886925795054","Milliseconds","RETURNED","E:\GKS Research\aws-ec2-vs-serverless-research\data\raw\formal\cloudwatch\apigateway\SVL-W06-T03_IntegrationLatency_Average.json"
"SVL-W06-T03","SVL","APIGateway","IntegrationLatency","Average","2026-08-16T17:53:59.296Z","2026-08-16T17:59:00.592Z","2026-08-16T17:58:00.000Z","31.22701949860724","Milliseconds","RETURNED","E:\GKS Research\aws-ec2-vs-serverless-research\data\raw\formal\cloudwatch\apigateway\SVL-W06-T03_IntegrationLatency_Average.json"
