Timestamp,User Count,Type,Name,Requests/s,Failures/s,50%,66%,75%,80%,90%,95%,98%,99%,99.9%,99.99%,100%,Total Request Count,Total Failure Count,Total Median Response Time,Total Average Response Time,Total Min Response Time,Total Max Response Time,Total Average Content Size
1786889218,0,,Aggregated,0.000000,0.000000,N/A,N/A,N/A,N/A,N/A,N/A,N/A,N/A,N/A,N/A,N/A,0,0,0,0.0,0,0,0
1786889219,8,GET,/compute,0.000000,0.000000,0,0,0,0,0,0,0,0,0,0,0,7,0,430,305.13135715487545,121.86189997009933,452.1033999626525,162.0
1786889219,8,,Aggregated,0.000000,0.000000,0,0,0,0,0,0,0,0,0,0,0,7,0,430,305.13135715487545,121.86189997009933,452.1033999626525,162.0
1786889220,12,GET,/compute,0.000000,0.000000,0,0,0,0,0,0,0,0,0,0,0,24,0,120,203.78847500736205,112.45730001246557,452.1033999626525,162.0
1786889220,12,,Aggregated,0.000000,0.000000,130,190,280,300,430,440,450,450,450,450,450,24,0,120,203.78847500736205,112.45730001246557,452.1033999626525,162.0
1786889221,16,GET,/compute,0.000000,0.000000,120,130,140,270,280,300,300,300,300,300,300,48,0,120,176.97588333612657,109.84460002509877,452.1033999626525,162.0
1786889221,16,,Aggregated,0.000000,0.000000,120,130,270,280,300,430,450,450,450,450,450,48,0,120,176.97588333612657,109.84460002509877,452.1033999626525,162.0
1786889222,20,GET,/compute,4.000000,0.000000,120,130,130,140,280,300,300,320,320,320,320,83,0,120,160.9230927740089,106.39129998162389,452.1033999626525,162.0
1786889222,20,,Aggregated,4.000000,0.000000,120,130,130,190,290,320,440,450,450,450,450,83,0,120,160.9230927740089,106.39129998162389,452.1033999626525,162.0
1786889223,20,GET,/compute,8.333333,0.000000,120,130,130,130,280,300,330,340,350,350,350,124,0,120,154.33424274200544,105.26330000720918,452.1033999626525,162.0
1786889223,20,,Aggregated,8.333333,0.000000,120,130,130,130,290,330,430,440,450,450,450,124,0,120,154.33424274200544,105.26330000720918,452.1033999626525,162.0
1786889224,20,GET,/compute,12.750000,0.000000,120,120,130,130,270,300,320,340,350,350,350,165,0,120,146.10841272779825,105.2112000179477,452.1033999626525,162.0
1786889224,20,,Aggregated,12.750000,0.000000,120,130,130,130,280,320,430,440,450,450,450,165,0,120,146.10841272779825,105.2112000179477,452.1033999626525,162.0
1786889225,20,GET,/compute,17.000000,0.000000,120,120,130,130,140,280,320,330,350,350,350,213,0,120,139.7481070426424,101.54040000634268,452.1033999626525,162.0
1786889225,20,,Aggregated,17.000000,0.000000,120,120,130,130,160,300,350,430,450,450,450,213,0,120,139.7481070426424,101.54040000634268,452.1033999626525,162.0
1786889226,20,GET,/compute,21.000000,0.000000,120,120,130,130,130,280,320,330,350,350,350,258,0,120,135.9701410857347,101.54040000634268,452.1033999626525,162.0
1786889226,20,,Aggregated,21.000000,0.000000,120,120,130,130,140,290,340,430,450,450,450,258,0,120,135.9701410857347,101.54040000634268,452.1033999626525,162.0
1786889227,20,GET,/compute,24.142857,0.000000,120,120,120,130,130,270,300,330,350,350,350,299,0,120,133.5754672240195,101.54040000634268,452.1033999626525,162.0
1786889227,20,,Aggregated,24.142857,0.000000,120,120,130,130,130,280,340,430,450,450,450,299,0,120,133.5754672240195,101.54040000634268,452.1033999626525,162.0
1786889228,20,GET,/compute,27.125000,0.000000,120,120,120,130,130,190,300,320,350,350,350,342,0,120,131.43404152013542,101.54040000634268,452.1033999626525,162.0
1786889228,20,,Aggregated,27.125000,0.000000,120,120,120,130,130,270,330,430,450,450,450,342,0,120,131.43404152013542,101.54040000634268,452.1033999626525,162.0
1786889229,20,GET,/compute,28.666667,0.000000,120,120,120,130,130,160,300,320,350,350,350,386,0,120,129.9241209843611,101.54040000634268,452.1033999626525,162.0
1786889229,20,,Aggregated,28.666667,0.000000,120,120,120,130,130,160,300,320,350,350,350,386,0,120,129.9241209843611,101.54040000634268,452.1033999626525,162.0
1786889230,20,GET,/compute,30.300000,0.000000,120,120,120,120,130,130,280,320,350,350,350,426,0,120,128.78001525770205,101.54040000634268,452.1033999626525,162.0
1786889230,20,,Aggregated,30.300000,0.000000,120,120,120,120,130,130,280,320,350,350,350,426,0,120,128.78001525770205,101.54040000634268,452.1033999626525,162.0
1786889231,20,GET,/compute,34.500000,0.000000,120,120,120,120,130,140,310,340,470,470,470,466,0,120,131.5728504282658,101.54040000634268,465.04059998551384,162.0
1786889231,20,,Aggregated,34.500000,0.000000,120,120,120,120,130,140,310,340,470,470,470,466,0,120,131.5728504282658,101.54040000634268,465.04059998551384,162.0
1786889232,20,GET,/compute,37.800000,0.000000,120,120,120,130,130,180,310,340,470,470,470,504,0,120,133.38280456232567,101.54040000634268,465.04059998551384,162.0
1786889232,20,,Aggregated,37.800000,0.000000,120,120,120,130,130,180,310,340,470,470,470,504,0,120,133.38280456232567,101.54040000634268,465.04059998551384,162.0
1786889233,20,GET,/compute,40.100000,0.000000,120,120,120,120,130,150,290,310,470,470,470,549,0,120,132.00967249423198,101.54040000634268,465.04059998551384,162.0
1786889233,20,,Aggregated,40.100000,0.000000,120,120,120,120,130,150,290,310,470,470,470,549,0,120,132.00967249423198,101.54040000634268,465.04059998551384,162.0
1786889234,20,GET,/compute,41.800000,0.000000,120,120,120,120,130,140,290,310,470,470,470,589,0,120,130.84919507483238,101.54040000634268,465.04059998551384,162.0
1786889234,20,,Aggregated,41.800000,0.000000,120,120,120,120,130,140,290,310,470,470,470,589,0,120,130.84919507483238,101.54040000634268,465.04059998551384,162.0
1786889235,20,GET,/compute,42.000000,0.000000,120,120,120,120,130,210,310,440,470,470,470,630,0,120,132.66609952284304,101.54040000634268,474.70169997541234,162.0
1786889235,20,,Aggregated,42.000000,0.000000,120,120,120,120,130,210,310,440,470,470,470,630,0,120,132.66609952284304,101.54040000634268,474.70169997541234,162.0
1786889236,20,GET,/compute,42.400000,0.000000,120,120,120,120,130,210,310,440,470,470,470,671,0,120,131.6946605059954,101.54040000634268,474.70169997541234,162.0
1786889236,20,,Aggregated,42.400000,0.000000,120,120,120,120,130,210,310,440,470,470,470,671,0,120,131.6946605059954,101.54040000634268,474.70169997541234,162.0
1786889238,20,GET,/compute,41.300000,0.000000,120,120,120,120,130,230,310,460,470,470,470,718,0,120,130.77683398249744,100.7007000152953,474.70169997541234,162.0
1786889238,20,,Aggregated,41.300000,0.000000,120,120,120,120,130,230,310,460,470,470,470,718,0,120,130.77683398249744,100.7007000152953,474.70169997541234,162.0
1786889239,20,GET,/compute,41.300000,0.000000,120,120,120,120,130,230,310,460,470,470,470,761,0,120,129.95738790994056,100.7007000152953,474.70169997541234,162.0
1786889239,20,,Aggregated,41.300000,0.000000,120,120,120,120,130,230,310,460,470,470,470,761,0,120,129.95738790994056,100.7007000152953,474.70169997541234,162.0
1786889240,20,GET,/compute,41.300000,0.000000,120,120,120,120,130,230,310,460,470,470,470,803,0,120,129.26514271431014,100.7007000152953,474.70169997541234,162.0
1786889240,20,,Aggregated,41.300000,0.000000,120,120,120,120,130,230,310,460,470,470,470,803,0,120,129.26514271431014,100.7007000152953,474.70169997541234,162.0
1786889241,20,GET,/compute,41.600000,0.000000,120,120,120,120,130,180,270,310,470,470,470,848,0,120,128.50937488179144,100.7007000152953,474.70169997541234,162.0
1786889241,20,,Aggregated,41.600000,0.000000,120,120,120,120,130,180,270,310,470,470,470,848,0,120,128.50937488179144,100.7007000152953,474.70169997541234,162.0
1786889242,20,GET,/compute,41.700000,0.000000,120,120,120,120,130,130,200,300,470,470,470,887,0,120,128.00492683169352,100.7007000152953,474.70169997541234,162.0
1786889242,20,,Aggregated,41.700000,0.000000,120,120,120,120,130,130,200,300,470,470,470,887,0,120,128.00492683169352,100.7007000152953,474.70169997541234,162.0
1786889243,20,GET,/compute,41.800000,0.000000,120,120,120,120,130,130,200,300,470,470,470,929,0,120,127.47557674881985,100.7007000152953,474.70169997541234,162.0
1786889243,20,,Aggregated,41.800000,0.000000,120,120,120,120,130,130,200,300,470,470,470,929,0,120,127.47557674881985,100.7007000152953,474.70169997541234,162.0
1786889244,20,GET,/compute,41.800000,0.000000,120,120,120,120,130,130,200,300,470,470,470,972,0,120,126.96614845624958,100.7007000152953,474.70169997541234,162.0
1786889244,20,,Aggregated,41.800000,0.000000,120,120,120,120,130,130,200,300,470,470,470,972,0,120,126.96614845624958,100.7007000152953,474.70169997541234,162.0
1786889245,20,GET,/compute,42.300000,0.000000,120,120,120,120,130,130,200,260,310,310,310,1014,0,120,127.94590325406348,100.7007000152953,474.70169997541234,162.0
1786889245,20,,Aggregated,42.300000,0.000000,120,120,120,120,130,130,200,260,310,310,310,1014,0,120,127.94590325406348,100.7007000152953,474.70169997541234,162.0
1786889246,20,GET,/compute,42.300000,0.000000,120,120,120,120,130,170,260,300,450,450,450,1056,0,120,128.88344289719745,100.7007000152953,474.70169997541234,162.0
1786889246,20,,Aggregated,42.300000,0.000000,120,120,120,120,130,170,260,300,450,450,450,1056,0,120,128.88344289719745,100.7007000152953,474.70169997541234,162.0
1786889247,20,GET,/compute,42.400000,0.000000,120,120,120,120,130,170,260,300,450,450,450,1097,0,120,128.3912089331871,100.22109997225925,474.70169997541234,162.0
1786889247,20,,Aggregated,42.400000,0.000000,120,120,120,120,130,170,260,300,450,450,450,1097,0,120,128.3912089331871,100.22109997225925,474.70169997541234,162.0
1786889248,20,GET,/compute,42.600000,0.000000,120,120,120,120,130,170,260,300,450,450,450,1141,0,120,127.88507370717986,100.22109997225925,474.70169997541234,162.0
1786889248,20,,Aggregated,42.600000,0.000000,120,120,120,120,130,170,260,300,450,450,450,1141,0,120,127.88507370717986,100.22109997225925,474.70169997541234,162.0
1786889249,20,GET,/compute,42.600000,0.000000,120,120,120,120,130,170,260,300,450,450,450,1175,0,120,127.56101285112388,100.22109997225925,474.70169997541234,162.0
1786889249,20,,Aggregated,42.600000,0.000000,120,120,120,120,130,170,260,300,450,450,450,1175,0,120,127.56101285112388,100.22109997225925,474.70169997541234,162.0
1786889250,20,GET,/compute,42.000000,0.000000,120,120,120,120,130,200,270,320,450,450,450,1227,0,120,128.1300444173389,100.22109997225925,474.70169997541234,162.0
1786889250,20,,Aggregated,42.000000,0.000000,120,120,120,120,130,200,270,320,450,450,450,1227,0,120,128.1300444173389,100.22109997225925,474.70169997541234,162.0
1786889251,20,GET,/compute,41.400000,0.000000,120,120,120,120,130,200,270,320,450,450,450,1274,0,120,127.74495298276454,100.22109997225925,474.70169997541234,162.0
1786889251,20,,Aggregated,41.400000,0.000000,120,120,120,120,130,200,270,320,450,450,450,1274,0,120,127.74495298276454,100.22109997225925,474.70169997541234,162.0
1786889252,20,GET,/compute,41.900000,0.000000,120,120,120,120,130,200,270,320,450,450,450,1314,0,120,127.41531057834705,100.22109997225925,474.70169997541234,162.0
1786889252,20,,Aggregated,41.900000,0.000000,120,120,120,120,130,200,270,320,450,450,450,1314,0,120,127.41531057834705,100.22109997225925,474.70169997541234,162.0
1786889253,20,GET,/compute,42.000000,0.000000,120,120,120,120,130,200,270,320,450,450,450,1355,0,120,127.11512590393362,100.22109997225925,474.70169997541234,162.0
1786889253,20,,Aggregated,42.000000,0.000000,120,120,120,120,130,200,270,320,450,450,450,1355,0,120,127.11512590393362,100.22109997225925,474.70169997541234,162.0
1786889254,20,GET,/compute,42.400000,0.000000,120,120,120,120,130,160,250,320,450,450,450,1399,0,120,126.75364689045706,97.53019997151569,474.70169997541234,162.0
1786889254,20,,Aggregated,42.400000,0.000000,120,120,120,120,130,160,250,320,450,450,450,1399,0,120,126.75364689045706,97.53019997151569,474.70169997541234,162.0
1786889255,20,GET,/compute,42.500000,0.000000,120,120,120,120,130,130,200,270,440,440,440,1439,0,120,126.44560868628395,97.53019997151569,474.70169997541234,162.0
1786889255,20,,Aggregated,42.500000,0.000000,120,120,120,120,130,130,200,270,440,440,440,1439,0,120,126.44560868628395,97.53019997151569,474.70169997541234,162.0
1786889256,20,GET,/compute,42.000000,0.000000,120,120,120,120,130,130,200,270,440,440,440,1481,0,120,126.17046279496445,97.53019997151569,474.70169997541234,162.0
1786889256,20,,Aggregated,42.000000,0.000000,120,120,120,120,130,130,200,270,440,440,440,1481,0,120,126.17046279496445,97.53019997151569,474.70169997541234,162.0
1786889257,20,GET,/compute,42.300000,0.000000,120,120,120,120,130,130,200,270,440,440,440,1525,0,120,125.84351383561848,97.53019997151569,474.70169997541234,162.0
1786889257,20,,Aggregated,42.300000,0.000000,120,120,120,120,130,130,200,270,440,440,440,1525,0,120,125.84351383561848,97.53019997151569,474.70169997541234,162.0
1786889258,20,GET,/compute,42.000000,0.000000,120,120,120,120,130,130,200,270,440,440,440,1569,0,120,125.61419789638985,97.53019997151569,474.70169997541234,162.0
1786889258,20,,Aggregated,42.000000,0.000000,120,120,120,120,130,130,200,270,440,440,440,1569,0,120,125.61419789638985,97.53019997151569,474.70169997541234,162.0
1786889259,20,GET,/compute,42.700000,0.000000,120,120,120,120,130,130,130,130,150,150,150,1615,0,120,125.36788941141154,97.53019997151569,474.70169997541234,162.0
1786889259,20,,Aggregated,42.700000,0.000000,120,120,120,120,130,130,130,130,150,150,150,1615,0,120,125.36788941141154,97.53019997151569,474.70169997541234,162.0
1786889260,20,GET,/compute,42.600000,0.000000,120,120,120,120,120,130,130,130,150,150,150,1655,0,120,125.1489685795599,97.53019997151569,474.70169997541234,162.0
1786889260,20,,Aggregated,42.600000,0.000000,120,120,120,120,120,130,130,130,150,150,150,1655,0,120,125.1489685795599,97.53019997151569,474.70169997541234,162.0
1786889261,20,GET,/compute,43.200000,0.000000,120,120,120,120,130,130,130,130,150,150,150,1698,0,120,124.96291030567464,97.53019997151569,474.70169997541234,162.0
1786889261,20,,Aggregated,43.200000,0.000000,120,120,120,120,130,130,130,130,150,150,150,1698,0,120,124.96291030567464,97.53019997151569,474.70169997541234,162.0
1786889262,20,GET,/compute,42.800000,0.000000,120,120,120,120,120,130,130,130,150,150,150,1741,0,120,124.77255651869343,97.53019997151569,474.70169997541234,162.0
1786889262,20,,Aggregated,42.800000,0.000000,120,120,120,120,120,130,130,130,150,150,150,1741,0,120,124.77255651869343,97.53019997151569,474.70169997541234,162.0
1786889263,20,GET,/compute,42.700000,0.000000,120,120,120,120,130,130,130,130,150,150,150,1782,0,120,124.58654090853075,97.53019997151569,474.70169997541234,162.0
1786889263,20,,Aggregated,42.700000,0.000000,120,120,120,120,130,130,130,130,150,150,150,1782,0,120,124.58654090853075,97.53019997151569,474.70169997541234,162.0
1786889264,20,GET,/compute,42.700000,0.000000,120,120,120,120,130,130,130,140,150,150,150,1823,0,120,124.41275030119346,97.53019997151569,474.70169997541234,162.0
1786889264,20,,Aggregated,42.700000,0.000000,120,120,120,120,130,130,130,140,150,150,150,1823,0,120,124.41275030119346,97.53019997151569,474.70169997541234,162.0
1786889265,20,GET,/compute,42.200000,0.000000,120,120,120,120,130,130,150,150,200,200,200,1866,0,120,124.45374710577299,97.53019997151569,474.70169997541234,162.0
1786889265,20,,Aggregated,42.200000,0.000000,120,120,120,120,130,130,150,150,200,200,200,1866,0,120,124.45374710577299,97.53019997151569,474.70169997541234,162.0
1786889266,20,GET,/compute,42.700000,0.000000,120,120,120,130,150,220,280,290,360,360,360,1903,0,120,126.25730867015322,97.53019997151569,474.70169997541234,162.0
1786889266,20,,Aggregated,42.700000,0.000000,120,120,120,130,150,220,280,290,360,360,360,1903,0,120,126.25730867015322,97.53019997151569,474.70169997541234,162.0
1786889267,20,GET,/compute,42.200000,0.000000,120,120,130,130,160,220,290,350,570,570,570,1944,0,120,126.8155206785738,97.53019997151569,573.919200047385,162.0
1786889267,20,,Aggregated,42.200000,0.000000,120,120,130,130,160,220,290,350,570,570,570,1944,0,120,126.8155206785738,97.53019997151569,573.919200047385,162.0
1786889268,20,GET,/compute,41.700000,0.000000,120,120,130,130,160,230,290,360,570,570,570,1987,0,120,126.82338575704823,97.53019997151569,573.919200047385,162.0
1786889268,20,,Aggregated,41.700000,0.000000,120,120,130,130,160,230,290,360,570,570,570,1987,0,120,126.82338575704823,97.53019997151569,573.919200047385,162.0
1786889269,20,GET,/compute,40.800000,0.000000,120,120,130,130,160,230,290,360,570,570,570,2027,0,120,126.60275564837299,97.53019997151569,573.919200047385,162.0
1786889269,20,,Aggregated,40.800000,0.000000,120,120,130,130,160,230,290,360,570,570,570,2027,0,120,126.60275564837299,97.53019997151569,573.919200047385,162.0
1786889270,20,GET,/compute,41.300000,0.000000,120,120,130,130,160,230,290,360,570,570,570,2071,0,120,126.36008068534916,97.53019997151569,573.919200047385,162.0
1786889270,20,,Aggregated,41.300000,0.000000,120,120,130,130,160,230,290,360,570,570,570,2071,0,120,126.36008068534916,97.53019997151569,573.919200047385,162.0
1786889271,20,GET,/compute,41.400000,0.000000,120,120,130,130,160,230,290,360,570,570,570,2115,0,120,126.17568614621301,97.53019997151569,573.919200047385,162.0
1786889271,20,,Aggregated,41.400000,0.000000,120,120,130,130,160,230,290,360,570,570,570,2115,0,120,126.17568614621301,97.53019997151569,573.919200047385,162.0
1786889272,20,GET,/compute,41.000000,0.000000,120,120,120,130,160,230,290,360,570,570,570,2158,0,120,126.01792173271531,97.53019997151569,573.919200047385,162.0
1786889272,20,,Aggregated,41.000000,0.000000,120,120,120,130,160,230,290,360,570,570,570,2158,0,120,126.01792173271531,97.53019997151569,573.919200047385,162.0
1786889273,20,GET,/compute,41.400000,0.000000,120,120,130,130,180,250,310,440,570,570,570,2197,0,120,126.40740386856098,97.53019997151569,573.919200047385,162.0
1786889273,20,,Aggregated,41.400000,0.000000,120,120,130,130,180,250,310,440,570,570,570,2197,0,120,126.40740386856098,97.53019997151569,573.919200047385,162.0
1786889274,20,GET,/compute,41.000000,0.000000,120,120,120,130,180,250,310,440,570,570,570,2239,0,120,126.19638642217268,97.53019997151569,573.919200047385,162.0
1786889274,20,,Aggregated,41.000000,0.000000,120,120,120,130,180,250,310,440,570,570,570,2239,0,120,126.19638642217268,97.53019997151569,573.919200047385,162.0
1786889275,20,GET,/compute,41.200000,0.000000,120,120,120,120,130,220,290,440,570,570,570,2282,0,120,126.04056130568223,97.53019997151569,573.919200047385,162.0
1786889275,20,,Aggregated,41.200000,0.000000,120,120,120,120,130,220,290,440,570,570,570,2282,0,120,126.04056130568223,97.53019997151569,573.919200047385,162.0
1786889276,20,GET,/compute,40.700000,0.000000,120,120,120,120,130,130,170,290,490,490,490,2324,0,120,125.90664987072225,97.53019997151569,573.919200047385,162.0
1786889276,20,,Aggregated,40.700000,0.000000,120,120,120,120,130,130,170,290,490,490,490,2324,0,120,125.90664987072225,97.53019997151569,573.919200047385,162.0
1786889277,20,GET,/compute,41.100000,0.000000,120,120,120,120,130,130,150,270,470,470,470,2368,0,120,125.7312008021128,97.53019997151569,573.919200047385,162.0
1786889277,20,,Aggregated,41.100000,0.000000,120,120,120,120,130,130,150,270,470,470,470,2368,0,120,125.7312008021128,97.53019997151569,573.919200047385,162.0
1786889278,20,GET,/compute,41.900000,0.000000,120,120,120,120,130,130,150,270,470,470,470,2412,0,120,125.54588113564617,97.53019997151569,573.919200047385,162.0
1786889278,20,,Aggregated,41.900000,0.000000,120,120,120,120,130,130,150,270,470,470,470,2412,0,120,125.54588113564617,97.53019997151569,573.919200047385,162.0
1786889279,20,GET,/compute,42.400000,0.000000,120,120,120,120,130,130,150,270,470,470,470,2454,0,120,125.38508113255244,97.53019997151569,573.919200047385,162.0
1786889279,20,,Aggregated,42.400000,0.000000,120,120,120,120,130,130,150,270,470,470,470,2454,0,120,125.38508113255244,97.53019997151569,573.919200047385,162.0
1786889280,20,GET,/compute,42.000000,0.000000,120,120,120,120,130,130,150,270,470,470,470,2499,0,120,125.22462749061883,97.53019997151569,573.919200047385,162.0
1786889280,20,,Aggregated,42.000000,0.000000,120,120,120,120,130,130,150,270,470,470,470,2499,0,120,125.22462749061883,97.53019997151569,573.919200047385,162.0
1786889281,20,GET,/compute,41.800000,0.000000,120,120,120,120,130,130,150,270,470,470,470,2542,0,120,125.06037022000513,97.53019997151569,573.919200047385,162.0
1786889281,20,,Aggregated,41.800000,0.000000,120,120,120,120,130,130,150,270,470,470,470,2542,0,120,125.06037022000513,97.53019997151569,573.919200047385,162.0
1786889282,20,GET,/compute,42.300000,0.000000,120,120,120,120,120,130,130,130,470,470,470,2583,0,120,124.9242322104554,97.53019997151569,573.919200047385,162.0
1786889282,20,,Aggregated,42.300000,0.000000,120,120,120,120,120,130,130,130,470,470,470,2583,0,120,124.9242322104554,97.53019997151569,573.919200047385,162.0
1786889283,20,GET,/compute,42.000000,0.000000,120,120,120,120,130,130,130,130,140,140,140,2621,0,120,124.82804849276849,97.53019997151569,573.919200047385,162.0
1786889283,20,,Aggregated,42.000000,0.000000,120,120,120,120,130,130,130,130,140,140,140,2621,0,120,124.82804849276849,97.53019997151569,573.919200047385,162.0
1786889284,20,GET,/compute,42.000000,0.000000,120,120,120,120,130,130,130,130,140,140,140,2666,0,120,124.67613447096778,97.53019997151569,573.919200047385,162.0
1786889284,20,,Aggregated,42.000000,0.000000,120,120,120,120,130,130,130,130,140,140,140,2666,0,120,124.67613447096778,97.53019997151569,573.919200047385,162.0
1786889285,20,GET,/compute,42.400000,0.000000,120,120,120,120,130,130,130,130,140,140,140,2712,0,120,124.53078561934906,97.53019997151569,573.919200047385,162.0
1786889285,20,,Aggregated,42.400000,0.000000,120,120,120,120,130,130,130,130,140,140,140,2712,0,120,124.53078561934906,97.53019997151569,573.919200047385,162.0
1786889286,20,GET,/compute,42.700000,0.000000,120,120,120,120,120,130,130,130,140,140,140,2751,0,120,124.39388062520395,97.53019997151569,573.919200047385,162.0
1786889286,20,,Aggregated,42.700000,0.000000,120,120,120,120,120,130,130,130,140,140,140,2751,0,120,124.39388062520395,97.53019997151569,573.919200047385,162.0
1786889287,20,GET,/compute,42.700000,0.000000,120,120,120,120,120,130,130,130,140,140,140,2797,0,120,124.25382870934457,97.53019997151569,573.919200047385,162.0
1786889287,20,,Aggregated,42.700000,0.000000,120,120,120,120,120,130,130,130,140,140,140,2797,0,120,124.25382870934457,97.53019997151569,573.919200047385,162.0
1786889288,20,GET,/compute,42.600000,0.000000,120,120,120,120,120,130,130,130,140,140,140,2838,0,120,124.11954975336245,97.53019997151569,573.919200047385,162.0
1786889288,20,,Aggregated,42.600000,0.000000,120,120,120,120,120,130,130,130,140,140,140,2838,0,120,124.11954975336245,97.53019997151569,573.919200047385,162.0
1786889289,20,GET,/compute,42.600000,0.000000,120,120,120,120,120,130,130,130,140,140,140,2882,0,120,124.00918469816723,97.53019997151569,573.919200047385,162.0
1786889289,20,,Aggregated,42.600000,0.000000,120,120,120,120,120,130,130,130,140,140,140,2882,0,120,124.00918469816723,97.53019997151569,573.919200047385,162.0
1786889290,20,GET,/compute,42.600000,0.000000,120,120,120,120,120,130,130,130,140,140,140,2927,0,120,123.87933864029615,97.53019997151569,573.919200047385,162.0
1786889290,20,,Aggregated,42.600000,0.000000,120,120,120,120,120,130,130,130,140,140,140,2927,0,120,123.87933864029615,97.53019997151569,573.919200047385,162.0
1786889291,20,GET,/compute,42.500000,0.000000,120,120,120,120,130,130,130,130,140,140,140,2971,0,120,123.77142440265146,97.53019997151569,573.919200047385,162.0
1786889291,20,,Aggregated,42.500000,0.000000,120,120,120,120,130,130,130,130,140,140,140,2971,0,120,123.77142440265146,97.53019997151569,573.919200047385,162.0
1786889292,20,GET,/compute,43.000000,0.000000,120,120,120,120,120,130,130,130,140,140,140,3013,0,120,123.66477225358415,97.53019997151569,573.919200047385,162.0
1786889292,20,,Aggregated,43.000000,0.000000,120,120,120,120,120,130,130,130,140,140,140,3013,0,120,123.66477225358415,97.53019997151569,573.919200047385,162.0
1786889293,20,GET,/compute,42.800000,0.000000,120,120,120,120,120,130,130,130,140,140,140,3055,0,120,123.53782497549128,97.53019997151569,573.919200047385,162.0
1786889293,20,,Aggregated,42.800000,0.000000,120,120,120,120,120,130,130,130,140,140,140,3055,0,120,123.53782497549128,97.53019997151569,573.919200047385,162.0
1786889294,20,GET,/compute,43.100000,0.000000,120,120,120,120,120,130,130,130,130,130,130,3096,0,120,123.46328959954997,97.53019997151569,573.919200047385,162.0
1786889294,20,,Aggregated,43.100000,0.000000,120,120,120,120,120,130,130,130,130,130,130,3096,0,120,123.46328959954997,97.53019997151569,573.919200047385,162.0
1786889295,20,GET,/compute,42.700000,0.000000,120,120,120,120,120,130,130,130,160,160,160,3137,0,120,123.38659815116692,97.53019997151569,573.919200047385,162.0
1786889295,20,,Aggregated,42.700000,0.000000,120,120,120,120,120,130,130,130,160,160,160,3137,0,120,123.38659815116692,97.53019997151569,573.919200047385,162.0
1786889296,20,GET,/compute,42.900000,0.000000,120,120,120,120,120,130,130,130,160,160,160,3180,0,120,123.3234853144924,97.53019997151569,573.919200047385,162.0
1786889296,20,,Aggregated,42.900000,0.000000,120,120,120,120,120,130,130,130,160,160,160,3180,0,120,123.3234853144924,97.53019997151569,573.919200047385,162.0
1786889297,20,GET,/compute,42.700000,0.000000,120,120,120,120,120,130,130,130,160,160,160,3223,0,120,123.21195947877202,97.53019997151569,573.919200047385,162.0
1786889297,20,,Aggregated,42.700000,0.000000,120,120,120,120,120,130,130,130,160,160,160,3223,0,120,123.21195947877202,97.53019997151569,573.919200047385,162.0
1786889298,20,GET,/compute,43.100000,0.000000,120,120,120,120,130,140,220,240,310,310,310,3265,0,120,123.69148232781572,97.53019997151569,573.919200047385,162.0
1786889298,20,,Aggregated,43.100000,0.000000,120,120,120,120,130,140,220,240,310,310,310,3265,0,120,123.69148232781572,97.53019997151569,573.919200047385,162.0
1786889299,20,GET,/compute,42.700000,0.000000,120,120,120,120,130,140,220,250,310,310,310,3310,0,120,123.6023892146455,97.53019997151569,573.919200047385,162.0
1786889299,20,,Aggregated,42.700000,0.000000,120,120,120,120,130,140,220,250,310,310,310,3310,0,120,123.6023892146455,97.53019997151569,573.919200047385,162.0
1786889300,20,GET,/compute,42.400000,0.000000,120,120,120,120,130,140,220,250,310,310,310,3349,0,120,123.52056751282086,97.53019997151569,573.919200047385,162.0
1786889300,20,,Aggregated,42.400000,0.000000,120,120,120,120,130,140,220,250,310,310,310,3349,0,120,123.52056751282086,97.53019997151569,573.919200047385,162.0
1786889301,20,GET,/compute,43.000000,0.000000,120,120,120,120,130,140,220,250,310,310,310,3388,0,120,123.43706889040224,97.53019997151569,573.919200047385,162.0
1786889301,20,,Aggregated,43.000000,0.000000,120,120,120,120,130,140,220,250,310,310,310,3388,0,120,123.43706889040224,97.53019997151569,573.919200047385,162.0
1786889302,20,GET,/compute,41.800000,0.000000,120,120,120,120,130,150,220,250,310,310,310,3433,0,120,123.35657602697752,97.53019997151569,573.919200047385,162.0
1786889302,20,,Aggregated,41.800000,0.000000,120,120,120,120,130,150,220,250,310,310,310,3433,0,120,123.35657602697752,97.53019997151569,573.919200047385,162.0
1786889303,20,GET,/compute,42.000000,0.000000,120,120,120,120,130,150,220,250,310,310,310,3478,0,120,123.2499941348069,97.53019997151569,573.919200047385,162.0
1786889303,20,,Aggregated,42.000000,0.000000,120,120,120,120,130,150,220,250,310,310,310,3478,0,120,123.2499941348069,97.53019997151569,573.919200047385,162.0
1786889304,20,GET,/compute,41.500000,0.000000,120,120,120,120,130,150,220,250,310,310,310,3520,0,120,123.14447963088406,97.53019997151569,573.919200047385,162.0
1786889304,20,,Aggregated,41.500000,0.000000,120,120,120,120,130,150,220,250,310,310,310,3520,0,120,123.14447963088406,97.53019997151569,573.919200047385,162.0
1786889305,20,GET,/compute,41.900000,0.000000,120,120,120,120,130,150,220,250,310,310,310,3565,0,120,123.00429105207449,97.53019997151569,573.919200047385,162.0
1786889305,20,,Aggregated,41.900000,0.000000,120,120,120,120,130,150,220,250,310,310,310,3565,0,120,123.00429105207449,97.53019997151569,573.919200047385,162.0
1786889306,20,GET,/compute,41.800000,0.000000,120,120,120,120,130,150,220,250,310,310,310,3606,0,120,122.92903544113241,97.53019997151569,573.919200047385,162.0
1786889306,20,,Aggregated,41.800000,0.000000,120,120,120,120,130,150,220,250,310,310,310,3606,0,120,122.92903544113241,97.53019997151569,573.919200047385,162.0
1786889307,20,GET,/compute,42.300000,0.000000,120,120,120,120,130,150,170,180,190,190,190,3645,0,120,123.11576425256936,97.53019997151569,573.919200047385,162.0
1786889307,20,,Aggregated,42.300000,0.000000,120,120,120,120,130,150,170,180,190,190,190,3645,0,120,123.11576425256936,97.53019997151569,573.919200047385,162.0
1786889308,20,GET,/compute,41.600000,0.000000,120,120,120,120,160,190,260,320,330,330,330,3677,0,120,123.85371468611962,97.53019997151569,573.919200047385,162.0
1786889308,20,,Aggregated,41.600000,0.000000,120,120,120,120,160,190,260,320,330,330,330,3677,0,120,123.85371468611962,97.53019997151569,573.919200047385,162.0
1786889309,20,GET,/compute,41.800000,0.000000,120,120,130,140,190,230,280,320,330,330,330,3719,0,120,124.57262699672393,97.53019997151569,573.919200047385,162.0
1786889309,20,,Aggregated,41.800000,0.000000,120,120,130,140,190,230,280,320,330,330,330,3719,0,120,124.57262699672393,97.53019997151569,573.919200047385,162.0
1786889310,20,GET,/compute,41.800000,0.000000,120,120,140,160,200,240,280,320,330,330,330,3754,0,120,124.76862386816971,97.53019997151569,573.919200047385,162.0
1786889310,20,,Aggregated,41.800000,0.000000,120,120,140,160,200,240,280,320,330,330,330,3754,0,120,124.76862386816971,97.53019997151569,573.919200047385,162.0
1786889311,20,GET,/compute,40.300000,0.000000,120,120,140,160,200,240,280,320,330,330,330,3794,0,120,124.76287546155102,97.53019997151569,573.919200047385,162.0
1786889311,20,,Aggregated,40.300000,0.000000,120,120,140,160,200,240,280,320,330,330,330,3794,0,120,124.76287546155102,97.53019997151569,573.919200047385,162.0
1786889312,20,GET,/compute,40.300000,0.000000,120,130,160,170,210,240,280,320,380,380,380,3828,0,120,125.00499286860081,97.53019997151569,573.919200047385,162.0
1786889312,20,,Aggregated,40.300000,0.000000,120,130,160,170,210,240,280,320,380,380,380,3828,0,120,125.00499286860081,97.53019997151569,573.919200047385,162.0
1786889313,20,GET,/compute,40.000000,0.000000,120,140,170,180,220,250,310,330,380,380,380,3875,0,120,125.37573163897821,97.53019997151569,573.919200047385,162.0
1786889313,20,,Aggregated,40.000000,0.000000,120,140,170,180,220,250,310,330,380,380,380,3875,0,120,125.37573163897821,97.53019997151569,573.919200047385,162.0
1786889314,20,GET,/compute,39.900000,0.000000,120,150,180,180,230,270,330,380,570,570,570,3910,0,120,125.8428065475616,97.53019997151569,573.919200047385,162.0
1786889314,20,,Aggregated,39.900000,0.000000,120,150,180,180,230,270,330,380,570,570,570,3910,0,120,125.8428065475616,97.53019997151569,573.919200047385,162.0
1786889315,20,GET,/compute,39.700000,0.000000,120,150,180,180,230,270,330,380,570,570,570,3954,0,120,125.81560703105876,97.53019997151569,573.919200047385,162.0
1786889315,20,,Aggregated,39.700000,0.000000,120,150,180,180,230,270,330,380,570,570,570,3954,0,120,125.81560703105876,97.53019997151569,573.919200047385,162.0
1786889316,20,GET,/compute,38.900000,0.000000,130,150,170,180,230,270,330,380,570,570,570,3994,0,120,125.87944061113997,97.53019997151569,573.919200047385,162.0
1786889316,20,,Aggregated,38.900000,0.000000,130,150,170,180,230,270,330,380,570,570,570,3994,0,120,125.87944061113997,97.53019997151569,573.919200047385,162.0
1786889317,20,GET,/compute,38.700000,0.000000,130,140,160,170,210,250,330,380,570,570,570,4036,0,120,125.97215787928258,97.53019997151569,573.919200047385,162.0
1786889317,20,,Aggregated,38.700000,0.000000,130,140,160,170,210,250,330,380,570,570,570,4036,0,120,125.97215787928258,97.53019997151569,573.919200047385,162.0
1786889318,20,GET,/compute,38.800000,0.000000,120,140,150,170,200,250,330,380,570,570,570,4079,0,120,126.19652284890518,97.53019997151569,573.919200047385,162.0
1786889318,20,,Aggregated,38.800000,0.000000,120,140,150,170,200,250,330,380,570,570,570,4079,0,120,126.19652284890518,97.53019997151569,573.919200047385,162.0
1786889319,20,GET,/compute,38.800000,0.000000,120,130,140,150,190,240,330,380,570,570,570,4113,0,120,126.20443389273525,97.53019997151569,573.919200047385,162.0
1786889319,20,,Aggregated,38.800000,0.000000,120,130,140,150,190,240,330,380,570,570,570,4113,0,120,126.20443389273525,97.53019997151569,573.919200047385,162.0
1786889320,20,GET,/compute,38.500000,0.000000,120,130,140,160,190,250,330,460,570,570,570,4158,0,120,126.45351272272073,97.53019997151569,573.919200047385,162.0
1786889320,20,,Aggregated,38.500000,0.000000,120,130,140,160,190,250,330,460,570,570,570,4158,0,120,126.45351272272073,97.53019997151569,573.919200047385,162.0
1786889321,20,GET,/compute,39.800000,0.000000,120,130,140,150,190,250,330,460,570,570,570,4200,0,120,126.34604919075389,97.53019997151569,573.919200047385,162.0
1786889321,20,,Aggregated,39.800000,0.000000,120,130,140,150,190,250,330,460,570,570,570,4200,0,120,126.34604919075389,97.53019997151569,573.919200047385,162.0
1786889322,20,GET,/compute,39.900000,0.000000,120,130,130,140,180,220,310,460,570,570,570,4239,0,120,126.2600347726383,97.53019997151569,573.919200047385,162.0
1786889322,20,,Aggregated,39.900000,0.000000,120,130,130,140,180,220,310,460,570,570,570,4239,0,120,126.2600347726383,97.53019997151569,573.919200047385,162.0
1786889323,20,GET,/compute,40.400000,0.000000,120,120,130,140,170,220,310,460,570,570,570,4279,0,120,126.16438483317683,97.53019997151569,573.919200047385,162.0
1786889323,20,,Aggregated,40.400000,0.000000,120,120,130,140,170,220,310,460,570,570,570,4279,0,120,126.16438483317683,97.53019997151569,573.919200047385,162.0
1786889324,20,GET,/compute,40.400000,0.000000,120,120,130,130,150,190,240,290,490,490,490,4322,0,120,126.05987961615955,97.53019997151569,573.919200047385,162.0
1786889324,20,,Aggregated,40.400000,0.000000,120,120,130,130,150,190,240,290,490,490,490,4322,0,120,126.05987961615955,97.53019997151569,573.919200047385,162.0
1786889325,20,GET,/compute,40.300000,0.000000,120,120,130,130,150,190,240,290,490,490,490,4364,0,120,125.94858728244958,97.53019997151569,573.919200047385,162.0
1786889325,20,,Aggregated,40.300000,0.000000,120,120,130,130,150,190,240,290,490,490,490,4364,0,120,125.94858728244958,97.53019997151569,573.919200047385,162.0
1786889326,20,GET,/compute,41.000000,0.000000,120,120,120,130,140,180,240,290,490,490,490,4409,0,120,125.842073236729,97.53019997151569,573.919200047385,162.0
1786889326,20,,Aggregated,41.000000,0.000000,120,120,120,130,140,180,240,290,490,490,490,4409,0,120,125.842073236729,97.53019997151569,573.919200047385,162.0
1786889327,20,GET,/compute,40.700000,0.000000,120,120,120,120,130,160,240,290,490,490,490,4449,0,120,125.76560173090265,97.53019997151569,573.919200047385,162.0
1786889327,20,,Aggregated,40.700000,0.000000,120,120,120,120,130,160,240,290,490,490,490,4449,0,120,125.76560173090265,97.53019997151569,573.919200047385,162.0
1786889328,20,GET,/compute,40.900000,0.000000,120,120,120,120,130,130,230,290,490,490,490,4492,0,120,125.66938361545688,97.53019997151569,573.919200047385,162.0
1786889328,20,,Aggregated,40.900000,0.000000,120,120,120,120,130,130,230,290,490,490,490,4492,0,120,125.66938361545688,97.53019997151569,573.919200047385,162.0
1786889329,20,GET,/compute,41.200000,0.000000,120,120,120,120,120,130,130,130,130,130,130,4533,0,120,125.58643849568993,97.53019997151569,573.919200047385,162.0
1786889329,20,,Aggregated,41.200000,0.000000,120,120,120,120,120,130,130,130,130,130,130,4533,0,120,125.58643849568993,97.53019997151569,573.919200047385,162.0
1786889330,20,GET,/compute,41.800000,0.000000,120,120,120,120,130,130,130,130,150,150,150,4572,0,120,125.51941209562497,97.53019997151569,573.919200047385,162.0
1786889330,20,,Aggregated,41.800000,0.000000,120,120,120,120,130,130,130,130,150,150,150,4572,0,120,125.51941209562497,97.53019997151569,573.919200047385,162.0
1786889331,20,GET,/compute,41.100000,0.000000,120,120,120,120,130,130,130,130,150,150,150,4615,0,120,125.44244630577573,97.53019997151569,573.919200047385,162.0
1786889331,20,,Aggregated,41.100000,0.000000,120,120,120,120,130,130,130,130,150,150,150,4615,0,120,125.44244630577573,97.53019997151569,573.919200047385,162.0
1786889332,20,GET,/compute,41.300000,0.000000,120,120,120,120,130,130,150,200,350,350,350,4654,0,120,125.57129608966251,97.53019997151569,573.919200047385,162.0
1786889332,20,,Aggregated,41.300000,0.000000,120,120,120,120,130,130,150,200,350,350,350,4654,0,120,125.57129608966251,97.53019997151569,573.919200047385,162.0
1786889333,20,GET,/compute,41.100000,0.000000,120,120,120,130,140,250,320,350,580,580,580,4686,0,120,126.48467351717512,97.53019997151569,583.4556000190787,162.0
1786889333,20,,Aggregated,41.100000,0.000000,120,120,120,130,140,250,320,350,580,580,580,4686,0,120,126.48467351717512,97.53019997151569,583.4556000190787,162.0
1786889334,20,GET,/compute,41.600000,0.000000,120,120,130,130,200,280,340,400,580,580,580,4726,0,120,126.97842082129569,97.53019997151569,583.4556000190787,162.0
1786889334,20,,Aggregated,41.600000,0.000000,120,120,130,130,200,280,340,400,580,580,580,4726,0,120,126.97842082129569,97.53019997151569,583.4556000190787,162.0
1786889335,20,GET,/compute,40.900000,0.000000,120,120,130,130,200,280,340,400,580,580,580,4770,0,120,126.95319159354221,97.53019997151569,583.4556000190787,162.0
1786889335,20,,Aggregated,40.900000,0.000000,120,120,130,130,200,280,340,400,580,580,580,4770,0,120,126.95319159354221,97.53019997151569,583.4556000190787,162.0
1786889336,20,GET,/compute,40.400000,0.000000,120,120,130,140,200,280,340,400,580,580,580,4811,0,120,126.9045893787414,97.53019997151569,583.4556000190787,162.0
1786889336,20,,Aggregated,40.400000,0.000000,120,120,130,140,200,280,340,400,580,580,580,4811,0,120,126.9045893787414,97.53019997151569,583.4556000190787,162.0
1786889337,20,GET,/compute,40.300000,0.000000,120,120,130,140,200,280,340,400,580,580,580,4851,0,120,126.8102181408351,97.16760000446811,583.4556000190787,162.0
1786889337,20,,Aggregated,40.300000,0.000000,120,120,130,140,200,280,340,400,580,580,580,4851,0,120,126.8102181408351,97.16760000446811,583.4556000190787,162.0
1786889338,20,GET,/compute,40.100000,0.000000,120,130,130,140,220,290,340,400,580,580,580,4895,0,120,126.92431734446284,97.16760000446811,583.4556000190787,162.0
1786889338,20,,Aggregated,40.100000,0.000000,120,130,130,140,220,290,340,400,580,580,580,4895,0,120,126.92431734446284,97.16760000446811,583.4556000190787,162.0
1786889339,20,GET,/compute,40.000000,0.000000,120,130,130,140,220,290,340,400,580,580,580,4940,0,120,126.87353803664267,97.16760000446811,583.4556000190787,162.0
1786889339,20,,Aggregated,40.000000,0.000000,120,130,130,140,220,290,340,400,580,580,580,4940,0,120,126.87353803664267,97.16760000446811,583.4556000190787,162.0
1786889340,20,GET,/compute,40.200000,0.000000,120,130,130,140,220,290,340,400,580,580,580,4985,0,120,126.82507017076458,97.16760000446811,583.4556000190787,162.0
1786889340,20,,Aggregated,40.200000,0.000000,120,130,130,140,220,290,340,400,580,580,580,4985,0,120,126.82507017076458,97.16760000446811,583.4556000190787,162.0
1786889341,20,GET,/compute,40.400000,0.000000,120,130,130,140,220,290,340,400,580,580,580,5025,0,120,126.7745705077596,97.16760000446811,583.4556000190787,162.0
1786889341,20,,Aggregated,40.400000,0.000000,120,130,130,140,220,290,340,400,580,580,580,5025,0,120,126.7745705077596,97.16760000446811,583.4556000190787,162.0
1786889342,20,GET,/compute,40.800000,0.000000,120,130,130,140,200,280,340,380,440,440,440,5062,0,120,126.98445837644256,97.16760000446811,583.4556000190787,162.0
1786889342,20,,Aggregated,40.800000,0.000000,120,130,130,140,200,280,340,380,440,440,440,5062,0,120,126.98445837644256,97.16760000446811,583.4556000190787,162.0
1786889343,20,GET,/compute,40.600000,0.000000,120,120,130,130,140,190,270,320,350,350,350,5104,0,120,127.09269829569376,97.16760000446811,583.4556000190787,162.0
1786889343,20,,Aggregated,40.600000,0.000000,120,120,130,130,140,190,270,320,350,350,350,5104,0,120,127.09269829569376,97.16760000446811,583.4556000190787,162.0
1786889344,20,GET,/compute,40.600000,0.000000,120,130,130,130,160,210,280,320,350,350,350,5143,0,120,127.34227804810918,97.16760000446811,583.4556000190787,162.0
1786889344,20,,Aggregated,40.600000,0.000000,120,130,130,130,160,210,280,320,350,350,350,5143,0,120,127.34227804810918,97.16760000446811,583.4556000190787,162.0
1786889345,20,GET,/compute,41.100000,0.000000,120,120,130,130,150,210,270,320,350,350,350,5188,0,120,127.28394215528499,97.16760000446811,583.4556000190787,162.0
1786889345,20,,Aggregated,41.100000,0.000000,120,120,130,130,150,210,270,320,350,350,350,5188,0,120,127.28394215528499,97.16760000446811,583.4556000190787,162.0
1786889346,20,GET,/compute,41.100000,0.000000,120,130,130,140,190,250,300,320,350,350,350,5218,1,120,127.6465149102338,97.16760000446811,583.4556000190787,161.97527788424685
1786889346,20,,Aggregated,41.100000,0.000000,120,130,130,140,190,250,300,320,350,350,350,5218,1,120,127.6465149102338,97.16760000446811,583.4556000190787,161.97527788424685
1786889347,20,GET,/compute,41.000000,0.000000,120,130,130,150,230,280,320,340,370,370,370,5257,4,120,128.29001968831835,97.16760000446811,583.4556000190787,161.90184515883584
1786889347,20,,Aggregated,41.000000,0.000000,120,130,130,150,230,280,320,340,370,370,370,5257,4,120,128.29001968831835,97.16760000446811,583.4556000190787,161.90184515883584
1786889348,20,GET,/compute,41.200000,0.000000,130,130,160,190,260,320,350,380,440,440,440,5281,10,120,128.9059972356408,97.16760000446811,583.4556000190787,161.7557280818027
1786889348,20,,Aggregated,41.200000,0.000000,130,130,160,190,260,320,350,380,440,440,440,5281,10,120,128.9059972356408,97.16760000446811,583.4556000190787,161.7557280818027
1786889349,20,GET,/compute,40.600000,0.300000,130,160,210,230,300,340,390,600,620,620,620,5318,10,120,129.88780357304194,97.16760000446811,623.6829999834299,161.75742760436253
1786889349,20,,Aggregated,40.600000,0.300000,130,160,210,230,300,340,390,600,620,620,620,5318,10,120,129.88780357304194,97.16760000446811,623.6829999834299,161.75742760436253
1786889350,20,GET,/compute,39.400000,0.400000,130,160,200,230,300,340,390,600,620,620,620,5359,10,120,129.80102284033396,97.16760000446811,623.6829999834299,161.75928344840455
1786889350,20,,Aggregated,39.400000,0.400000,130,160,200,230,300,340,390,600,620,620,620,5359,10,120,129.80102284033396,97.16760000446811,623.6829999834299,161.75928344840455
1786889351,20,GET,/compute,38.400000,1.000000,130,160,200,220,300,340,390,600,620,620,620,5404,10,120,129.7343104369342,97.16760000446811,623.6829999834299,161.76128793486308
1786889351,20,,Aggregated,38.400000,1.000000,130,160,200,220,300,340,390,600,620,620,620,5404,10,120,129.7343104369342,97.16760000446811,623.6829999834299,161.76128793486308
1786889352,20,GET,/compute,37.300000,1.000000,130,140,180,210,280,320,390,600,620,620,620,5449,10,120,129.67697847331604,97.16760000446811,623.6829999834299,161.76325931363553
1786889352,20,,Aggregated,37.300000,1.000000,130,140,180,210,280,320,390,600,620,620,620,5449,10,120,129.67697847331604,97.16760000446811,623.6829999834299,161.76325931363553
1786889353,20,GET,/compute,37.800000,1.000000,120,140,180,210,280,320,390,600,620,620,620,5491,10,120,129.62688807160163,97.16760000446811,623.6829999834299,161.7650701147332
1786889353,20,,Aggregated,37.800000,1.000000,120,140,180,210,280,320,390,600,620,620,620,5491,10,120,129.62688807160163,97.16760000446811,623.6829999834299,161.7650701147332
1786889354,20,GET,/compute,37.400000,1.000000,120,130,160,190,280,320,390,600,620,620,620,5533,10,120,129.56552889947136,97.16760000446811,623.6829999834299,161.76685342490512
1786889354,20,,Aggregated,37.400000,1.000000,120,130,160,190,280,320,390,600,620,620,620,5533,10,120,129.56552889947136,97.16760000446811,623.6829999834299,161.76685342490512
1786889355,20,GET,/compute,38.000000,1.000000,130,140,170,190,280,320,390,600,620,620,620,5575,10,120,129.59819126474324,97.16760000446811,623.6829999834299,161.76860986547086
1786889355,20,,Aggregated,38.000000,1.000000,130,140,170,190,280,320,390,600,620,620,620,5575,10,120,129.59819126474324,97.16760000446811,623.6829999834299,161.76860986547086
1786889356,20,GET,/compute,38.600000,1.000000,120,130,140,160,240,320,390,600,620,620,620,5615,10,120,129.57792951040616,97.16760000446811,623.6829999834299,161.77025823686554
1786889356,20,,Aggregated,38.600000,1.000000,120,130,140,160,240,320,390,600,620,620,620,5615,10,120,129.57792951040616,97.16760000446811,623.6829999834299,161.77025823686554
1786889357,20,GET,/compute,38.300000,1.000000,120,130,140,150,210,300,390,600,620,620,620,5659,10,120,129.69625299536807,97.16760000446811,623.6829999834299,161.77204453083584
1786889357,20,,Aggregated,38.300000,1.000000,120,130,140,150,210,300,390,600,620,620,620,5659,10,120,129.69625299536807,97.16760000446811,623.6829999834299,161.77204453083584
1786889358,20,GET,/compute,38.600000,1.000000,120,130,130,140,180,210,240,280,620,620,620,5698,10,120,129.86676528620907,97.16760000446811,623.6829999834299,161.77360477360477
1786889358,20,,Aggregated,38.600000,1.000000,120,130,130,140,180,210,240,280,620,620,620,5698,10,120,129.86676528620907,97.16760000446811,623.6829999834299,161.77360477360477
1786889359,20,GET,/compute,38.700000,0.700000,120,130,130,130,150,190,210,220,300,300,300,5739,10,120,129.77838897032527,97.16760000446811,623.6829999834299,161.7752221641401
1786889359,20,,Aggregated,38.700000,0.700000,120,130,130,130,150,190,210,220,300,300,300,5739,10,120,129.77838897032527,97.16760000446811,623.6829999834299,161.7752221641401
1786889360,20,GET,/compute,40.000000,0.600000,120,130,130,130,160,190,210,220,300,300,300,5776,10,120,129.768281440535,97.16760000446811,623.6829999834299,161.7766620498615
1786889360,20,,Aggregated,40.000000,0.600000,120,130,130,130,160,190,210,220,300,300,300,5776,10,120,129.768281440535,97.16760000446811,623.6829999834299,161.7766620498615
1786889361,20,GET,/compute,40.600000,0.000000,120,130,140,140,180,210,230,240,300,300,300,5818,10,120,130.0071304744734,97.16760000446811,623.6829999834299,161.77827432107253
1786889361,20,,Aggregated,40.600000,0.000000,120,130,140,140,180,210,230,240,300,300,300,5818,10,120,130.0071304744734,97.16760000446811,623.6829999834299,161.77827432107253
1786889362,20,GET,/compute,41.500000,0.000000,120,130,140,150,190,210,230,250,300,300,300,5857,10,120,130.1132903705707,97.16760000446811,623.6829999834299,161.77975072562745
1786889362,20,,Aggregated,41.500000,0.000000,120,130,140,150,190,210,230,250,300,300,300,5857,10,120,130.1132903705707,97.16760000446811,623.6829999834299,161.77975072562745
1786889363,20,GET,/compute,41.100000,0.000000,120,130,140,150,190,210,230,250,300,300,300,5899,10,120,130.04952551287718,97.16760000446811,623.6829999834299,161.78131886760468
1786889363,20,,Aggregated,41.100000,0.000000,120,130,140,150,190,210,230,250,300,300,300,5899,10,120,130.04952551287718,97.16760000446811,623.6829999834299,161.78131886760468
1786889364,20,GET,/compute,40.700000,0.000000,120,130,150,160,190,220,240,260,300,300,300,5933,10,120,130.19449659540794,97.16760000446811,623.6829999834299,161.7825720546098
1786889364,20,,Aggregated,40.700000,0.000000,120,130,150,160,190,220,240,260,300,300,300,5933,10,120,130.19449659540794,97.16760000446811,623.6829999834299,161.7825720546098
1786889365,20,GET,/compute,40.400000,0.000000,130,140,160,170,210,230,260,280,340,340,340,5976,10,120,130.48754052886963,97.16760000446811,623.6829999834299,161.78413654618473
1786889365,20,,Aggregated,40.400000,0.000000,130,140,160,170,210,230,260,280,340,340,340,5976,10,120,130.48754052886963,97.16760000446811,623.6829999834299,161.78413654618473
1786889366,20,GET,/compute,40.100000,0.000000,120,130,150,170,210,230,260,280,340,340,340,6019,10,120,130.37400601439387,97.16760000446811,623.6829999834299,161.7856786841668
1786889366,20,,Aggregated,40.100000,0.000000,120,130,150,170,210,230,260,280,340,340,340,6019,10,120,130.37400601439387,97.16760000446811,623.6829999834299,161.7856786841668
1786889367,20,GET,/compute,40.500000,0.000000,120,130,140,160,200,230,260,280,340,340,340,6061,10,120,130.28028016838735,97.16760000446811,623.6829999834299,161.78716383435076
1786889367,20,,Aggregated,40.500000,0.000000,120,130,140,160,200,230,260,280,340,340,340,6061,10,120,130.28028016838735,97.16760000446811,623.6829999834299,161.78716383435076
1786889368,20,GET,/compute,39.800000,0.000000,120,130,140,160,200,240,280,300,340,340,340,6094,10,120,130.54858638015656,97.16760000446811,623.6829999834299,161.78831637676404
1786889368,20,,Aggregated,39.800000,0.000000,120,130,140,160,200,240,280,300,340,340,340,6094,10,120,130.54858638015656,97.16760000446811,623.6829999834299,161.78831637676404
1786889369,20,GET,/compute,40.200000,0.000000,120,130,150,170,210,240,290,310,340,340,340,6142,10,120,130.58353196034818,97.16760000446811,623.6829999834299,161.78997069358516
1786889369,20,,Aggregated,40.200000,0.000000,120,130,150,170,210,240,290,310,340,340,340,6142,10,120,130.58353196034818,97.16760000446811,623.6829999834299,161.78997069358516
1786889370,20,GET,/compute,40.000000,0.000000,120,130,150,160,210,240,290,310,340,340,340,6180,10,120,130.60308933666076,97.16760000446811,623.6829999834299,161.79126213592232
1786889370,20,,Aggregated,40.000000,0.000000,120,130,150,160,210,240,290,310,340,340,340,6180,10,120,130.60308933666076,97.16760000446811,623.6829999834299,161.79126213592232
1786889371,20,GET,/compute,39.900000,0.000000,120,130,140,150,200,240,290,300,340,340,340,6222,10,120,130.61307836717828,97.16760000446811,623.6829999834299,161.79267116682738
1786889371,20,,Aggregated,39.900000,0.000000,120,130,140,150,200,240,290,300,340,340,340,6222,10,120,130.61307836717828,97.16760000446811,623.6829999834299,161.79267116682738
1786889372,20,GET,/compute,40.100000,0.000000,120,130,130,140,190,240,290,300,340,340,340,6264,10,120,130.5319490422653,97.16760000446811,623.6829999834299,161.794061302682
1786889372,20,,Aggregated,40.100000,0.000000,120,130,130,140,190,240,290,300,340,340,340,6264,10,120,130.5319490422653,97.16760000446811,623.6829999834299,161.794061302682
1786889373,20,GET,/compute,40.100000,0.000000,120,130,130,140,190,240,290,300,340,340,340,6307,10,120,130.43517172989627,97.16760000446811,623.6829999834299,161.7954653559537
1786889373,20,,Aggregated,40.100000,0.000000,120,130,130,140,190,240,290,300,340,340,340,6307,10,120,130.43517172989627,97.16760000446811,623.6829999834299,161.7954653559537
1786889374,20,GET,/compute,40.600000,0.000000,120,130,130,130,170,240,290,310,490,490,490,6348,10,120,130.53577514179725,97.16760000446811,623.6829999834299,161.796786389414
1786889374,20,,Aggregated,40.600000,0.000000,120,130,130,130,170,240,290,310,490,490,490,6348,10,120,130.53577514179725,97.16760000446811,623.6829999834299,161.796786389414
1786889376,20,GET,/compute,40.400000,0.000000,120,130,130,140,180,240,290,320,490,490,490,6386,10,120,130.7170255089761,97.16760000446811,623.6829999834299,161.7979956154087
1786889376,20,,Aggregated,40.400000,0.000000,120,130,130,140,180,240,290,320,490,490,490,6386,10,120,130.7170255089761,97.16760000446811,623.6829999834299,161.7979956154087
1786889377,20,GET,/compute,40.700000,0.000000,120,130,130,140,180,240,290,320,490,490,490,6429,10,120,130.6499219941269,97.16760000446811,623.6829999834299,161.7993467102193
1786889377,20,,Aggregated,40.700000,0.000000,120,130,130,140,180,240,290,320,490,490,490,6429,10,120,130.6499219941269,97.16760000446811,623.6829999834299,161.7993467102193
1786889378,20,GET,/compute,40.700000,0.000000,120,130,130,130,150,180,230,260,490,490,490,6471,10,120,130.62983868028948,97.16760000446811,623.6829999834299,161.80064904960594
1786889378,20,,Aggregated,40.700000,0.000000,120,130,130,130,150,180,230,260,490,490,490,6471,10,120,130.62983868028948,97.16760000446811,623.6829999834299,161.80064904960594
1786889379,20,GET,/compute,40.700000,0.000000,120,130,130,140,160,180,230,260,490,490,490,6511,10,120,130.62066304715339,97.16760000446811,623.6829999834299,161.80187375211182
1786889379,20,,Aggregated,40.700000,0.000000,120,130,130,140,160,180,230,260,490,490,490,6511,10,120,130.62066304715339,97.16760000446811,623.6829999834299,161.80187375211182
1786889380,20,GET,/compute,40.800000,0.000000,120,130,130,140,160,180,230,260,490,490,490,6551,10,120,130.61669339030678,97.16760000446811,623.6829999834299,161.80308349870248
1786889380,20,,Aggregated,40.800000,0.000000,120,130,130,140,160,180,230,260,490,490,490,6551,10,120,130.61669339030678,97.16760000446811,623.6829999834299,161.80308349870248
1786889381,20,GET,/compute,41.200000,0.000000,120,130,130,140,160,180,220,260,490,490,490,6596,10,120,130.66942795629174,97.16760000446811,623.6829999834299,161.80442692540933
1786889381,20,,Aggregated,41.200000,0.000000,120,130,130,140,160,180,220,260,490,490,490,6596,10,120,130.66942795629174,97.16760000446811,623.6829999834299,161.80442692540933
1786889382,20,GET,/compute,41.200000,0.000000,120,130,130,140,160,190,220,260,490,490,490,6636,10,120,130.66275510844875,97.16760000446811,623.6829999834299,161.80560578661846
1786889382,20,,Aggregated,41.200000,0.000000,120,130,130,140,160,190,220,260,490,490,490,6636,10,120,130.66275510844875,97.16760000446811,623.6829999834299,161.80560578661846
1786889383,20,GET,/compute,40.800000,0.000000,120,130,140,140,170,190,220,260,490,490,490,6678,10,120,130.61014847253023,97.16760000446811,623.6829999834299,161.80682839173406
1786889383,20,,Aggregated,40.800000,0.000000,120,130,140,140,170,190,220,260,490,490,490,6678,10,120,130.61014847253023,97.16760000446811,623.6829999834299,161.80682839173406
1786889384,20,GET,/compute,41.100000,0.000000,120,130,140,140,160,180,210,220,270,270,270,6720,10,120,130.59164680050475,97.16760000446811,623.6829999834299,161.80803571428572
1786889384,20,,Aggregated,41.100000,0.000000,120,130,140,140,160,180,210,220,270,270,270,6720,10,120,130.59164680050475,97.16760000446811,623.6829999834299,161.80803571428572
1786889385,20,GET,/compute,41.300000,0.000000,120,130,130,130,150,160,190,200,210,210,210,6759,10,120,130.54167310244503,97.16760000446811,623.6829999834299,161.809143364403
1786889385,20,,Aggregated,41.300000,0.000000,120,130,130,130,150,160,190,200,210,210,210,6759,10,120,130.54167310244503,97.16760000446811,623.6829999834299,161.809143364403
1786889386,20,GET,/compute,41.100000,0.000000,120,130,130,140,160,180,220,430,440,440,440,6795,10,120,130.83932774089692,97.16760000446811,623.6829999834299,161.8101545253863
1786889386,20,,Aggregated,41.100000,0.000000,120,130,130,140,160,180,220,430,440,440,440,6795,10,120,130.83932774089692,97.16760000446811,623.6829999834299,161.8101545253863
1786889387,20,GET,/compute,41.100000,0.000000,120,130,130,140,170,410,430,440,440,440,440,6818,10,120,131.34178706356113,97.16760000446811,623.6829999834299,161.81079495453213
1786889387,20,,Aggregated,41.100000,0.000000,120,130,130,140,170,410,430,440,440,440,440,6818,10,120,131.34178706356113,97.16760000446811,623.6829999834299,161.81079495453213
1786889388,20,GET,/compute,40.900000,0.000000,120,130,140,150,210,430,440,440,440,440,440,6860,10,120,131.88823565592787,97.16760000446811,623.6829999834299,161.81195335276968
1786889388,20,,Aggregated,40.900000,0.000000,120,130,140,150,210,430,440,440,440,440,440,6860,10,120,131.88823565592787,97.16760000446811,623.6829999834299,161.81195335276968
1786889389,20,GET,/compute,38.900000,0.000000,120,130,130,140,210,430,430,440,440,440,440,6904,10,120,131.80010953064647,97.16760000446811,623.6829999834299,161.81315179606025
1786889389,20,,Aggregated,38.900000,0.000000,120,130,130,140,210,430,430,440,440,440,440,6904,10,120,131.80010953064647,97.16760000446811,623.6829999834299,161.81315179606025
1786889390,20,GET,/compute,38.900000,0.000000,120,130,130,130,190,430,440,440,440,440,440,6943,10,120,131.7360884919589,97.16760000446811,623.6829999834299,161.8142013538816
1786889390,20,,Aggregated,38.900000,0.000000,120,130,130,130,190,430,440,440,440,440,440,6943,10,120,131.7360884919589,97.16760000446811,623.6829999834299,161.8142013538816
1786889391,20,GET,/compute,38.600000,0.000000,120,120,130,130,170,430,430,440,440,440,440,6987,10,120,131.65067565472341,97.16760000446811,623.6829999834299,161.81537140403606
1786889391,20,,Aggregated,38.600000,0.000000,120,120,130,130,170,430,430,440,440,440,440,6987,10,120,131.65067565472341,97.16760000446811,623.6829999834299,161.81537140403606
1786889392,20,GET,/compute,38.900000,0.000000,120,120,130,130,170,430,430,440,440,440,440,7034,10,120,131.56291305084926,97.16760000446811,623.6829999834299,161.81660506113164
1786889392,20,,Aggregated,38.900000,0.000000,120,120,130,130,170,430,430,440,440,440,440,7034,10,120,131.56291305084926,97.16760000446811,623.6829999834299,161.81660506113164
1786889393,20,GET,/compute,38.700000,0.000000,120,120,120,130,160,430,430,440,440,440,440,7073,10,120,131.48441410993954,97.16760000446811,623.6829999834299,161.8176162872897
1786889393,20,,Aggregated,38.700000,0.000000,120,120,120,130,160,430,430,440,440,440,440,7073,10,120,131.48441410993954,97.16760000446811,623.6829999834299,161.8176162872897
1786889394,20,GET,/compute,39.100000,0.000000,120,120,120,130,150,430,430,440,440,440,440,7118,10,120,131.39755904743745,97.16760000446811,623.6829999834299,161.81876931722394
1786889394,20,,Aggregated,39.100000,0.000000,120,120,120,130,150,430,430,440,440,440,440,7118,10,120,131.39755904743745,97.16760000446811,623.6829999834299,161.81876931722394
1786889395,20,GET,/compute,39.000000,0.000000,120,120,120,130,130,420,430,440,440,440,440,7158,10,120,131.34791436152864,97.16760000446811,623.6829999834299,161.8197820620285
1786889395,20,,Aggregated,39.000000,0.000000,120,120,120,130,130,420,430,440,440,440,440,7158,10,120,131.34791436152864,97.16760000446811,623.6829999834299,161.8197820620285
1786889396,20,GET,/compute,39.400000,0.000000,120,120,120,130,130,140,420,430,440,440,440,7198,10,120,131.3063828841077,97.16760000446811,623.6829999834299,161.8207835509864
1786889396,20,,Aggregated,39.400000,0.000000,120,120,120,130,130,140,420,430,440,440,440,7198,10,120,131.3063828841077,97.16760000446811,623.6829999834299,161.8207835509864
1786889397,20,GET,/compute,39.800000,0.000000,120,120,120,130,130,130,130,140,140,140,140,7241,10,120,131.26155207838735,97.16760000446811,623.6829999834299,161.82184781107583
1786889397,20,,Aggregated,39.800000,0.000000,120,120,120,130,130,130,130,140,140,140,140,7241,10,120,131.26155207838735,97.16760000446811,623.6829999834299,161.82184781107583
1786889398,20,GET,/compute,40.800000,0.000000,120,120,120,130,130,130,130,140,140,140,140,7285,10,120,131.19251136582534,97.16760000446811,623.6829999834299,161.8229238160604
1786889398,20,,Aggregated,40.800000,0.000000,120,120,120,130,130,130,130,140,140,140,140,7285,10,120,131.19251136582534,97.16760000446811,623.6829999834299,161.8229238160604
1786889399,20,GET,/compute,41.900000,0.000000,120,120,120,130,130,130,130,140,140,140,140,7327,10,120,131.1238865838512,97.16760000446811,623.6829999834299,161.82393885628497
1786889399,20,,Aggregated,41.900000,0.000000,120,120,120,130,130,130,130,140,140,140,140,7327,10,120,131.1238865838512,97.16760000446811,623.6829999834299,161.82393885628497
1786889400,20,GET,/compute,41.600000,0.000000,120,120,130,130,130,130,130,140,140,140,140,7371,10,120,131.05162787953836,97.16760000446811,623.6829999834299,161.8249898249898
1786889400,20,,Aggregated,41.600000,0.000000,120,120,130,130,130,130,130,140,140,140,140,7371,10,120,131.05162787953836,97.16760000446811,623.6829999834299,161.8249898249898
1786889401,20,GET,/compute,41.600000,0.000000,120,120,120,130,130,130,130,140,140,140,140,7405,10,120,130.991998298476,97.16760000446811,623.6829999834299,161.82579338284944
1786889401,20,,Aggregated,41.600000,0.000000,120,120,120,130,130,130,130,140,140,140,140,7405,10,120,130.991998298476,97.16760000446811,623.6829999834299,161.82579338284944
1786889402,20,GET,/compute,42.400000,0.000000,120,120,130,130,130,410,720,740,750,750,750,7438,10,120,132.0606184996141,97.16760000446811,751.3697000104003,161.8265662812584
1786889402,20,,Aggregated,42.400000,0.000000,120,120,130,130,130,410,720,740,750,750,750,7438,10,120,132.0606184996141,97.16760000446811,751.3697000104003,161.8265662812584
1786889403,20,GET,/compute,42.300000,0.000000,120,120,130,130,130,430,720,740,750,750,750,7474,10,120,132.36563038535283,97.16760000446811,751.3697000104003,161.8274016590848
1786889403,20,,Aggregated,42.300000,0.000000,120,120,130,130,130,430,720,740,750,750,750,7474,10,120,132.36563038535283,97.16760000446811,751.3697000104003,161.8274016590848
1786889404,20,GET,/compute,40.600000,0.000000,120,120,130,130,140,430,720,740,750,750,750,7517,10,120,132.48311434079363,97.16760000446811,751.3697000104003,161.8283889849674
1786889404,20,,Aggregated,40.600000,0.000000,120,120,130,130,140,430,720,740,750,750,750,7517,10,120,132.48311434079363,97.16760000446811,751.3697000104003,161.8283889849674
1786889405,20,GET,/compute,39.200000,0.000000,120,120,130,130,130,430,720,740,750,750,750,7561,10,120,132.42274824759113,97.16760000446811,751.3697000104003,161.82938764713663
1786889405,20,,Aggregated,39.200000,0.000000,120,120,130,130,130,430,720,740,750,750,750,7561,10,120,132.42274824759113,97.16760000446811,751.3697000104003,161.82938764713663
1786889406,20,GET,/compute,39.200000,0.000000,120,120,130,130,130,430,720,740,750,750,750,7603,10,120,132.34792438509476,97.16760000446811,751.3697000104003,161.8303301328423
1786889406,20,,Aggregated,39.200000,0.000000,120,120,130,130,130,430,720,740,750,750,750,7603,10,120,132.34792438509476,97.16760000446811,751.3697000104003,161.8303301328423
1786889407,20,GET,/compute,39.600000,0.000000,120,120,120,130,130,430,720,740,750,750,750,7645,10,120,132.2705435971431,97.16760000446811,751.3697000104003,161.83126226291694
1786889407,20,,Aggregated,39.600000,0.000000,120,120,120,130,130,430,720,740,750,750,750,7645,10,120,132.2705435971431,97.16760000446811,751.3697000104003,161.83126226291694
1786889408,20,GET,/compute,39.800000,0.000000,120,120,120,130,130,430,720,740,750,750,750,7685,10,120,132.19735689010415,97.16760000446811,751.3697000104003,161.83214053350684
1786889408,20,,Aggregated,39.800000,0.000000,120,120,120,130,130,430,720,740,750,750,750,7685,10,120,132.19735689010415,97.16760000446811,751.3697000104003,161.83214053350684
1786889409,20,GET,/compute,39.800000,0.000000,120,120,120,130,130,430,720,740,750,750,750,7730,10,120,132.118796688272,97.16760000446811,751.3697000104003,161.83311772315653
1786889409,20,,Aggregated,39.800000,0.000000,120,120,120,130,130,430,720,740,750,750,750,7730,10,120,132.118796688272,97.16760000446811,751.3697000104003,161.83311772315653
1786889410,20,GET,/compute,39.900000,0.000000,120,120,130,130,130,430,720,740,750,750,750,7771,10,120,132.05223465451604,97.16760000446811,751.3697000104003,161.83399819843007
1786889410,20,,Aggregated,39.900000,0.000000,120,120,130,130,130,430,720,740,750,750,750,7771,10,120,132.05223465451604,97.16760000446811,751.3697000104003,161.83399819843007
1786889411,20,GET,/compute,39.700000,0.000000,120,120,120,130,130,140,430,430,720,720,720,7812,10,120,131.9752861879253,97.16760000446811,751.3697000104003,161.83486943164363
1786889411,20,,Aggregated,39.700000,0.000000,120,120,120,130,130,140,430,430,720,720,720,7812,10,120,131.9752861879253,97.16760000446811,751.3697000104003,161.83486943164363
1786889412,20,GET,/compute,39.600000,0.000000,120,120,120,120,130,130,430,430,440,440,440,7858,10,120,131.8863107915858,97.16760000446811,751.3697000104003,161.8358360906083
1786889412,20,,Aggregated,39.600000,0.000000,120,120,120,120,130,130,430,430,440,440,440,7858,10,120,131.8863107915858,97.16760000446811,751.3697000104003,161.8358360906083
1786889413,20,GET,/compute,39.900000,0.000000,120,120,120,120,130,130,130,130,140,140,140,7898,10,120,131.80291378832223,97.16760000446811,751.3697000104003,161.83666751076223
1786889413,20,,Aggregated,39.900000,0.000000,120,120,120,120,130,130,130,130,140,140,140,7898,10,120,131.80291378832223,97.16760000446811,751.3697000104003,161.83666751076223
1786889414,20,GET,/compute,41.200000,0.000000,120,120,120,120,130,130,130,130,140,140,140,7943,10,120,131.71407483321377,97.16760000446811,751.3697000104003,161.83759284904949
1786889414,20,,Aggregated,41.200000,0.000000,120,120,120,120,130,130,130,130,140,140,140,7943,10,120,131.71407483321377,97.16760000446811,751.3697000104003,161.83759284904949
1786889415,20,GET,/compute,42.800000,0.000000,120,120,120,120,130,130,130,130,140,140,140,7986,10,120,131.63150926623064,97.16760000446811,751.3697000104003,161.83846731780616
1786889415,20,,Aggregated,42.800000,0.000000,120,120,120,120,130,130,130,130,140,140,140,7986,10,120,131.63150926623064,97.16760000446811,751.3697000104003,161.83846731780616
1786889416,20,GET,/compute,42.500000,0.000000,120,120,120,120,130,130,130,130,140,140,140,8029,10,120,131.55391513265175,97.16760000446811,751.3697000104003,161.83933241997758
1786889416,20,,Aggregated,42.500000,0.000000,120,120,120,120,130,130,130,130,140,140,140,8029,10,120,131.55391513265175,97.16760000446811,751.3697000104003,161.83933241997758
1786889417,20,GET,/compute,42.300000,0.000000,120,120,120,120,130,130,130,130,140,140,140,8072,10,120,131.4760623017692,97.16760000446811,751.3697000104003,161.84018830525272
1786889417,20,,Aggregated,42.300000,0.000000,120,120,120,120,130,130,130,130,140,140,140,8072,10,120,131.4760623017692,97.16760000446811,751.3697000104003,161.84018830525272
1786889418,20,GET,/compute,42.000000,0.000000,120,120,120,120,120,130,130,130,140,140,140,8114,10,120,131.40475258809883,97.16760000446811,751.3697000104003,161.8410155287158
1786889418,20,,Aggregated,42.000000,0.000000,120,120,120,120,120,130,130,130,140,140,140,8114,10,120,131.40475258809883,97.16760000446811,751.3697000104003,161.8410155287158
1786889419,20,GET,/compute,42.500000,0.000000,120,120,120,120,120,130,130,130,140,140,140,8158,10,120,131.32343500852642,97.16760000446811,751.3697000104003,161.84187300809023
1786889419,20,,Aggregated,42.500000,0.000000,120,120,120,120,120,130,130,130,140,140,140,8158,10,120,131.32343500852642,97.16760000446811,751.3697000104003,161.84187300809023
1786889420,20,GET,/compute,42.700000,0.000000,120,120,120,120,120,130,130,130,130,130,130,8202,10,120,131.24482421354134,97.16760000446811,751.3697000104003,161.84272128749086
1786889420,20,,Aggregated,42.700000,0.000000,120,120,120,120,120,130,130,130,130,130,130,8202,10,120,131.24482421354134,97.16760000446811,751.3697000104003,161.84272128749086
1786889421,20,GET,/compute,43.000000,0.000000,120,120,120,120,120,130,130,130,130,130,130,8244,10,120,131.165712627266,97.16760000446811,751.3697000104003,161.84352256186318
1786889421,20,,Aggregated,43.000000,0.000000,120,120,120,120,120,130,130,130,130,130,130,8244,10,120,131.165712627266,97.16760000446811,751.3697000104003,161.84352256186318
1786889422,20,GET,/compute,43.000000,0.000000,120,120,120,120,120,130,130,130,130,130,130,8287,10,120,131.10004320006806,97.16760000446811,751.3697000104003,161.84433449981898
1786889422,20,,Aggregated,43.000000,0.000000,120,120,120,120,120,130,130,130,130,130,130,8287,10,120,131.10004320006806,97.16760000446811,751.3697000104003,161.84433449981898
1786889423,20,GET,/compute,42.600000,0.000000,120,120,120,120,120,130,130,130,130,130,130,8327,10,120,131.0422403385427,97.16760000446811,751.3697000104003,161.84508226251953
1786889423,20,,Aggregated,42.600000,0.000000,120,120,120,120,120,130,130,130,130,130,130,8327,10,120,131.0422403385427,97.16760000446811,751.3697000104003,161.84508226251953
1786889424,20,GET,/compute,42.700000,0.000000,120,120,120,120,120,130,130,130,130,130,130,8363,10,120,130.9838634819043,97.16760000446811,751.3697000104003,161.8457491330862
1786889424,20,,Aggregated,42.700000,0.000000,120,120,120,120,120,130,130,130,130,130,130,8363,10,120,130.9838634819043,97.16760000446811,751.3697000104003,161.8457491330862
1786889425,20,GET,/compute,42.200000,0.000000,120,120,120,120,130,130,130,260,460,460,460,8410,10,120,131.04405669432757,97.16760000446811,751.3697000104003,161.84661117717005
1786889425,20,,Aggregated,42.200000,0.000000,120,120,120,120,130,130,130,260,460,460,460,8410,10,120,131.04405669432757,97.16760000446811,751.3697000104003,161.84661117717005
1786889426,20,GET,/compute,42.700000,0.000000,120,120,120,120,130,130,130,260,460,460,460,8452,10,120,130.98620537140548,97.16760000446811,751.3697000104003,161.84737340274492
1786889426,20,,Aggregated,42.700000,0.000000,120,120,120,120,130,130,130,260,460,460,460,8452,10,120,130.98620537140548,97.16760000446811,751.3697000104003,161.84737340274492
1786889427,20,GET,/compute,42.100000,0.000000,120,120,120,120,130,130,130,260,460,460,460,8494,10,120,130.91830118895746,97.16760000446811,751.3697000104003,161.84812809041676
1786889427,20,,Aggregated,42.100000,0.000000,120,120,120,120,130,130,130,260,460,460,460,8494,10,120,130.91830118895746,97.16760000446811,751.3697000104003,161.84812809041676
1786889428,20,GET,/compute,42.200000,0.000000,120,120,120,120,130,130,130,260,460,460,460,8539,10,120,130.83944513395488,97.16760000446811,751.3697000104003,161.84892844595385
1786889428,20,,Aggregated,42.200000,0.000000,120,120,120,120,130,130,130,260,460,460,460,8539,10,120,130.83944513395488,97.16760000446811,751.3697000104003,161.84892844595385
1786889429,20,GET,/compute,41.500000,0.000000,120,120,120,120,130,130,130,260,460,460,460,8577,10,120,130.7802157163226,97.16760000446811,751.3697000104003,161.84959776145504
1786889429,20,,Aggregated,41.500000,0.000000,120,120,120,120,130,130,130,260,460,460,460,8577,10,120,130.7802157163226,97.16760000446811,751.3697000104003,161.84959776145504
1786889430,20,GET,/compute,41.700000,0.000000,120,120,120,120,130,130,130,260,460,460,460,8620,10,120,130.70693407179365,97.16760000446811,751.3697000104003,161.85034802784222
1786889430,20,,Aggregated,41.700000,0.000000,120,120,120,120,130,130,130,260,460,460,460,8620,10,120,130.70693407179365,97.16760000446811,751.3697000104003,161.85034802784222
1786889431,20,GET,/compute,41.700000,0.000000,120,120,120,120,130,130,130,260,460,460,460,8663,10,120,130.63857952197807,97.16760000446811,751.3697000104003,161.85109084612722
1786889431,20,,Aggregated,41.700000,0.000000,120,120,120,120,130,130,130,260,460,460,460,8663,10,120,130.63857952197807,97.16760000446811,751.3697000104003,161.85109084612722
1786889432,20,GET,/compute,41.200000,0.000000,120,120,120,120,130,130,130,260,460,460,460,8704,10,120,130.56876382109508,97.16760000446811,751.3697000104003,161.85179227941177
1786889432,20,,Aggregated,41.200000,0.000000,120,120,120,120,130,130,130,260,460,460,460,8704,10,120,130.56876382109508,97.16760000446811,751.3697000104003,161.85179227941177
1786889433,20,GET,/compute,41.600000,0.000000,120,120,120,120,130,130,130,260,460,460,460,8749,10,120,130.49646966496493,97.16760000446811,751.3697000104003,161.852554577666
1786889433,20,,Aggregated,41.600000,0.000000,120,120,120,120,130,130,130,260,460,460,460,8749,10,120,130.49646966496493,97.16760000446811,751.3697000104003,161.852554577666
1786889434,20,GET,/compute,41.400000,0.000000,120,120,120,120,120,130,130,130,130,130,130,8788,10,120,130.4361662947994,97.16760000446811,751.3697000104003,161.85320892125625
1786889434,20,,Aggregated,41.400000,0.000000,120,120,120,120,120,130,130,130,130,130,130,8788,10,120,130.4361662947994,97.16760000446811,751.3697000104003,161.85320892125625
1786889435,20,GET,/compute,42.000000,0.000000,120,120,120,120,120,130,130,130,130,130,130,8834,10,120,130.36096058393602,97.16760000446811,751.3697000104003,161.8539732850351
1786889435,20,,Aggregated,42.000000,0.000000,120,120,120,120,120,130,130,130,130,130,130,8834,10,120,130.36096058393602,97.16760000446811,751.3697000104003,161.8539732850351
1786889436,20,GET,/compute,41.300000,0.000000,120,120,120,120,120,130,130,130,130,130,130,8874,10,120,130.2991116631223,97.16760000446811,751.3697000104003,161.85463150777554
1786889436,20,,Aggregated,41.300000,0.000000,120,120,120,120,120,130,130,130,130,130,130,8874,10,120,130.2991116631223,97.16760000446811,751.3697000104003,161.85463150777554
1786889437,20,GET,/compute,41.800000,0.000000,120,120,120,120,120,130,130,130,140,140,140,8920,10,120,130.22475174870686,97.16760000446811,751.3697000104003,161.85538116591928
1786889437,20,,Aggregated,41.800000,0.000000,120,120,120,120,120,130,130,130,140,140,140,8920,10,120,130.22475174870686,97.16760000446811,751.3697000104003,161.85538116591928
1786889438,20,GET,/compute,41.900000,0.000000,120,120,120,120,120,130,130,130,140,140,140,8962,10,120,130.16279156419066,97.16760000446811,751.3697000104003,161.85605891542068
1786889438,20,,Aggregated,41.900000,0.000000,120,120,120,120,120,130,130,130,140,140,140,8962,10,120,130.16279156419066,97.16760000446811,751.3697000104003,161.85605891542068
1786889439,20,GET,/compute,42.500000,0.000000,120,120,120,120,120,130,130,130,140,140,140,9005,10,120,130.10140568554337,97.16760000446811,751.3697000104003,161.8567462520822
1786889439,20,,Aggregated,42.500000,0.000000,120,120,120,120,120,130,130,130,140,140,140,9005,10,120,130.10140568554337,97.16760000446811,751.3697000104003,161.8567462520822
1786889440,20,GET,/compute,42.300000,0.000000,120,120,120,120,120,130,130,130,140,140,140,9048,10,120,130.03424857410488,97.16760000446811,751.3697000104003,161.8574270557029
1786889440,20,,Aggregated,42.300000,0.000000,120,120,120,120,120,130,130,130,140,140,140,9048,10,120,130.03424857410488,97.16760000446811,751.3697000104003,161.8574270557029
1786889441,20,GET,/compute,42.100000,0.000000,120,120,120,120,120,130,130,130,140,140,140,9091,10,120,129.97380508177642,97.16760000446811,751.3697000104003,161.8581014189858
1786889441,20,,Aggregated,42.100000,0.000000,120,120,120,120,120,130,130,130,140,140,140,9091,10,120,129.97380508177642,97.16760000446811,751.3697000104003,161.8581014189858
1786889442,20,GET,/compute,42.500000,0.000000,120,120,120,120,120,130,130,130,140,140,140,9136,10,120,129.91084121041763,97.16760000446811,751.3697000104003,161.8588003502627
1786889442,20,,Aggregated,42.500000,0.000000,120,120,120,120,120,130,130,130,140,140,140,9136,10,120,129.91084121041763,97.16760000446811,751.3697000104003,161.8588003502627
1786889443,20,GET,/compute,42.200000,0.000000,120,120,120,120,120,130,130,130,140,140,140,9178,10,120,129.85595752873155,97.16760000446811,751.3697000104003,161.859446502506
1786889443,20,,Aggregated,42.200000,0.000000,120,120,120,120,120,130,130,130,140,140,140,9178,10,120,129.85595752873155,97.16760000446811,751.3697000104003,161.859446502506
1786889444,20,GET,/compute,42.800000,0.000000,120,120,120,120,120,130,130,130,140,140,140,9222,10,120,129.80318062229074,97.16760000446811,751.3697000104003,161.8601171112557
1786889444,20,,Aggregated,42.800000,0.000000,120,120,120,120,120,130,130,130,140,140,140,9222,10,120,129.80318062229074,97.16760000446811,751.3697000104003,161.8601171112557
1786889445,20,GET,/compute,42.500000,0.000000,120,120,120,120,130,130,180,250,460,460,460,9263,10,120,129.91426572372598,97.16760000446811,751.3697000104003,161.86073626254992
1786889445,20,,Aggregated,42.500000,0.000000,120,120,120,120,130,130,180,250,460,460,460,9263,10,120,129.91426572372598,97.16760000446811,751.3697000104003,161.86073626254992
1786889446,20,GET,/compute,43.200000,0.000000,120,120,120,120,130,130,180,250,460,460,460,9302,10,120,129.86197239294745,97.16760000446811,751.3697000104003,161.86132014620512
1786889446,20,,Aggregated,43.200000,0.000000,120,120,120,120,130,130,180,250,460,460,460,9302,10,120,129.86197239294745,97.16760000446811,751.3697000104003,161.86132014620512
1786889447,20,GET,/compute,42.800000,0.000000,120,120,120,120,130,130,180,250,460,460,460,9344,10,120,129.80466754056766,97.16760000446811,751.3697000104003,161.86194349315068
1786889447,20,,Aggregated,42.800000,0.000000,120,120,120,120,130,130,180,250,460,460,460,9344,10,120,129.80466754056766,97.16760000446811,751.3697000104003,161.86194349315068
1786889448,20,GET,/compute,42.600000,0.000000,120,120,120,120,130,130,180,250,460,460,460,9385,10,120,129.75051474683562,97.16760000446811,751.3697000104003,161.86254661694193
1786889448,20,,Aggregated,42.600000,0.000000,120,120,120,120,130,130,180,250,460,460,460,9385,10,120,129.75051474683562,97.16760000446811,751.3697000104003,161.86254661694193
1786889449,20,GET,/compute,42.200000,0.000000,120,120,120,120,130,130,200,270,460,460,460,9426,10,120,129.68115894327545,97.16760000446811,751.3697000104003,161.8631444939529
1786889449,20,,Aggregated,42.200000,0.000000,120,120,120,120,130,130,200,270,460,460,460,9426,10,120,129.68115894327545,97.16760000446811,751.3697000104003,161.8631444939529
1786889450,20,GET,/compute,42.200000,0.000000,120,120,120,120,130,130,180,250,460,460,460,9470,10,120,129.62012757119277,97.16760000446811,751.3697000104003,161.8637803590285
1786889450,20,,Aggregated,42.200000,0.000000,120,120,120,120,130,130,180,250,460,460,460,9470,10,120,129.62012757119277,97.16760000446811,751.3697000104003,161.8637803590285
1786889451,20,GET,/compute,42.000000,0.000000,120,120,120,120,130,130,200,270,460,460,460,9512,10,120,129.56069275645925,97.16760000446811,751.3697000104003,161.86438183347352
1786889451,20,,Aggregated,42.000000,0.000000,120,120,120,120,130,130,200,270,460,460,460,9512,10,120,129.56069275645925,97.16760000446811,751.3697000104003,161.86438183347352
1786889452,20,GET,/compute,41.900000,0.000000,120,120,120,120,130,130,180,250,460,460,460,9556,10,120,129.49192765795243,97.16760000446811,751.3697000104003,161.86500627877774
1786889452,20,,Aggregated,41.900000,0.000000,120,120,120,120,130,130,180,250,460,460,460,9556,10,120,129.49192765795243,97.16760000446811,751.3697000104003,161.86500627877774
1786889453,20,GET,/compute,42.100000,0.000000,120,120,120,120,130,130,200,270,460,460,460,9597,10,120,129.42792151704913,97.16760000446811,751.3697000104003,161.86558299468584
1786889453,20,,Aggregated,42.100000,0.000000,120,120,120,120,130,130,200,270,460,460,460,9597,10,120,129.42792151704913,97.16760000446811,751.3697000104003,161.86558299468584
1786889454,20,GET,/compute,41.800000,0.000000,120,120,120,120,130,130,200,270,460,460,460,9639,10,120,129.37297892923502,97.16760000446811,751.3697000104003,161.8661686896981
1786889454,20,,Aggregated,41.800000,0.000000,120,120,120,120,130,130,200,270,460,460,460,9639,10,120,129.37297892923502,97.16760000446811,751.3697000104003,161.8661686896981
1786889455,20,GET,/compute,41.900000,0.000000,120,120,120,120,120,130,130,130,140,140,140,9682,10,120,129.31047832048446,97.16760000446811,751.3697000104003,161.86676306548233
1786889455,20,,Aggregated,41.900000,0.000000,120,120,120,120,120,130,130,130,140,140,140,9682,10,120,129.31047832048446,97.16760000446811,751.3697000104003,161.86676306548233
1786889456,20,GET,/compute,41.200000,0.000000,120,120,120,120,120,130,130,130,140,140,140,9727,10,120,129.24408414709416,97.16760000446811,751.3697000104003,161.86737945923718
1786889456,20,,Aggregated,41.200000,0.000000,120,120,120,120,120,130,130,130,140,140,140,9727,10,120,129.24408414709416,97.16760000446811,751.3697000104003,161.86737945923718
1786889457,20,GET,/compute,41.600000,0.000000,120,120,120,120,120,130,130,130,140,140,140,9770,10,120,129.19086641748794,97.16760000446811,751.3697000104003,161.86796315250768
1786889457,20,,Aggregated,41.600000,0.000000,120,120,120,120,120,130,130,130,140,140,140,9770,10,120,129.19086641748794,97.16760000446811,751.3697000104003,161.86796315250768
1786889458,20,GET,/compute,41.700000,0.000000,120,120,120,120,120,130,130,130,140,140,140,9811,10,120,129.13238133716797,97.16760000446811,751.3697000104003,161.86851493221894
1786889458,20,,Aggregated,41.700000,0.000000,120,120,120,120,120,130,130,130,140,140,140,9811,10,120,129.13238133716797,97.16760000446811,751.3697000104003,161.86851493221894
1786889459,20,GET,/compute,42.300000,0.000000,120,120,120,120,120,130,130,130,140,140,140,9855,10,120,129.0789047487348,97.16760000446811,751.3697000104003,161.86910197869102
1786889459,20,,Aggregated,42.300000,0.000000,120,120,120,120,120,130,130,130,140,140,140,9855,10,120,129.0789047487348,97.16760000446811,751.3697000104003,161.86910197869102
1786889460,20,GET,/compute,42.400000,0.000000,120,120,120,120,120,130,130,130,140,140,140,9897,10,120,129.0144928664165,97.16760000446811,751.3697000104003,161.8696574719612
1786889460,20,,Aggregated,42.400000,0.000000,120,120,120,120,120,130,130,130,140,140,140,9897,10,120,129.0144928664165,97.16760000446811,751.3697000104003,161.8696574719612
1786889461,20,GET,/compute,42.700000,0.000000,120,120,120,120,120,130,130,130,140,140,140,9937,10,120,128.9653751030375,97.16760000446811,751.3697000104003,161.87018214752945
1786889461,20,,Aggregated,42.700000,0.000000,120,120,120,120,120,130,130,130,140,140,140,9937,10,120,128.9653751030375,97.16760000446811,751.3697000104003,161.87018214752945
1786889462,20,GET,/compute,42.600000,0.000000,120,120,120,120,120,130,130,130,140,140,140,9984,10,120,128.91675918455965,97.16760000446811,751.3697000104003,161.87079326923077
1786889462,20,,Aggregated,42.600000,0.000000,120,120,120,120,120,130,130,130,140,140,140,9984,10,120,128.91675918455965,97.16760000446811,751.3697000104003,161.87079326923077
1786889463,20,GET,/compute,42.600000,0.000000,120,120,120,120,120,130,130,130,140,140,140,10026,10,120,128.87341278663823,97.16760000446811,751.3697000104003,161.87133453022142
1786889463,20,,Aggregated,42.600000,0.000000,120,120,120,120,120,130,130,130,140,140,140,10026,10,120,128.87341278663823,97.16760000446811,751.3697000104003,161.87133453022142
1786889464,20,GET,/compute,42.200000,0.000000,120,120,120,120,130,130,130,130,140,140,140,10071,10,120,128.83774796929657,97.16760000446811,751.3697000104003,161.87190944295503
1786889464,20,,Aggregated,42.200000,0.000000,120,120,120,120,130,130,130,130,140,140,140,10071,10,120,128.83774796929657,97.16760000446811,751.3697000104003,161.87190944295503
1786889465,20,GET,/compute,42.400000,0.000000,120,120,120,120,130,130,130,130,140,140,140,10109,10,120,128.80137581350698,97.16760000446811,751.3697000104003,161.87239093876744
1786889465,20,,Aggregated,42.400000,0.000000,120,120,120,120,130,130,130,130,140,140,140,10109,10,120,128.80137581350698,97.16760000446811,751.3697000104003,161.87239093876744
1786889466,20,GET,/compute,42.600000,0.000000,120,120,120,120,130,130,130,130,140,140,140,10150,10,120,128.76894983238188,97.16760000446811,751.3697000104003,161.87290640394087
1786889466,20,,Aggregated,42.600000,0.000000,120,120,120,120,130,130,130,130,140,140,140,10150,10,120,128.76894983238188,97.16760000446811,751.3697000104003,161.87290640394087
1786889467,20,GET,/compute,42.800000,0.000000,120,120,120,120,130,130,130,130,140,140,140,10194,10,120,128.7152881791904,97.16760000446811,751.3697000104003,161.87345497351384
1786889467,20,,Aggregated,42.800000,0.000000,120,120,120,120,130,130,130,130,140,140,140,10194,10,120,128.7152881791904,97.16760000446811,751.3697000104003,161.87345497351384
1786889468,20,GET,/compute,42.500000,0.000000,120,120,120,120,130,130,130,130,140,140,140,10236,10,120,128.65844641446114,97.16760000446811,751.3697000104003,161.87397420867526
1786889468,20,,Aggregated,42.500000,0.000000,120,120,120,120,130,130,130,130,140,140,140,10236,10,120,128.65844641446114,97.16760000446811,751.3697000104003,161.87397420867526
1786889469,20,GET,/compute,42.200000,0.000000,120,120,120,120,130,130,130,130,140,140,140,10281,10,120,128.60835714411164,97.16760000446811,751.3697000104003,161.87452582433616
1786889469,20,,Aggregated,42.200000,0.000000,120,120,120,120,130,130,130,130,140,140,140,10281,10,120,128.60835714411164,97.16760000446811,751.3697000104003,161.87452582433616
1786889470,20,GET,/compute,42.200000,0.000000,120,120,120,120,130,130,130,130,140,140,140,10323,10,120,128.55267379625803,97.16760000446811,751.3697000104003,161.87503632664922
1786889470,20,,Aggregated,42.200000,0.000000,120,120,120,120,130,130,130,130,140,140,140,10323,10,120,128.55267379625803,97.16760000446811,751.3697000104003,161.87503632664922
1786889471,20,GET,/compute,42.100000,0.000000,120,120,120,120,130,130,130,130,140,140,140,10367,10,120,128.49411991888252,97.16760000446811,751.3697000104003,161.87556670203531
1786889471,20,,Aggregated,42.100000,0.000000,120,120,120,120,130,130,130,130,140,140,140,10367,10,120,128.49411991888252,97.16760000446811,751.3697000104003,161.87556670203531
1786889472,20,GET,/compute,42.300000,0.000000,120,120,120,120,130,130,130,130,140,140,140,10413,10,120,128.435262604359,97.16760000446811,751.3697000104003,161.87611639297032
1786889472,20,,Aggregated,42.300000,0.000000,120,120,120,120,130,130,130,130,140,140,140,10413,10,120,128.435262604359,97.16760000446811,751.3697000104003,161.87611639297032
1786889473,20,GET,/compute,42.200000,0.000000,120,120,120,120,130,130,130,130,420,420,420,10452,10,120,128.41503082655535,95.20010004052892,751.3697000104003,161.87657864523536
1786889473,20,,Aggregated,42.200000,0.000000,120,120,120,120,130,130,130,130,420,420,420,10452,10,120,128.41503082655535,95.20010004052892,751.3697000104003,161.87657864523536
1786889474,20,GET,/compute,42.500000,0.000000,120,120,120,120,130,130,130,130,420,420,420,10499,10,120,128.35367940749057,95.20010004052892,751.3697000104003,161.87713115534814
1786889474,20,,Aggregated,42.500000,0.000000,120,120,120,120,130,130,130,130,420,420,420,10499,10,120,128.35367940749057,95.20010004052892,751.3697000104003,161.87713115534814
1786889475,20,GET,/compute,42.400000,0.000000,120,120,120,120,120,130,130,130,420,420,420,10542,10,120,128.30076559468264,95.20010004052892,751.3697000104003,161.87763232783152
1786889475,20,,Aggregated,42.400000,0.000000,120,120,120,120,120,130,130,130,420,420,420,10542,10,120,128.30076559468264,95.20010004052892,751.3697000104003,161.87763232783152
1786889476,20,GET,/compute,42.700000,0.000000,120,120,120,120,120,130,130,130,420,420,420,10584,10,120,128.2575616590218,95.20010004052892,751.3697000104003,161.8781179138322
1786889476,20,,Aggregated,42.700000,0.000000,120,120,120,120,120,130,130,130,420,420,420,10584,10,120,128.2575616590218,95.20010004052892,751.3697000104003,161.8781179138322
1786889477,20,GET,/compute,42.700000,0.000000,120,120,120,120,120,130,130,130,420,420,420,10630,10,120,128.20372611466271,95.20010004052892,751.3697000104003,161.87864534336782
1786889477,20,,Aggregated,42.700000,0.000000,120,120,120,120,120,130,130,130,420,420,420,10630,10,120,128.20372611466271,95.20010004052892,751.3697000104003,161.87864534336782
1786889478,20,GET,/compute,43.000000,0.000000,120,120,120,120,120,130,130,130,420,420,420,10671,10,120,128.15489373057144,95.20010004052892,751.3697000104003,161.87911161090807
1786889478,20,,Aggregated,43.000000,0.000000,120,120,120,120,120,130,130,130,420,420,420,10671,10,120,128.15489373057144,95.20010004052892,751.3697000104003,161.87911161090807
1786889479,20,GET,/compute,43.000000,0.000000,120,120,120,120,120,130,130,130,420,420,420,10707,10,120,128.13257537111664,95.20010004052892,751.3697000104003,161.87951807228916
1786889479,20,,Aggregated,43.000000,0.000000,120,120,120,120,120,130,130,130,420,420,420,10707,10,120,128.13257537111664,95.20010004052892,751.3697000104003,161.87951807228916
1786889480,20,GET,/compute,42.700000,0.000000,120,120,120,120,130,130,420,430,440,440,440,10749,10,120,128.34779057572243,95.20010004052892,751.3697000104003,161.8799888361708
1786889480,20,,Aggregated,42.700000,0.000000,120,120,120,120,130,130,420,430,440,440,440,10749,10,120,128.34779057572243,95.20010004052892,751.3697000104003,161.8799888361708
1786889481,20,GET,/compute,43.000000,0.000000,120,120,120,120,130,130,420,430,440,440,440,10797,10,120,128.2986367786201,95.20010004052892,751.3697000104003,161.88052236732426
1786889481,20,,Aggregated,43.000000,0.000000,120,120,120,120,130,130,420,430,440,440,440,10797,10,120,128.2986367786201,95.20010004052892,751.3697000104003,161.88052236732426
1786889482,20,GET,/compute,42.600000,0.000000,120,120,120,120,130,130,420,430,440,440,440,10837,10,120,128.2505876994371,95.20010004052892,751.3697000104003,161.88096336624528
1786889482,20,,Aggregated,42.600000,0.000000,120,120,120,120,130,130,420,430,440,440,440,10837,10,120,128.2505876994371,95.20010004052892,751.3697000104003,161.88096336624528
1786889483,20,GET,/compute,42.500000,0.000000,120,120,120,120,120,130,420,430,440,440,440,10885,10,120,128.19295212669024,95.20010004052892,751.3697000104003,161.881488286633
1786889483,20,,Aggregated,42.500000,0.000000,120,120,120,120,120,130,420,430,440,440,440,10885,10,120,128.19295212669024,95.20010004052892,751.3697000104003,161.881488286633
1786889484,20,GET,/compute,42.800000,0.000000,120,120,120,120,130,130,420,430,440,440,440,10925,10,120,128.1442218946423,95.20010004052892,751.3697000104003,161.88192219679635
1786889484,20,,Aggregated,42.800000,0.000000,120,120,120,120,130,130,420,430,440,440,440,10925,10,120,128.1442218946423,95.20010004052892,751.3697000104003,161.88192219679635
1786889485,20,GET,/compute,42.700000,0.000000,120,120,120,120,130,130,420,430,440,440,440,10970,10,120,128.09367273465554,95.20010004052892,751.3697000104003,161.8824065633546
1786889485,20,,Aggregated,42.700000,0.000000,120,120,120,120,130,130,420,430,440,440,440,10970,10,120,128.09367273465554,95.20010004052892,751.3697000104003,161.8824065633546
1786889486,20,GET,/compute,42.300000,0.000000,120,120,120,120,120,130,420,430,440,440,440,11008,10,120,128.05460239817262,95.20010004052892,751.3697000104003,161.8828125
1786889486,20,,Aggregated,42.300000,0.000000,120,120,120,120,120,130,420,430,440,440,440,11008,10,120,128.05460239817262,95.20010004052892,751.3697000104003,161.8828125
1786889487,20,GET,/compute,42.300000,0.000000,120,120,120,120,120,130,420,430,440,440,440,11054,10,120,127.99597213668164,95.20010004052892,751.3697000104003,161.88330016283697
1786889487,20,,Aggregated,42.300000,0.000000,120,120,120,120,120,130,420,430,440,440,440,11054,10,120,127.99597213668164,95.20010004052892,751.3697000104003,161.88330016283697
1786889488,20,GET,/compute,42.300000,0.000000,120,120,120,120,120,130,400,430,440,440,440,11095,10,120,127.94363641271069,95.20010004052892,751.3697000104003,161.8837314105453
1786889488,20,,Aggregated,42.300000,0.000000,120,120,120,120,120,130,400,430,440,440,440,11095,10,120,127.94363641271069,95.20010004052892,751.3697000104003,161.8837314105453
1786889489,20,GET,/compute,42.200000,0.000000,120,120,120,120,120,130,130,140,440,440,440,11137,10,120,127.90214467086012,95.20010004052892,751.3697000104003,161.8841698841699
1786889489,20,,Aggregated,42.200000,0.000000,120,120,120,120,120,130,130,140,440,440,440,11137,10,120,127.90214467086012,95.20010004052892,751.3697000104003,161.8841698841699
1786889490,20,GET,/compute,42.300000,0.000000,120,120,120,120,120,130,130,130,140,140,140,11177,10,120,127.86121498606715,95.20010004052892,751.3697000104003,161.88458441442248
1786889490,20,,Aggregated,42.300000,0.000000,120,120,120,120,120,130,130,130,140,140,140,11177,10,120,127.86121498606715,95.20010004052892,751.3697000104003,161.88458441442248
1786889491,20,GET,/compute,42.100000,0.000000,120,120,120,120,120,130,130,130,140,140,140,11218,10,120,127.81332471913814,95.20010004052892,751.3697000104003,161.88500623997146
1786889491,20,,Aggregated,42.100000,0.000000,120,120,120,120,120,130,130,130,140,140,140,11218,10,120,127.81332471913814,95.20010004052892,751.3697000104003,161.88500623997146
1786889492,20,GET,/compute,42.400000,0.000000,120,120,120,120,120,130,160,270,450,450,450,11260,10,120,127.89109947597116,95.20010004052892,751.3697000104003,161.8854351687389
1786889492,20,,Aggregated,42.400000,0.000000,120,120,120,120,120,130,160,270,450,450,450,11260,10,120,127.89109947597116,95.20010004052892,751.3697000104003,161.8854351687389
1786889493,20,GET,/compute,42.200000,0.000000,120,120,120,120,130,140,420,430,450,450,450,11297,10,120,128.08163523056598,95.20010004052892,751.3697000104003,161.88581039213952
1786889493,20,,Aggregated,42.200000,0.000000,120,120,120,120,130,140,420,430,450,450,450,11297,10,120,128.08163523056598,95.20010004052892,751.3697000104003,161.88581039213952
1786889494,20,GET,/compute,41.100000,0.000000,120,120,120,120,130,140,420,430,450,450,450,11338,10,120,128.09551176572654,95.20010004052892,751.3697000104003,161.8862233198095
1786889494,20,,Aggregated,41.100000,0.000000,120,120,120,120,130,140,420,430,450,450,450,11338,10,120,128.09551176572654,95.20010004052892,751.3697000104003,161.8862233198095
1786889495,20,GET,/compute,41.800000,0.000000,120,120,120,120,130,260,420,430,470,470,470,11379,10,120,128.20941842867265,95.20010004052892,751.3697000104003,161.8866332718165
1786889495,20,,Aggregated,41.800000,0.000000,120,120,120,120,130,260,420,430,470,470,470,11379,10,120,128.20941842867265,95.20010004052892,751.3697000104003,161.8866332718165
1786889496,20,GET,/compute,41.000000,0.000000,120,120,120,120,130,260,420,430,470,470,470,11420,10,120,128.16091171628307,95.20010004052892,751.3697000104003,161.88704028021016
1786889496,20,,Aggregated,41.000000,0.000000,120,120,120,120,130,260,420,430,470,470,470,11420,10,120,128.16091171628307,95.20010004052892,751.3697000104003,161.88704028021016
1786889497,20,GET,/compute,41.000000,0.000000,120,120,120,120,130,260,420,430,470,470,470,11461,10,120,128.1147260448439,95.20010004052892,751.3697000104003,161.88744437658144
1786889497,20,,Aggregated,41.000000,0.000000,120,120,120,120,130,260,420,430,470,470,470,11461,10,120,128.1147260448439,95.20010004052892,751.3697000104003,161.88744437658144
1786889498,20,GET,/compute,40.600000,0.000000,120,120,120,120,130,260,420,430,470,470,470,11503,10,120,128.06622919236167,95.20010004052892,751.3697000104003,161.88785534208466
1786889498,20,,Aggregated,40.600000,0.000000,120,120,120,120,130,260,420,430,470,470,470,11503,10,120,128.06622919236167,95.20010004052892,751.3697000104003,161.88785534208466
1786889499,20,GET,/compute,40.700000,0.000000,120,120,120,120,130,260,420,430,470,470,470,11548,10,120,128.0215063127527,95.20010004052892,751.3697000104003,161.8882923449948
1786889499,20,,Aggregated,40.700000,0.000000,120,120,120,120,130,260,420,430,470,470,470,11548,10,120,128.0215063127527,95.20010004052892,751.3697000104003,161.8882923449948
1786889500,20,GET,/compute,40.700000,0.000000,120,120,120,120,150,270,420,430,470,470,470,11591,10,120,128.04587120176302,95.20010004052892,751.3697000104003,161.88870675524115
1786889500,20,,Aggregated,40.700000,0.000000,120,120,120,120,150,270,420,430,470,470,470,11591,10,120,128.04587120176302,95.20010004052892,751.3697000104003,161.88870675524115
1786889501,20,GET,/compute,40.700000,0.000000,120,120,120,120,150,280,430,440,470,470,470,11632,10,120,128.06151308455233,95.20010004052892,751.3697000104003,161.88909903713892
1786889501,20,,Aggregated,40.700000,0.000000,120,120,120,120,150,280,430,440,470,470,470,11632,10,120,128.06151308455233,95.20010004052892,751.3697000104003,161.88909903713892
1786889502,20,GET,/compute,40.800000,0.000000,120,120,120,120,130,260,430,430,470,470,470,11673,10,120,128.01766578424576,95.20010004052892,751.3697000104003,161.88948856335134
1786889502,20,,Aggregated,40.800000,0.000000,120,120,120,120,130,260,430,430,470,470,470,11673,10,120,128.01766578424576,95.20010004052892,751.3697000104003,161.88948856335134
1786889503,20,GET,/compute,41.300000,0.000000,120,120,120,120,130,160,270,320,470,470,470,11717,10,120,127.96332068785078,95.20010004052892,751.3697000104003,161.88990355893148
1786889503,20,,Aggregated,41.300000,0.000000,120,120,120,120,130,160,270,320,470,470,470,11717,10,120,127.96332068785078,95.20010004052892,751.3697000104003,161.88990355893148
1786889504,20,GET,/compute,42.000000,0.000000,120,120,120,120,130,150,270,320,470,470,470,11759,10,120,127.91664950246343,95.20010004052892,751.3697000104003,161.89029679394505
1786889504,20,,Aggregated,42.000000,0.000000,120,120,120,120,130,150,270,320,470,470,470,11759,10,120,127.91664950246343,95.20010004052892,751.3697000104003,161.89029679394505
1786889505,20,GET,/compute,41.400000,0.000000,110,120,120,120,120,130,150,260,460,460,460,11801,10,120,127.8687928395481,95.20010004052892,751.3697000104003,161.89068722989578
1786889505,20,,Aggregated,41.400000,0.000000,110,120,120,120,120,130,150,260,460,460,460,11801,10,120,127.8687928395481,95.20010004052892,751.3697000104003,161.89068722989578
1786889506,20,GET,/compute,42.300000,0.000000,110,120,120,120,120,130,150,260,460,460,460,11843,10,120,127.8229702946235,95.20010004052892,751.3697000104003,161.89107489656337
1786889506,20,,Aggregated,42.300000,0.000000,110,120,120,120,120,130,150,260,460,460,460,11843,10,120,127.8229702946235,95.20010004052892,751.3697000104003,161.89107489656337
1786889507,20,GET,/compute,42.000000,0.000000,120,120,120,120,120,130,150,260,460,460,460,11889,10,120,127.77722873237069,95.20010004052892,751.3697000104003,161.8914963411557
1786889507,20,,Aggregated,42.000000,0.000000,120,120,120,120,120,130,150,260,460,460,460,11889,10,120,127.77722873237069,95.20010004052892,751.3697000104003,161.8914963411557
1786889508,20,GET,/compute,41.900000,0.000000,120,120,120,120,130,140,300,440,460,460,460,11922,10,120,127.92994413682509,95.20010004052892,751.3697000104003,161.89179667840966
1786889508,20,,Aggregated,41.900000,0.000000,120,120,120,120,130,140,300,440,460,460,460,11922,10,120,127.92994413682509,95.20010004052892,751.3697000104003,161.89179667840966
1786889509,20,GET,/compute,42.000000,0.000000,120,120,120,120,130,140,300,440,460,460,460,11963,10,120,127.89588721051203,95.20010004052892,751.3697000104003,161.89216751650923
1786889509,20,,Aggregated,42.000000,0.000000,120,120,120,120,130,140,300,440,460,460,460,11963,10,120,127.89588721051203,95.20010004052892,751.3697000104003,161.89216751650923
1786889510,20,GET,/compute,42.500000,0.000000,120,120,120,120,130,130,250,320,450,450,450,12006,10,120,127.85767439607895,95.20010004052892,751.3697000104003,161.89255372313843
1786889510,20,,Aggregated,42.500000,0.000000,120,120,120,120,130,130,250,320,450,450,450,12006,10,120,127.85767439607895,95.20010004052892,751.3697000104003,161.89255372313843
1786889511,20,GET,/compute,41.500000,0.000000,120,120,120,120,130,130,250,320,450,450,450,12053,10,120,127.81069713760412,95.20010004052892,751.3697000104003,161.89297270389116
1786889511,20,,Aggregated,41.500000,0.000000,120,120,120,120,130,130,250,320,450,450,450,12053,10,120,127.81069713760412,95.20010004052892,751.3697000104003,161.89297270389116
1786889512,20,GET,/compute,41.400000,0.000000,120,120,120,120,130,130,250,320,450,450,450,12090,10,120,127.76773679897792,95.20010004052892,751.3697000104003,161.89330024813896
1786889512,20,,Aggregated,41.400000,0.000000,120,120,120,120,130,130,250,320,450,450,450,12090,10,120,127.76773679897792,95.20010004052892,751.3697000104003,161.89330024813896
1786889513,20,GET,/compute,41.100000,0.000000,120,120,120,120,130,130,250,320,450,450,450,12139,10,120,127.72754402335192,95.20010004052892,751.3697000104003,161.8937309498311
1786889513,20,,Aggregated,41.100000,0.000000,120,120,120,120,130,130,250,320,450,450,450,12139,10,120,127.72754402335192,95.20010004052892,751.3697000104003,161.8937309498311
1786889514,20,GET,/compute,41.500000,0.000000,120,120,120,120,130,130,250,320,450,450,450,12180,10,120,127.69197592773087,95.20010004052892,751.3697000104003,161.89408866995075
1786889514,20,,Aggregated,41.500000,0.000000,120,120,120,120,130,130,250,320,450,450,450,12180,10,120,127.69197592773087,95.20010004052892,751.3697000104003,161.89408866995075
1786889515,20,GET,/compute,41.400000,0.000000,120,120,120,120,130,130,250,320,450,450,450,12223,10,120,127.65370374701368,95.20010004052892,751.3697000104003,161.89446126155607
1786889515,20,,Aggregated,41.400000,0.000000,120,120,120,120,130,130,250,320,450,450,450,12223,10,120,127.65370374701368,95.20010004052892,751.3697000104003,161.89446126155607
1786889516,20,GET,/compute,41.800000,0.000000,120,120,120,120,130,130,260,410,450,450,450,12249,10,120,127.68195416768232,95.20010004052892,751.3697000104003,161.89468528043105
1786889516,20,,Aggregated,41.800000,0.000000,120,120,120,120,130,130,260,410,450,450,450,12249,10,120,127.68195416768232,95.20010004052892,751.3697000104003,161.89468528043105
1786889517,20,GET,/compute,41.600000,0.000000,120,120,120,120,130,330,440,450,740,740,740,12293,10,120,128.12536284064998,95.20010004052892,751.3697000104003,161.89506223053772
1786889517,20,,Aggregated,41.600000,0.000000,120,120,120,120,130,330,440,450,740,740,740,12293,10,120,128.12536284064998,95.20010004052892,751.3697000104003,161.89506223053772
